REPORT_RECEIVED_DATE	IYEAR	REPORT_NUMBER	SUPPLEMENTAL_NUMBER	REPORT_TYPE	OPERATOR_ID	NAME	OPERATOR_STREET_ADDRESS	OPERATOR_CITY_NAME	OPERATOR_STATE_ABBREVIATION	OPERATOR_POSTAL_CODE	LOCAL_DATETIME	TIME_ZONE	DAYLIGHT_SAVINGS_IND	LOCATION_LATITUDE	LOCATION_LONGITUDE	COMMODITY_RELEASED_TYPE	COMMODITY_SUBTYPE	COMMODITY_DETAILS	UNINTENTIONAL_RELEASE_BBLS	INTENTIONAL_RELEASE_BBLS	RECOVERED_BBLS	FATALITY_IND	NUM_EMP_FATALITIES	NUM_CONTR_FATALITIES	NUM_ER_FATALITIES	NUM_WORKER_FATALITIES	NUM_GP_FATALITIES	FATAL	INJURY_IND	NUM_EMP_INJURIES	NUM_CONTR_INJURIES	NUM_ER_INJURIES	NUM_WORKER_INJURIES	NUM_GP_INJURIES	INJURE	ACCIDENT_IDENTIFIER	ACCIDENT_DETAILS	OPERATOR_TYPE	INCIDENT_IDENTIFIED_DATETIME	ON_OFF_SHORE	COMMUNICATION_STATE_FED_IND	PARTY_INITIATED_COMMUNICATION	INITIAL_RESPONDER_COM_DATETIME	ON_SITE_DATETIME	NRC_RPT_DATETIME	NRC_RPT_NUM	ADDITIONAL_NRC_REPORT_NUMBERS	IGNITE_IND	IGNITE_DATETIME	HOW_EXTINGUISHED	HOW_EXTINGUISHED_OTHER_DETAIL	PRODUCT_CONSUMED_BY_FIRE_BBLS	EXPLODE_IND	OIL_SPILL_RESP_PLAN_IND	OSRO_MOBILIZED_IND	OSRO_OPERATOR_NOTIFIED_DT	OSRO_ARRIVED_ON_SITE_DT	NUM_PUB_EVACUATED	ONSHORE_STATE_ABBREVIATION	ONSHORE_CITY_NAME	ONSHORE_COUNTY_NAME	FEDERAL	LOCATION_TYPE	CROSSING	BRIDGE_CROSSING_IND	BRIDGE_TYPE	RAILROAD_CROSSING_IND	RAILROAD_TYPE	ROAD_CROSSING_IND	ROAD_TYPE	WATER_CROSSING_IND	WATER_TYPE	WATER_NAME	WATER_DEPTH	WATER_SUBTYPE	YEAR_RECENT_ENG_EVALUATION	OFF_ACCIDENT_ORIGIN	OFFSHORE_STATE_ABBREVIATION	OFF_INSTATE_AREA	OFF_INSTATE_BLOCK	OFFSHORE_COUNTY_NAME	OCS_TYPE	OFF_OCS_AREA	OFF_OCS_BLOCK	ITEM_INVOLVED	PIPE_TYPE	JOINT_SUBTYPE	ITEM_INVOLVED_DETAILS	PIPE_DIAMETER	MATERIAL_INVOLVED	MATERIAL_DETAILS	PERCENT_PIPE_SMYS	CLASSIFICATION_PIPELINE_SYSTEM	WILDLIFE_IMPACT_IND	FISH_AQUATIC_IMPACT_IND	BIRDS_IMPACT_IND	TERRESTRIAL_IMPACT_IND	SOIL_CONTAMINATION	LONG_TERM_ASSESSMENT	REMEDIATION_IND	SURFACE_WATER_REMED_IND	GROUNDWATER_REMED_IND	SOIL_REMED_IND	VEGETATION_REMED_IND	WILDLIFE_REMED_IND	WATER_CONTAM_IND	OCEAN_SEAWATER_IND	SURFACE_CONTAM_IND	GROUNDWATER_CONTAM_IND	DRINKING_WATER_CONTAM_IND	PRIVATE_WELL_CONTAM_IND	PUBLIC_WATER_CONTAM_IND	AMOUNT_RELEASED_BBLS	REL_WATER_NAME	EST_COST_OPER_PAID	EST_COST_GAS_RELEASED	EST_COST_PROP_DAMAGE	EST_COST_EMERGENCY	EST_COST_ENVIRONMENTAL	EST_COST_OTHER	EST_COST_OTHER_DETAILS	PRPTY	NUM_PERSONS_HOSP_NOT_OVNGHT	NUM_INJURED_TREATED_BY_EMT	NUM_RESIDENT_BUILDING_AFFCTD	NUM_BUSINESS_BUILDING_AFFCTD	CAUSE	CAUSE_DETAILS	PREPARER_NAME	PREPARER_TITLE	PREPARER_EMAIL	PREPARER_TELEPHONE	PREPARER_FAX	LOCAL_CONTACT_NAME	LOCAL_CONTACT_EMAIL	LOCAL_CONTACT_TELEPHONE	NARRATIVE
7/7/2023	2023	20230056	38252	ORIGINAL FINAL	40149	MPLX LP	1515 ARAPAHOE STREET SUITE 1600	DENVER	CO	80202	5/17/2023 15:15	CENTRAL	NO	35.81397	-98.08519	CRUDE OIL			1780		765	NO						0	NO						0	NOTIFICATION FROM PUBLIC			5/17/2023 15:15	ONSHORE	NO			5/17/2023 15:15	5/17/2023 16:17	1367530		NO						YES	YES	5/17/2023 16:45	5/17/2023 18:15	0	OK	KINGFISHER	KINGFISHER	NO	PIPELINE RIGHT-OF-WAY	NO																					PIPE	PIPE BODY			6.625	CARBON STEEL		13.6	REPORTING-REGULATED GATHERING	YES			YES	YES	NO	YES	YES		YES			YES		YES					700	LIVESTOCK POND	0	72750	224965	0	1250000	225000	E&P EXEMPT WASTE DISPOSAL	1772715	0	0	0	0	CORROSION FAILURE	INTERNAL CORROSION	KEITH NORRIS	PIPELINE COMPLIANCE	wknorris@mplx.com	15053600834		TONY MINUTILLO	tminutillo@mplx.com	3034893275	ON 05/17/2023 AT 14:40 CENTRAL TIME, MPLX RECEIVED A CALL FROM A LANDOWNER SAYING THEY BELIEVED A PIPELINE WAS LEAKING ON THEIR PROPERTY. AT 15:15 CT, MPLX OPERATIONS, SAFETY, AND ENVIRONMENTAL PERSONNEL ARRIVED AT THE SITE. THE PIPELINE WAS SHUT IN UPSTREAM AND DOWNSTREAM OF THE LEAK TO VERIFY THAT THE LEAK WAS OUR PIPELINE. AN INTERNAL CONFERENCE CALL WAS INITIATED BETWEEN DEPARTMENTS TO IMPLEMENT EMERGENCY RESPONSE AND STAND-UP ICS. AT 16:17, NRC WAS NOTIFIED OF THE INCIDENT, CASE NO. 136753OVARRTI. AFTER NRC NOTIFICATION, PLANNING, AND LOGISTICS OPERATIONS BEGAN IN ORDER TO REPAIR THE LINE, CONTAIN THE SPILL, AND PLAN THE REMEDIATION.     ON 05/18/2023 AT 07:30, PERSONNEL AND CONTACTORS ARRIVED AT THE ESTABLISHED EMERGENCY OPERATIONS CENTER TO ESTABLISH A PLAN TO EXCAVATE AND REPAIR THE PIPE WHILE THE CONTAINMENT OF THE SPILL WAS TAKING PLACE. THE LANDOWNER AND INTERESTED AGENCIES WERE CONTACTED TO EITHER PROVIDE UPDATES OR ENSURE NOTIFICATION HAD OCCURRED. CONTAINMENT WAS COMPLETED, AND THE CONTRACTOR BEGAN 24-HR SKIMMING OPERATIONS.     ON 5/19/2023, CONTAINMENT AND SKIMMING OPERATIONS CONTINUED WHILE EXCAVATION OF THE AFFECTED LINE WAS CONDUCTED. REMOVAL OF THE PIPE SECTION BEGAN AT 17:30, AND REPAIR OPERATIONS WERE HALTED AT 24:00 AFTER THE TIE-IN HAD BEEN COMPLETED. AT THIS POINT, THE PIPE SECTION HAD BEEN REMOVED, THE TIE-IN OF THE NEW SECTION WAS COMPLETE, AND REMEDIATION ACTIVITIES CONTINUED.     ON 5/20/2023, FINALIZATION OF THE NEW PIPE SECTION TIE-IN WAS COMPLETED TO INCLUDE X-RAY VERIFICATION OF WELDS. AFTER CONFIRMATION OF CONNECTION, OPERATIONS COMMENCED LINE FILLING AND PLACED THE LINE BACK IN SERVICE AT 15:00. SKIMMING AND REMEDIATION OF THE IMPACTED AREA CONTINUED. AT THE END OF REPAIR OPERATIONS AND BRINGING THE LINE BACK INTO SERVICE, THE ICS RESPONSE WAS STOOD-DOWN.
6/16/2023	2023	20230050	38305	SUPPLEMENTAL FINAL	32099	ENERGY TRANSFER COMPANY	1300 MAIN STREET 	HOUSTON	TX	77002	5/16/2023 14:30	CENTRAL	YES	34.682804	-97.724144	CRUDE OIL			2		2	NO						0	NO						0	NOTIFICATION FROM PUBLIC			5/16/2023 14:00	ONSHORE	NO			5/16/2023 14:30		NRC NOTIFICATION NOT REQUIRED		NO						YES	NO			0	OK	COX CITY	STEPHENS	NO	PIPELINE RIGHT-OF-WAY	NO																					OTHER			TRAP DOOR VENT PLUG		CARBON STEEL		3.125	REPORTING-REGULATED GATHERING	NO				YES	NO	YES			YES			NO									1500	0	10	7500	3000	0		12010	0	0	0	0	INCORRECT OPERATION	VALVE LEFT OR PLACED IN WRONG POSITION, BUT NOT RESULTING IN A TANK, VESSEL, OR SUMP/SEPARATOR OVERFLOW OR FACILITY OVERPRESSURE	TODD NARDOZZI	DIRECTOR - REGULATORY COMPLIANCE	todd.nardozzi@energytransfer.com	713-989-7126					ON 5/16/23 AT APPROXIMATELY 14:00, A LANDOWNER NOTIFIED OPERATIONS OF A LEAK ON THE 553029 - COX CITY GATHERING - 4-INCH COX CITY LINE. ONCE ON-SITE, OPERATIONS NOTICED THE TRAP DOOR VENT PLUG FAILED RELEASING 2 BARRELS OF CRUDE OIL. THE VENT PLUG WAS FOUND ON THE GROUND ABOUT 3FT FROM THE TRAP. THE TRAP WAS ISOLATED AND REMOVED FOR INSPECTION. ALL RELEASED PRODUCT WAS CLEANED UP.    AN INVESTIGATION DETERMINED THE FAILURE WAS CAUSED BY VIBRATION THAT OCCURS DURING MAINTENANCE PIG RUNS. THE TIGHTNESS OF THIS PLUG WAS NOT CHECKED PRIOR TO MAINTENANCE PIG RUNS. THE CLOSURE DOOR VENT PLUG WAS REPLACED AND TIGHTENED.    TO PREVENT REOCCURRENCE, GOING FORWARD OPERATIONS PERSONNEL WILL ENSURE CLOSURE DOOR VENT PLUG IS TIGHTENED BEFORE ANY PIGGING OPERATIONS ARE BEGUN.     SUPPLEMENTAL & FINAL - PHMSA REQUESTED TO UPDATE CAUSE TO INCORRECT OPERATION.
6/21/2023	2023	20230053	38197	ORIGINAL FINAL	300	PLAINS PIPELINE, L.P.	333 CLAY STREET, SUITE 1900  	HOUSTON	TX	77002	5/12/2023 18:00	CENTRAL	YES	32.709306	-103.897583	CRUDE OIL			1.5		1.5	NO						0	NO						0	AIR PATROL		CONTRACTOR WORKING FOR THE OPERATOR	5/22/2023 10:30	ONSHORE	NO			5/22/2023 10:40		NRC NOTIFICATION NOT REQUIRED		NO						YES	NO			0	NM	NOT WITHIN A MUNICIPALITY	EDDY	NO	PIPELINE RIGHT-OF-WAY	NO																					PIPE	PIPE SEAM			8	CARBON STEEL		0.39	REPORTING-REGULATED GATHERING	NO				YES	NO	NO						NO									0	105	25000	15000	0	0		40105	0	0	0	0	CORROSION FAILURE	INTERNAL CORROSION	NICOLAS GONZALEZ	SUPERVISOR HSE-REGULATORY COMPLIANCE	nicolas.gonzalez@plains.com	7136464376		NICOLAS GONZALEZ	nicolas.gonzalez@plains.com	7136464376	APPROXIMATELY 1.5 BARRELS OF CRUDE OIL WERE RELEASED FROM THE SEG 1 LAT 4 8INCH PIPELINE. THE DATE AND TIME OF THE RELEASE (PART A Q4) IS INDICATIVE OF THE EARLIEST POSSIBLE TIME THE RELEASE COULD HAVE STARTED BASED ON THE RIGHT-OF-WAY INSPECTION SCHEDULE. THE APPARENT CAUSE OF THE RELEASE IS ATTRIBUTED TO INTERNAL CORROSION. TO PREVENT FUTURE INCIDENTS, PLAINS INSTALLED A CLAMP TO STOP THE IMMEDIATE RELEASE AND IS FURTHER INVESTIGATING METHODS OF REPAIR SUCH AS CUT-OUT AND REPLACEMENT OF THE FAILED SECTION OF PIPE.
6/7/2023	2023	20230049	38290	SUPPLEMENTAL FINAL	39649	IRONWOOD MIDSTREAM ENERGY PARTNERS, LLC	15727 ANTHEM PARKWAY, SUITE 510 	SAN ANTONIO	TX	78249	5/10/2023 7:00	CENTRAL	YES	28.520903	-99.407528	CRUDE OIL			0.23		0	NO						0	NO						0	OTHER	THIRD-PARTY OPERATOR		5/10/2023 7:30	ONSHORE	NO			5/10/2023 7:30		NRC NOTIFICATION NOT REQUIRED		NO						NO	NO			0	TX	Not Within a Municipality	DIMMIT COUNTY	NO	TOTALLY CONTAINED ON OPERATOR-CONTROLLED PROPERTY	NO																					OTHER			PUMP SEAL		MATERIAL OTHER THAN CARBON STEEL	PUMP SEAL		REPORTING-REGULATED GATHERING	NO				YES	NO	NO						NO									0	40	3500	1750	250	0		5540	0	0	0	0	INCORRECT OPERATION	OTHER INCORRECT OPERATION 	CHRIS WILLIAMS	REGULATORY COMPLIANCE MANAGER	chris.williams@ironwoodmidstream.com	8067596499		CHRIS WILLIAMS	chris.williams@ironwoodmidstream.com	8067596499	ON MAY 10, 2023, AT APPROXIMATELY 7:00 AM, A THIRD-PARTY PRODUCER WAS PROVING THEIR TRUCK OFFLOAD LACT, THIS LACT IS FED BY THE SAME PIPING MANIFOLD AS IRONWOOD'S LACT CAUSING A LACK OF CRUDE AVAILABLE FOR IRONWOOD'S LACT AND ULTIMATELY CAUSED A SEAL FAILURE ON IRONWOOD'S PUMP. IRONWOOD OPERATIONS ARRIVED AND THE PUMP WAS SHUT DOWN STOPPING THE LEAK AT APPROXIMATELY 7:30 AM. THE ESTIMATED RELEASE VOLUME IS 9.66 GALLONS, .23 BARREL, THE SPILL WAS CLEANED UP PROMPTLY THE SAME DAY. THERE WERE NO INJURIES, EVACUATIONS, OR FIRE AS A RESULT OF THE RELEASE.     TO PREVENT RE-OCCURRENCE, IRONWOOD LACTS WILL NOT BE OPERATED WHILE A THIRD-PARTY OPERATOR IS PROVING FROM THE SAME PIPING MANIFOLD. CONTROL ROOM OPERATOR WILL VERIFY THE PROVING HAS BEEN COMPLETE PRIOR TO STARTING THE LACT.
6/5/2023	2023	20230046	38134	ORIGINAL	31878	BRIDGER PIPELINE LLC	455 N. POPLAR ST. 	CASPER	WY	82602	5/6/2023 9:06	MOUNTAIN	YES	43.624936	-105.494388	CRUDE OIL			700		560	NO						0	NO						0	NOTIFICATION FROM PUBLIC			5/6/2023 9:30	ONSHORE	YES	OPERATOR	5/6/2023 13:10	5/6/2023 10:30		NRC NOTIFICATION NOT REQUIRED		NO						YES	NO			0	WY	Not Within a Municipality	CAMPBELL	YES	PIPELINE RIGHT-OF-WAY	NO																					PIPE	PIPE BODY			8	CARBON STEEL		15.44	REPORTING-REGULATED GATHERING	NO				YES	NO	YES			YES			NO									140000	47600	14600	141766	2500000	0		2843966	0	0	0	0	CORROSION FAILURE	INTERNAL CORROSION	DOUG THACKER	COMPLIANCE COORDINATOR	doug.thacker@truecos.com	307-266-0320					"AT APPROXIMATELY 9:06 A.M. ON MAY 06, 2023, A THIRD PARTY CALLED THE BRIDGER PIPELINE LLC CONTROL CENTER TO REPORT A POTENTIAL CRUDE OIL LEAK ON THE BRIDGER PIPELINE LLC BOLT TO HWY 450 8"" GATHERING PIPELINE.  THE CONTROL CENTER OPERATOR PROMPTLY CONTACTED THE WRIGHT AREA SUPERVISOR AND PROVIDED HIM THE LOCATION INFORMATION TO FOLLOW UP ON THE REPORTED LEAK.  THE AREA SUPERVISOR SUBSEQUENTLY RESPONDED TO THE REPORTED LOCATION AND ARRIVED ON SITE AT APPROXIMATELY 9:30 A.M..  HE VERIFIED THE LEAK WAS ON THE BOLT TO HWY 450 8"" GATHERING PIPELINE AND PROMPTLY CONTACTED A COUPLE OF OTHER COMPANY EMPLOYEES IN THE AREA AND HAD THEM ISOLATE THE LINE SEGMENT BY CLOSING THE NEAREST UPSTREAM AND DOWNSTREAM BLOCK VALVES.  WHILE AT THE LEAK SITE, THE AREA SUPERVISOR WAS MADE AWARE OF TWO ADDITIONAL POTENTIAL CRUDE OIL LEAKS ON THE SAME 8"" PIPELINE.  SINCE THEIR LOCATION WAS CLOSE, HE SUBSEQUENTLY RESPONDED TO THE OTHER LOCATIONS AND VERIFIED CRUDE OIL LEAKS AT EACH LOCATION.  (PLEASE REFERENCE 05/06/2023 PHMSA F7000-2 REPORTS FOR BRIDGER PIPELINE LLC LEAKS LOCATED AT GPS LOCATIONS 43.623636,-105.504638 AND 43.622928,-105.511763.)   AFTER VERIFYING ALL 3 LEAKS, THE AREA SUPERVISOR CONTACTED OPERATIONS MANAGEMENT AND INFORMED THEM ABOUT THE LEAKS.    SHORTLY AFTER DISCOVERING THE LEAK, THE COMPANY PIPELINE MAINTENANCE CREW AND ADDITIONAL CONTRACTOR RESOURCES WERE MOBILIZED AND BEGAN ARRIVING TO THE LOCATION AT APPROXIMATELY 10:30 A.M..  THEY PROMPTLY BEGAN WORK ON CONTAINING ALL FREE LIQUIDS.  ONCE THE LEAK WAS CONTAINED, THE PIPELINE WAS EXCAVATED AND EXPOSED.  AFTER THE LINE WAS EXPOSED, A VISUAL EXAMINATION REVEALED A SMALL LEAK ON THE BOTTOM OF THE PIPE.  A LEAK CLAMP WAS SUBSEQUENTLY INSTALLED TO STOP THE LEAK AND THE PIPELINE MAINTENANCE CREW AND ADDITIONAL CONTRACTOR RESOURCES BEGAN CLEANUP OPERATIONS AT THE LOCATION.    AFTER THE IMMEDIATE LEAK LOCATION WAS CLEANED UP, THE SECTION OF PIPE WITH THE LEAK WAS CUTOUT AND REPLACED.  THE REMOVED SECTION OF PIPE WAS CUT OPEN AND FIELD EMPLOYEES VERIFIED THE LEAK WAS DUE TO INTERNAL CORROSION.  THE LINE SEGMENT IS STILL OUT OF SERVICE AT THIS TIME AND SCHEDULED TO BE INSPECTED WITH AN INLINE INSPECTION TOOL.  IF ANY ADDITIONAL REPAIRS ARE NEEDED AS A RESULT OF THE INLINE INSPECTION, THEY WILL BE COMPLETED BEFORE THE LINE SEGMENT IS PLACED BACK INTO SERVICE.    THE LEAK DID NOT IMPACT ANY SURFACE WATER, GROUND WATER OR WILDLIFE; HOWEVER, AN APPROXIMATE 5,808 FT. LONG BY AVERAGE 50 FT. WIDE AREA OF SOIL WAS CONTAMINATED.  ALL CONTAMINATED SOILS ARE BEING EXCAVATED AND MANAGED IN ACCORDANCE WITH WYOMING DEPARTMENT OF ENVIRONMENTAL QUALITY REQUIREMENTS.    THE LEAK DID MEET WYOMING DEQ SPILL REPORTING REQUIREMENTS, SO THEY WERE NOTIFIED AND AN ONLINE WYOMING DEQ SPILL REPORT WAS SUBSEQUENTLY COMPLETED.  BECAUSE THE LEAK DID NOT REACH OR IMPACT ANY WATER SOURCES NO NRC NOTIFICATION WAS MADE."
6/5/2023	2023	20230047	38135	ORIGINAL	31878	BRIDGER PIPELINE LLC	455 N. POPLAR ST. 	CASPER	WY	82602	5/6/2023 9:06	MOUNTAIN	YES	43.623636	-105.504638	CRUDE OIL			150		120	NO						0	NO						0	NOTIFICATION FROM PUBLIC			5/6/2023 9:45	ONSHORE	YES	OPERATOR	5/6/2023 13:10	5/6/2023 10:30		NRC NOTIFICATION NOT REQUIRED		NO						YES	NO			0	WY	Not Within a Municipality	CAMPBELL	NO	PIPELINE RIGHT-OF-WAY	NO																					PIPE	PIPE BODY			8	CARBON STEEL		15.44	REPORTING-REGULATED GATHERING	NO				YES	NO	YES			YES			NO									30000	10200	14600	30378	350000	0		435178	0	0	0	0	CORROSION FAILURE	INTERNAL CORROSION	DOUG THACKER	COMPLIANCE COORDINATOR	doug.thacker@truecos.com	307-266-0320					"AT APPROXIMATELY 9:06 A.M. ON MAY 06, 2023, A THIRD PARTY CALLED THE BRIDGER PIPELINE LLC CONTROL CENTER TO REPORT A POTENTIAL CRUDE OIL LEAK ON THE BRIDGER PIPELINE LLC BOLT TO HWY 450 8"" GATHERING PIPELINE.  THE CONTROL CENTER OPERATOR PROMPTLY CONTACTED THE WRIGHT AREA SUPERVISOR AND PROVIDED HIM THE LOCATION INFORMATION TO FOLLOW UP ON THE REPORTED LEAK.  THE AREA SUPERVISOR SUBSEQUENTLY RESPONDED TO THE REPORTED LOCATION AND ARRIVED ON SITE AT APPROXIMATELY 9:30 A.M..  WHILE AT THE LEAK SITE THAT WAS INITIALLY REPORTED, THE AREA SUPERVISOR WAS MADE AWARE OF TWO ADDITIONAL POTENTIAL CRUDE OIL LEAKS ON THE SAME 8"" PIPELINE.  SINCE THEIR LOCATION WAS CLOSE, HE SUBSEQUENTLY RESPONDED TO THE OTHER LOCATIONS AND VERIFIED CRUDE OIL LEAKS AT EACH LOCATION.  (PLEASE REFERENCE 05/06/2023 PHMSA F7000-2 REPORTS FOR BRIDGER PIPELINE LLC LEAKS LOCATED AT GPS LOCATIONS 43.624936,-105.494388 AND 43.622928,-105.511763.)   AFTER VERIFYING ALL 3 LEAKS, THE AREA SUPERVISOR CONTACTED OPERATIONS MANAGEMENT AND INFORMED THEM ABOUT THE LEAKS.    SHORTLY AFTER DISCOVERING THE LEAKS, THE COMPANY PIPELINE MAINTENANCE CREW AND ADDITIONAL CONTRACTOR RESOURCES WERE MOBILIZED AND BEGAN ARRIVING TO THE 3 LEAK LOCATIONS AT APPROXIMATELY 10:30 A.M..  THEY PROMPTLY BEGAN WORK ON CONTAINING ALL FREE LIQUIDS.  ONCE THE LEAK WAS CONTAINED, THE PIPELINE WAS EXCAVATED AND EXPOSED.  AFTER THE LINE WAS EXPOSED, A VISUAL EXAMINATION REVEALED A SMALL LEAK ON THE BOTTOM OF THE PIPE.  A LEAK CLAMP WAS SUBSEQUENTLY INSTALLED TO STOP THE LEAK AND COMPANY PERSONNEL AND ADDITIONAL CONTRACTOR RESOURCES BEGAN CLEANUP OPERATIONS AT THE LOCATION.    AFTER THE IMMEDIATE LEAK LOCATION WAS CLEANED UP, THE SECTION OF PIPE WITH THE LEAK WAS CUTOUT AND REPLACED.  THE REMOVED SECTION OF PIPE WAS CUT OPEN AND FIELD EMPLOYEES VERIFIED THE LEAK WAS DUE TO INTERNAL CORROSION.  THE LINE SEGMENT IS STILL OUT OF SERVICE AT THIS TIME AND SCHEDULED TO BE INSPECTED WITH AN INLINE INSPECTION TOOL.  IF ANY ADDITIONAL REPAIRS ARE NEEDED AS A RESULT OF THE INLINE INSPECTION, THEY WILL BE COMPLETED BEFORE THE LINE SEGMENT IS PLACED BACK INTO SERVICE.    THE LEAK DID NOT IMPACT ANY SURFACE WATER, GROUND WATER OR WILDLIFE; HOWEVER, AN APPROXIMATE 600 FT. LONG BY 100 FT. WIDE AREA OF SOIL WAS CONTAMINATED.  ALL CONTAMINATED SOILS ARE BEING EXCAVATED AND MANAGED IN ACCORDANCE WITH WYOMING DEPARTMENT OF ENVIRONMENTAL QUALITY REQUIREMENTS.    THE LEAK DID MEET WYOMING DEQ SPILL REPORTING REQUIREMENTS, SO THEY WERE NOTIFIED AND AN ONLINE WYOMING DEQ SPILL REPORT WAS SUBSEQUENTLY COMPLETED.  BECAUSE THE LEAK DID NOT REACH OR IMPACT ANY WATER SOURCES NO NRC NOTIFICATION WAS MADE."
6/5/2023	2023	20230048	38136	ORIGINAL	31878	BRIDGER PIPELINE LLC	455 N. POPLAR ST. 	CASPER	WY	82602	5/6/2023 9:06	MOUNTAIN	YES	43.622928	-105.511763	CRUDE OIL			150		120	NO						0	NO						0	NOTIFICATION FROM PUBLIC			5/6/2023 9:45	ONSHORE	YES	OPERATOR	5/6/2023 13:10	5/6/2023 10:30		NRC NOTIFICATION NOT REQUIRED		NO						YES	NO			0	WY	Not Within a Municipality	CAMPBELL	NO	PIPELINE RIGHT-OF-WAY	NO																					PIPE	PIPE BODY			8	CARBON STEEL		15.44	REPORTING-REGULATED GATHERING	NO				YES	NO	YES			YES			NO									30000	10200	14600	30378	275000	0		360178	0	0	0	0	CORROSION FAILURE	INTERNAL CORROSION	DOUG THACKER	COMPLIANCE COORDINATOR	doug.thacker@truecos.com	307-266-0320					"AT APPROXIMATELY 9:06 A.M. ON MAY 06, 2023, A THIRD PARTY CALLED THE BRIDGER PIPELINE LLC CONTROL CENTER TO REPORT A POTENTIAL CRUDE OIL LEAK ON THE BRIDGER PIPELINE LLC BOLT TO HWY 450 8"" GATHERING PIPELINE.  THE CONTROL CENTER OPERATOR PROMPTLY CONTACTED THE WRIGHT AREA SUPERVISOR AND PROVIDED HIM THE LOCATION INFORMATION TO FOLLOW UP ON THE REPORTED LEAK.  THE AREA SUPERVISOR SUBSEQUENTLY RESPONDED TO THE REPORTED LOCATION AND ARRIVED ON SITE AT APPROXIMATELY 9:30 A.M..  WHILE AT THE LEAK SITE THAT WAS INITIALLY REPORTED, THE AREA SUPERVISOR WAS MADE AWARE OF TWO ADDITIONAL POTENTIAL CRUDE OIL LEAKS ON THE SAME 8"" PIPELINE.  SINCE THEIR LOCATION WAS CLOSE, HE SUBSEQUENTLY RESPONDED TO THE OTHER LOCATIONS AND VERIFIED CRUDE OIL LEAKS AT EACH LOCATION.  (PLEASE REFERENCE 05/06/2023 PHMSA F7000-2 REPORTS FOR BRIDGER PIPELINE LLC LEAKS LOCATED AT GPS LOCATIONS 43.624936,-105.494388 AND 43.623636,-105.504638.)   AFTER VERIFYING ALL 3 LEAKS, THE AREA SUPERVISOR CONTACTED OPERATIONS MANAGEMENT AND INFORMED THEM ABOUT THE LEAKS.    SHORTLY AFTER DISCOVERING THE LEAKS, THE COMPANY PIPELINE MAINTENANCE CREW AND ADDITIONAL CONTRACTOR RESOURCES WERE MOBILIZED AND BEGAN ARRIVING TO THE 3 LEAK LOCATIONS AT APPROXIMATELY 10:30 A.M..  THEY PROMPTLY BEGAN WORK ON CONTAINING ALL FREE LIQUIDS.  ONCE THE LEAK WAS CONTAINED, THE PIPELINE WAS EXCAVATED AND EXPOSED.  AFTER THE LINE WAS EXPOSED, A VISUAL EXAMINATION REVEALED A SMALL LEAK ON THE BOTTOM OF THE PIPE.  A LEAK CLAMP WAS SUBSEQUENTLY INSTALLED TO STOP THE LEAK AND COMPANY PERSONNEL AND ADDITIONAL CONTRACTOR RESOURCES BEGAN CLEANUP OPERATIONS AT THE LOCATION.    AFTER THE IMMEDIATE LEAK LOCATION WAS CLEANED UP, THE SECTION OF PIPE WITH THE LEAK WAS CUTOUT AND REPLACED.  THE REMOVED SECTION OF PIPE WAS CUT OPEN AND FIELD EMPLOYEES VERIFIED THE LEAK WAS DUE TO INTERNAL CORROSION.  THE LINE SEGMENT IS STILL OUT OF SERVICE AT THIS TIME AND SCHEDULED TO BE INSPECTED WITH AN INLINE INSPECTION TOOL.  IF ANY ADDITIONAL REPAIRS ARE NEEDED AS A RESULT OF THE INLINE INSPECTION, THEY WILL BE COMPLETED BEFORE THE LINE SEGMENT IS PLACED BACK INTO SERVICE.    THE LEAK DID NOT IMPACT ANY SURFACE WATER, GROUND WATER OR WILDLIFE; HOWEVER, AN APPROXIMATE 400 FT. LONG BY 100 FT. WIDE AREA OF SOIL WAS CONTAMINATED.  ALL CONTAMINATED SOILS ARE BEING EXCAVATED AND MANAGED IN ACCORDANCE WITH WYOMING DEPARTMENT OF ENVIRONMENTAL QUALITY REQUIREMENTS.    THE LEAK DID MEET WYOMING DEQ SPILL REPORTING REQUIREMENTS, SO THEY WERE NOTIFIED AND AN ONLINE WYOMING DEQ SPILL REPORT WAS SUBSEQUENTLY COMPLETED.  BECAUSE THE LEAK DID NOT REACH OR IMPACT ANY WATER SOURCES NO NRC NOTIFICATION WAS MADE."
6/2/2023	2023	20230045	38121	ORIGINAL FINAL	32099	ENERGY TRANSFER COMPANY	1300 MAIN STREET 	HOUSTON	TX	77002	5/3/2023 8:36	CENTRAL	YES	31.668823	-103.18055	CRUDE OIL			46		46	NO						0	NO						0	OTHER	THIRD PARTY PRODUCER		5/3/2023 8:36	ONSHORE	NO			5/3/2023 9:00	5/3/2023 9:42	1366259	1366420	NO						YES	NO			0	TX	WINK	WINKLER	NO	ORIGINATED ON OPERATOR-CONTROLLED PROPERTY, BUT THEN FLOWED OR MIGRATED OFF THE PROPERTY	NO																					OTHER			VALVE & GASKET		CARBON STEEL		14	REPORTING-REGULATED GATHERING	NO				YES	NO	YES			YES			NO									0	375	7000	1800	48000	0		57175	0	0	0	0	CORROSION FAILURE	INTERNAL CORROSION	TODD NARDOZZI		todd.nardozzi@energytransfer.com	713-989-7126					ON 5/3/2023 AT APPROXIMATELY 8:36, THE CONTROL CENTER RECEIVED A CALL FROM A THIRD PARTY ABOUT A POTENTIAL LEAK AT TARGA BROOK. THE CONTROLLER SHUT DOWN, CLOSED ALL REMOTE VALVES, AND MADE ALL PROPER NOTIFICATIONS. ONCE ONSITE, A PIPELINE TECH CONFIRMED THE LEAK AND ISOLATED VALVES LOCALLY.    APPROXIMATELY 46 BARRELS OF CRUDE OIL WAS RELEASED. ALL FREE PRODUCT WAS RECOVERED AND CONTAMINATED SOIL REMOVED.    THE CAUSE OF THE SPILL WAS DETERMINED TO BE INTERNAL CORROSION ON VALVE AND GASKET.    THE FAILED VALVE WAS REMOVED AND A BLIND FLANGE WAS INSTALLED.  THE LINE WAS RESTARTED.    TO PREVENT REOCCURRENCES, OPERATIONS WILL CONDUCT OUT OF SERVICE MAINTENANCE ON ALL PIPES THAT ARE OUT OF SERVICE FOR AT LEAST 3 MONTHS.  MAINTENANCE MAY INCLUDE PURGING OF PRODUCT AND CORROSION INHIBITOR TREATMENT.