REPORT_RECEIVED_DATE	IYEAR	REPORT_NUMBER	SUPPLEMENTAL_NUMBER	REPORT_TYPE	OPERATOR_ID	NAME	OPERATOR_STREET_ADDRESS	OPERATOR_CITY_NAME	OPERATOR_STATE_ABBREVIATION	OPERATOR_POSTAL_CODE	LOCAL_DATETIME	TIME_ZONE	DAYLIGHT_SAVINGS_IND	LOCATION_LATITUDE	LOCATION_LONGITUDE	COMMODITY_RELEASED_TYPE	COMMODITY_SUBTYPE	COMMODITY_DETAILS	UNINTENTIONAL_RELEASE_BBLS	INTENTIONAL_RELEASE_BBLS	RECOVERED_BBLS	FATALITY_IND	NUM_EMP_FATALITIES	NUM_CONTR_FATALITIES	NUM_ER_FATALITIES	NUM_WORKER_FATALITIES	NUM_GP_FATALITIES	FATAL	INJURY_IND	NUM_EMP_INJURIES	NUM_CONTR_INJURIES	NUM_ER_INJURIES	NUM_WORKER_INJURIES	NUM_GP_INJURIES	INJURE	ACCIDENT_IDENTIFIER	ACCIDENT_DETAILS	OPERATOR_TYPE	INCIDENT_IDENTIFIED_DATETIME	ON_OFF_SHORE	COMMUNICATION_STATE_FED_IND	PARTY_INITIATED_COMMUNICATION	INITIAL_RESPONDER_COM_DATETIME	ON_SITE_DATETIME	NRC_RPT_DATETIME	NRC_RPT_NUM	ADDITIONAL_NRC_REPORT_NUMBERS	IGNITE_IND	IGNITE_DATETIME	HOW_EXTINGUISHED	HOW_EXTINGUISHED_OTHER_DETAIL	PRODUCT_CONSUMED_BY_FIRE_BBLS	EXPLODE_IND	OIL_SPILL_RESP_PLAN_IND	OSRO_MOBILIZED_IND	OSRO_OPERATOR_NOTIFIED_DT	OSRO_ARRIVED_ON_SITE_DT	NUM_PUB_EVACUATED	ONSHORE_STATE_ABBREVIATION	ONSHORE_CITY_NAME	ONSHORE_COUNTY_NAME	FEDERAL	LOCATION_TYPE	CROSSING	BRIDGE_CROSSING_IND	BRIDGE_TYPE	RAILROAD_CROSSING_IND	RAILROAD_TYPE	ROAD_CROSSING_IND	ROAD_TYPE	WATER_CROSSING_IND	WATER_TYPE	WATER_NAME	WATER_DEPTH	WATER_SUBTYPE	YEAR_RECENT_ENG_EVALUATION	OFF_ACCIDENT_ORIGIN	OFFSHORE_STATE_ABBREVIATION	OFF_INSTATE_AREA	OFF_INSTATE_BLOCK	OFFSHORE_COUNTY_NAME	OCS_TYPE	OFF_OCS_AREA	OFF_OCS_BLOCK	ITEM_INVOLVED	PIPE_TYPE	JOINT_SUBTYPE	ITEM_INVOLVED_DETAILS	PIPE_DIAMETER	MATERIAL_INVOLVED	MATERIAL_DETAILS	PERCENT_PIPE_SMYS	CLASSIFICATION_PIPELINE_SYSTEM	WILDLIFE_IMPACT_IND	FISH_AQUATIC_IMPACT_IND	BIRDS_IMPACT_IND	TERRESTRIAL_IMPACT_IND	SOIL_CONTAMINATION	LONG_TERM_ASSESSMENT	REMEDIATION_IND	SURFACE_WATER_REMED_IND	GROUNDWATER_REMED_IND	SOIL_REMED_IND	VEGETATION_REMED_IND	WILDLIFE_REMED_IND	WATER_CONTAM_IND	OCEAN_SEAWATER_IND	SURFACE_CONTAM_IND	GROUNDWATER_CONTAM_IND	DRINKING_WATER_CONTAM_IND	PRIVATE_WELL_CONTAM_IND	PUBLIC_WATER_CONTAM_IND	AMOUNT_RELEASED_BBLS	REL_WATER_NAME	EST_COST_OPER_PAID	EST_COST_GAS_RELEASED	EST_COST_PROP_DAMAGE	EST_COST_EMERGENCY	EST_COST_ENVIRONMENTAL	EST_COST_OTHER	EST_COST_OTHER_DETAILS	PRPTY	NUM_PERSONS_HOSP_NOT_OVNGHT	NUM_INJURED_TREATED_BY_EMT	NUM_RESIDENT_BUILDING_AFFCTD	NUM_BUSINESS_BUILDING_AFFCTD	CAUSE	CAUSE_DETAILS	PREPARER_NAME	PREPARER_TITLE	PREPARER_EMAIL	PREPARER_TELEPHONE	PREPARER_FAX	LOCAL_CONTACT_NAME	LOCAL_CONTACT_EMAIL	LOCAL_CONTACT_TELEPHONE	NARRATIVE
5/16/2023	2023	20230044	38319	SUPPLEMENTAL FINAL	39476	BRAZOS MIDSTREAM OPERATING, LLC	777 MAIN ST., SUITE 3700 	FORT WORTH	TX	76102	4/21/2023 19:00	CENTRAL	YES	31.193438	-102.958935	CRUDE OIL			335		140	NO						0	NO						0	GROUND PATROL BY OPERATOR OR ITS CONTRACTOR		OPERATOR EMPLOYEE	4/21/2023 19:00	ONSHORE	YES	OPERATOR	4/22/2023 9:30	4/21/2023 21:30		NRC NOTIFICATION NOT REQUIRED		NO						YES	YES	4/21/2023 21:30	4/22/2023 12:00	0	TX	CAYANOSA	PECOS	NO	PIPELINE RIGHT-OF-WAY	NO																					PIPE	PIPE BODY			6	CARBON STEEL		33.34	REPORTING-REGULATED GATHERING	NO				YES	YES	NO						NO									0	26484	20000	15000	162600	0		224084	0	0	0	0	CORROSION FAILURE	INTERNAL CORROSION	JEFF DAVIDSON		jeff.davidson@pplcompliance.com						4/21/23  THE GATHERING SYSTEM THIS PIPELINE TIES INTO WAS DOWN FOR MAINTENANCE. THE PIPELINE WAS RETURNED TO SERVICE AND A ROUTINE PATROL CONDUCTED BY OPERATOR PERSONNEL DISCOVERED OIL ON THE ROW.  THE PIPELINE WAS IMMEDIATELY TAKEN BACK OUT OF SERVICE AND ISOLATED.  A VACUM TRUCK WAS CALLED AND ALL CRUDE OIL WAS VACUMED FROM ROW.  THE LOCAL EMERGENCY CONTRACTOR WAS CALLED AND SOIL CONTAINMENT WAS PUT IN PLACE TO CONTAIN ANY OIL NOT RECOVERED.  4/22-26/23   APPROXIMATELY 375 YARDS OF CONTAMINATED SOIL WAS REMOVED.  SAMPLES TAKEN AT BOTTOM OF EXCAVATION INDICATE NO REMAINING CONTAMINATION.   4/24/23  THE PIPELINE WAS REPAIRED BY REPLACING THE DAMAGED SECTION OF THE PIPELINE.  FOLLOWING THE COMPLETION OF REPAIRS ALL EXCAVATIONS WERE BACKFILLED WITH CLEAN SOIL.  NO LONG TERM REMEDIATION IS ANTICIPATED.  5/20/23  ADDITIONAL INVESTIGATION DETERMINED A CHEMICAL PUMP WAS LEFT RUNNING THAT PRESSURED UP THE PIPELINE TO 984# WHILE THE PIPELINE WAS ISOLATED ON EACH END.  THE PIPELINE WAS ISOLATED TO ALLOW A SONIC SURVEY OF THE GATHERING PIPELINE TO WHICH IT WAS ATTACHED.  AN ADDITIONAL RELIEF VALVE HAS BEEN INSTALLED AND SET AT 420# ON THE CHEMICAL PUMP.  THE CHEMICAL PUMP WAS USED TO INJECT CHEMICALS TO REDUCE PARAFFIN BUILDUP IN THE PIPELINE. SHUTDOWN PROCEDURES HAVE BEEN AMENDED TO INCLUDE VERIFICATION ALL PUMPS HAVE BEEN SHUTDOWN WHEN PIPELINE IS ISOLATED.
5/12/2023	2023	20230041	38038	ORIGINAL FINAL	32619	HILAND CRUDE, LLC	1001 LOUISIANA ST, SUITE 1000 	HOUSTON	TX	77002	4/14/2023 17:55	CENTRAL	YES	48.06123	-103.394459	CRUDE OIL			3.7		3.7	NO						0	NO						0	OTHER	NOTIFICATION FROM CUSTOMER		4/14/2023 18:55	ONSHORE	NO			4/14/2023 18:55		NRC NOTIFICATION NOT REQUIRED		NO						NO	NO			0	ND	WILLISTON	WILLIAMS	NO	TOTALLY CONTAINED ON OPERATOR-CONTROLLED PROPERTY	NO																					OTHER			PUMP SEAL		MATERIAL OTHER THAN CARBON STEEL	STAINLESS STEEL		REPORTING-REGULATED GATHERING	NO				NO	NO	NO						NO									0	0	4100	5300	0	0		9400	0	0	0	0	EQUIPMENT FAILURE	PUMP OR PUMP-RELATED EQUIPMENT	SHELLEY DIETZ	MANAGER - ENGINEERING	shelley_dietz@kindermorgan.com						ON APRIL 14, 2023 AT 17:55, HILAND CRUDE LLC (HILAND) RECEIVED A CALL FROM CONTINENTAL RESOURCES NOTIFYING HILAND OF A RELEASE AT THE HILAND PUMP ON THE CLR RECKITT RALPH WELL PAD. AT 18:55, A HILAND OPERATIONS SPECIALIST ARRIVED ON SITE AND ISOLATED THE PUMP TO STOP THE RELEASE. THE RELEASE TOTALED 3.7 BARRELS OF CRUDE OIL THAT WAS COMPLETELY CONTAINED IN LINED CONTAINMENT. THE CLEAN UP OF THE EVENT WAS COMPLETED ON APRIL 14, 2023.    THE INVESTIGATION INTO THE EVENT REVEALED THAT THE RELEASE WAS CAUSED BY A MECHANICAL SEAL FAILURE ON HILAND'S PUMP AT THE LEASE LOCATION. IN ORDER TO PREVENT A REOCCURRENCE, THE PUMP SEAL WAS REPLACED.
5/16/2023	2023	20230043	38105	SUPPLEMENTAL FINAL	31888	CENTURION PIPELINE L.P.	1300 MAIN STREET 	HOUSTON	TX	77002	4/13/2023 10:30	CENTRAL	YES	32.221407	-102.582366	CRUDE OIL			1		1	NO						0	NO						0	LOCAL OPERATING PERSONNEL, INCLUDING CONTRACTORS		OPERATOR EMPLOYEE	4/13/2023 10:30	ONSHORE	NO			4/13/2023 10:30		NRC NOTIFICATION NOT REQUIRED		NO						NO	NO			0	TX	Not Within a Municipality	ANDREWS	NO	TOTALLY CONTAINED ON OPERATOR-CONTROLLED PROPERTY	NO																					OTHER			DJ LAUNCHER NEEDLE VENT VALVE		CARBON STEEL		2.4	REPORTING-REGULATED GATHERING	NO				YES	NO	YES			YES			NO									0	50	450	1000	0	0		1500	0	0	0	0	INCORRECT OPERATION	VALVE LEFT OR PLACED IN WRONG POSITION, BUT NOT RESULTING IN A TANK, VESSEL, OR SUMP/SEPARATOR OVERFLOW OR FACILITY OVERPRESSURE	Y-VAN TY	PIPELINE COMPLIANCE PROGRAM ADVISOR	yvan_ty@centurionpl.com	346-803-2718					ON APRIL 13, 2023, A CENTURION PIPELINE, L.P. (CPL) EMPLOYEE ARRIVED ON-SITE AT 10:30AM AND CONFIRMED THE LEAK WAS ON CPL'S DJ LAUNCHER LOCATED NEAR ANDREWS, IN ANDREWS COUNTY, TEXAS. THE LEAK WAS LOCATED ON THE 4'' DJ LAUNCHER. ONE (1) BARREL OF CRUDE OIL WAS RELEASED AND RECOVERED DURING THE PROCESS. CPL REMEDIATED THE CONTAMINATED SOIL ON SITE. NO INJURIES, FATALITIES OR FIRES WERE ASSOCIATED WITH THIS INCIDENT. CPL'S INVESTIGATION STILL ONGOING AND WILL BE UPDATED IN A SUPPLEMENTAL REPORT.    SUPPLEMENTAL REPORT FILED ON MAY 30, 2023:  CPL DETERMINED THAT INCORRECT OPERATIONS CAUSED THE LEAK AND HAS BEEN UPDATED IN THIS SUPPLEMENTAL FINAL REPORT. AFTER THE PIG WAS LAUNCHED ON APRIL 12, THE NEEDLE VENT VALVE ON THE PIG TRAP WAS NOT RETURNED TO THE CLOSED POSITION, RESULTING IN THE 1 BBL LEAK. AFTER THE INVESTIGATION, THE EMPLOYEE INVOLVED WAS TERMINATED AND NO FURTHER ACTIONS ARE REQUIRED.
5/12/2023	2023	20230042	38902	SUPPLEMENTAL FINAL	300	PLAINS PIPELINE, L.P.	333 CLAY STREET, SUITE 1900  	HOUSTON	TX	77002	4/12/2023 19:00	CENTRAL	YES	28.23747	-99.81736	CRUDE OIL			40		21.6	NO						0	NO						0	LOCAL OPERATING PERSONNEL, INCLUDING CONTRACTORS		OPERATOR EMPLOYEE	4/13/2023 11:34	ONSHORE	YES	OPERATOR	4/13/2023 15:35	4/13/2023 11:34		NRC NOTIFICATION NOT REQUIRED		NO						NO	NO			0	TX	Not Within a Municipality	DIMMIT	NO	PIPELINE RIGHT-OF-WAY	NO																					PIPE	PIPE BODY			4	CARBON STEEL		0.72	REPORTING-REGULATED GATHERING	NO				YES	NO	NO						NO									3000	3314	13400	11200	0	0		30914	0	0	0	0	CORROSION FAILURE	EXTERNAL CORROSION	NICOLAS GONZALEZ	SUPERVISOR HSE-REGULATORY COMPLIANCE	nagonzalez@paalp.com	7136464376		NICOLAS GONZALEZ	nagonzalez@paalp.com	7136464376	APPROXIMATELY 40 BARRELS OF CRUDE OIL WERE RELEASED FROM THE SM BRISCOE CATARINA 4INCH PIPELINE.  THE DATE AND TIME OF THE RELEASE (PART A Q4) IS INDICATIVE OF THE EARLIEST POSSIBLE TIME THE RELEASE COULD HAVE STARTED BASED ON PUMP DATA.  THE CAUSE OF THE RELEASE IS ATTRIBUTED TO EXTERNAL CORROSION, AND TO PREVENT FUTURE RELEASES, THE LINE WAS CUT-OUT AND REPLACED. ADDITIONALLY, A DIRECT CURRENT VOLTAGE GRADIENT (DCVG) SURVEY WAS PERFORMED TO EVALUATE THE EFFECTIVENESS OF THE CATHODIC PROTECTION PROGRAM.      SUPPLEMENTAL: UPDATES APPLIED TO THE VOLUME RECOVERED AND THE DATE/TIME OF NOTIFICATION TO THE TEXAS RAILROAD COMMISSION.
4/25/2023	2023	20230039	38144	SUPPLEMENTAL FINAL	40149	MPLX LP	1515 ARAPAHOE STREET SUITE 1600	DENVER	CO	80202	4/11/2023 7:30	MOUNTAIN	NO	47.47516	-102.70314	CRUDE OIL			1		1	NO						0	NO						0	LOCAL OPERATING PERSONNEL, INCLUDING CONTRACTORS		CONTRACTOR WORKING FOR THE OPERATOR	4/11/2023 7:30	ONSHORE	NO			4/11/2023 7:40		NRC NOTIFICATION NOT REQUIRED		NO						NO	NO			0	ND	Not Within a Municipality	DUNN	NO	TOTALLY CONTAINED ON OPERATOR-CONTROLLED PROPERTY	NO																					OTHER			VALVE		CARBON STEEL		10	REPORTING-REGULATED GATHERING	NO				YES	NO	NO						NO									0	0	1200	5000	0	0		6200	0	0	0	0	NATURAL FORCE DAMAGE	TEMPERATURE	KEITH NORRIS	PIPELINE COMPLIANCE	wknorris@mplx.com	5053600834		TONY MINUTILLO	tminutillo@mplx.com	(303) 489-3275	"ON 4-11-23 AT 7:30 AM, A CONTRACTOR ON SITE CONTACTED MPLX SUPERVISOR ABOUT A RELEASE OF APPROXIMATELY 1 BARREL OF CRUDE OIL FROM A VALVE BODY FAILURE ON A FUTURE VALVE CONNECTION AT THE 4TH ST NW CENTER 8"" LOOP LINE LAUNCHER VALVE SET.  MPLX OPERATOR RESPONDED TO THE INCIDENT, WHERE HE ISOLATED THE LEAKING VALVE.     THE CLEANUP WAS COMPLETED ON 4-11-23. THE CAUSE OF THE FAILURE WAS WATER THAT PENETRATED THE VALVE AND FROZE, CREATING A CRACK IN THE VALVE BODY."
4/21/2023	2023	20230037	38024	SUPPLEMENTAL FINAL	31878	BRIDGER PIPELINE LLC	455 N. POPLAR ST. 	CASPER	WY	82602	3/23/2023 11:00	MOUNTAIN	YES	47.730585	-102.956097	CRUDE OIL			15		15	NO						0	NO						0	SCADA-BASED INFORMATION (SUCH AS ALARM(S), ALERT(S), EVENT(S), AND/OR VOLUME OR PACK CALCULATIONS)			3/23/2023 11:00	ONSHORE	NO			3/23/2023 11:30		NRC NOTIFICATION NOT REQUIRED		NO						YES	NO			0	ND	Not Within a Municipality	MCKENZIE COUNTY	NO	TOTALLY CONTAINED ON OPERATOR-CONTROLLED PROPERTY	NO																					OTHER			"1"" CHECK VALVE, (2) 1"" BALL VALVE"		MATERIAL OTHER THAN CARBON STEEL	VALVE		REPORTING-REGULATED GATHERING	NO				YES	NO	NO						NO									0	1200	2000	10306	0	0		13506	0	0	0	0	INCORRECT OPERATION	TANK, VESSEL, OR SUMP/SEPARATOR ALLOWED OR CAUSED TO OVERFILL OR OVERFLOW	KEVIN PENA	PIPELINE COMPLIANCE COORDINATOR	kevin.pena@truecos.com	4069393133					"AT APPROXIMATELY 11:00 AM MST ON 3/23/23, AN OPERATOR EMPLOYEE RECEIVED A CALL FROM BRIDGER CONTROL CENTER THAT THERE WAS A HIGH SUMP ALARM AT THE MERTON JEROME 14 CTB.  AT APPROXIMATELY 11:05 AM MST A SECOND EMPLOYEE RECEIVED A CALL FROM THE SITE OPERATOR THAT THERE WAS OIL IN THE BRIDGER PUMP CONTAINMENT.  THE SECOND EMPLOYEE ARRIVED AT APPROXIMATELY 11:30 AM MST AND VERIFIED APPROXIMATELY 15 BBL OF OIL IN THE CONTAINMENT AND A ONE INCH MANUALLY OPERATED BALL VALVE FROM THE SUCTION LINE TO THE PUMP SUMP IN THE OPEN POSITION.  THIS EMPLOYEE THEN CLOSED THE VALVE  .  AT APPROXIMATELY 12:00 PM MST, SUPERVISOR ARRIVED ON SITE.  MAIN LINE PUMP HAD BEEN DISABLED ON A HI SUMP ALARM BY THE SUMP FLOAT.  FURTHER INVESTIGATION REVEALED A SECOND 1"" MANUALLY OPERATED BALL VALVE LEADING FROM SUCTION LINE TO THE PUMP SUMP WAS IN THE OPEN POSITION. NOTIFICATION WAS SENT TO SPILLS GROUP \ VIA E-MAIL.  CLEAN UP OF FREE STANDING OIL COMMENCED USING EXISTING LINE PUMP.  FREE STANDING OIL PICK UP WAS CONCLUDED AT APPROXIMATELY 5:00 PM MST.  THE ONE INCH CHECK VALVE POSITIONED BETWEEN THE SAID BALL VALVES WAS REMOVED AND EXAMINED. IT WAS DETERMINED THAT THE CHECK VALVE HAD ALSO FAILED.  CHECK VALVE WAS REPAIRED WITH A NEW O-RING SEAT AND RE-INSTALLED.  BOTH 1"" VALVES WERE VERIFIED CLOSED AND PUMP DEEMED TO BE USABLE AND PUT BACK IN SERVICE. CLEANUP WAS HALTED FOR THE DAY.  A HYDROVAC TRUCK AND A HOT OIL TRUCK WERE CONTRACTED TO STEAM AND REMOVE RESIDUAL OIL.  CLEAN UP WAS DETERMINED COMPLETE 48 HOURS LATER, FOLLOWING THE REMOVAL AND DISPOSAL OF CONTAMINATED SOILS AT A LICENSED FACILITY."
4/17/2023	2023	20230035	37946	ORIGINAL FINAL	32619	HILAND CRUDE, LLC	1001 LOUISIANA ST, SUITE 1000 	HOUSTON	TX	77002	3/21/2023 10:24	CENTRAL	YES	48.40092	-103.33157	CRUDE OIL			0.19		0.19	NO						0	NO						0	OTHER	NOTIFICATION FROM 3RD PARTY PRODUCER		3/21/2023 10:24	ONSHORE	NO			3/21/2023 10:45		NRC NOTIFICATION NOT REQUIRED		NO						NO	NO			0	ND	RAY	WILLIAMS	NO	TOTALLY CONTAINED ON OPERATOR-CONTROLLED PROPERTY	NO																					OTHER			"1/2"" NIPPLE"		MATERIAL OTHER THAN CARBON STEEL	STEEL NIPPLE		REPORTING-REGULATED GATHERING	NO				NO	NO	NO						NO									0	13	700	1400	0	0		2113	0	0	0	0	EQUIPMENT FAILURE	THREADED CONNECTION/COUPLING FAILURE	DANIEL GRANT	PIPELINE ENGINEER II	daniel_grant@kindermorgan.com	7134204409					"HILAND CRUDE, LLC (HC) WAS NOTIFIED ON 3/21/2023 AT 10:24AM BY A THIRD-PARTY PRODUCER OF A LEAK ON THE WASHBURN CTB. THE PRODUCER AND HC EMPLOYEE ISOLATED THE SEGMENT. SOON THEREAFTER CLEANUP COMMENCED AND WAS COMPLETED ON THE SAME DAY. THE LINE WAS PUT BACK INTO SERVICE ON THE SAME DAY.     THE INVESTIGATION YIELDED THAT A SCHEDULE 80 THREADED 1/2"" NIPPLE CRACKED FROM A LACK OF SUPPORT ON THE VENT LINE. A CONTRIBUTING FACTOR TO THE EVENT WAS HIGHER THAN NORMAL SOUTHEAST WINDS. THE NIPPLE WAS REPLACED, AND VENT LINE SUPPORTS WERE ADDED."
4/13/2023	2023	20230034	37934	SUPPLEMENTAL FINAL	32619	HILAND CRUDE, LLC	1001 LOUISIANA ST, SUITE 1000 	HOUSTON	TX	77002	3/21/2023 1:54	CENTRAL	YES	48.025678	-104.0211537	CRUDE OIL			1.91		1.91	NO						0	NO						0	OTHER	NOTIFICATION FROM 3RD PARTY PRODUCER		3/21/2023 1:54	ONSHORE	NO			3/21/2023 2:20		NRC NOTIFICATION NOT REQUIRED		NO						NO	NO			0	ND	TRENTON	WILLIAMS	NO	TOTALLY CONTAINED ON OPERATOR-CONTROLLED PROPERTY	NO																					OTHER			HYDRAULIC HOSE		MATERIAL OTHER THAN CARBON STEEL	RUBBER WITH BRAIDED STAINLESS-STEEL		REPORTING-REGULATED GATHERING	NO				NO	NO	NO						NO									0	132	50	6600	0	0		6782	0	0	0	0	EQUIPMENT FAILURE	PUMP OR PUMP-RELATED EQUIPMENT	DANIEL GRANT	PIPELINE ENGINEER II	daniel_grant@kindermorgan.com	7134204409					HILAND CRUDE, LLC (HC) WAS NOTIFIED AT 1:54PM ABOUT A LEAK ON A PRODUCER SITE. WHEN HC OPERATOR ARRIVED ON-SITE APPROXIMATELY BY 2:20PM, HE ISOLATED THE PUMP. SOON THEREAFTER CLEANUP COMMENCED AND WAS COMPLETED THE FOLLOWING DAY.     AFTER INVESTIGATION IT WAS DETERMINED THAT A MURPHY HOSE HAD FAILED DUE TO EXCESSIVE WEAR FROM RUBBING AGAINST THE PUMP FRAME DUE TO THE LACK OF PROPER SUPPORT. THE ZIP-TIE THAT WAS INSTALLED TO SECURE THE HOSE HAD BROKEN. FOR THIS EVENT, MORE HOSE SUPPORT WAS NECESSARY APART FROM THE ZIP-TIE ALONE. IT IS BELIEVED THAT DURING THE TIME BETWEEN THE ZIP-TIE BREAKING AND THE HOSE FAILING, THIS CONDITION SHOULD HAVE BEEN NOTICED BY A HC EMPLOYEE. THE HC RICHLAND OPERATING AREA HAS BEGUN INSPECTING 100HP PUMPS IN ITS AREA TO ENSURE PROPER ANCHORING IN SUPPORT OF THE MURPHY HOSES. THE RC 5983 TEAM REVIEWED HOW TO SPOT POTENTIAL ISSUES WHILE ON LOCATION WITH PUMPS. HOSE PROTECTOR SHEATHING WAS ADDED TO THE REPLACED HOSE, THE HOSE WAS REROUTED, AND IT WAS ZIP TIED TO THE PUMP FRAME WITH MORE THAN ONE ZIP-TIE TO PREVENT EXCESSIVE WEARING.
4/19/2023	2023	20230036	37957	ORIGINAL FINAL	300	PLAINS PIPELINE, L.P.	333 CLAY STREET, SUITE 1900  	HOUSTON	TX	77002	3/13/2023 12:00	MOUNTAIN	YES	32.69477	-103.884948	CRUDE OIL			3.5		3.5	NO						0	NO						0	AIR PATROL		CONTRACTOR WORKING FOR THE OPERATOR	3/20/2023 10:52	ONSHORE	NO			3/20/2023 11:15		NRC NOTIFICATION NOT REQUIRED		NO						NO	NO			0	NM	Not Within a Municipality	EDDY	NO	PIPELINE RIGHT-OF-WAY	NO																					PIPE	PIPE BODY			8	CARBON STEEL		0.39	REPORTING-REGULATED GATHERING	NO				YES	NO	NO						NO									0	280	25000	20000	0	0		45280	0	0	0	0	CORROSION FAILURE	INTERNAL CORROSION	NICOLAS GONZALEZ	SUPERVISOR HSE-REGULATORY COMPLIANCE	nagonzalez@paalp.com	7136464376		NICOLAS GONZALEZ	nagonzalez@paalp.com	7136464376	APPROXIMATELY 3.5 BARRELS OF CRUDE OIL WERE RELEASED FROM THE SEG 1 LAT 4 8INCH PIPELINE.  THE DATE AND TIME OF THE RELEASE (PART A Q4) IS INDICATIVE OF THE EARLIEST POSSIBLE TIME THE RELEASE COULD HAVE STARTED BASED ON THE RIGHT-OF-WAY INSPECTION SCHEDULE.  THE APPARENT CAUSE OF THE RELEASE IS ATTRIBUTED TO INTERNAL CORROSION.  PLAINS IS PERFORMING A REVIEW OF THE LINE TO DETERMINE MITIGATIVE ACTIONS NECESSARY TO PREVENT FUTURE RELEASES.
3/31/2023	2023	20230033	38784	SUPPLEMENTAL FINAL	31888	CENTURION PIPELINE L.P.	1300 MAIN STREET 	HOUSTON	TX	77002	3/3/2023 12:28	MOUNTAIN	NO	32.780835	-104.193711	CRUDE OIL			371		371	NO						0	NO						0	OTHER	THIRD PARTY OPERATOR		3/3/2023 14:45	ONSHORE	NO			3/3/2023 13:30		NRC NOTIFICATION NOT REQUIRED		NO						YES	NO			0	NM	NOT WITHIN A MUNICIPALITY	EDDY COUNTY	NO	PIPELINE RIGHT-OF-WAY	NO																					PIPE	PIPE BODY			4	CARBON STEEL		1	REPORTING-REGULATED GATHERING	NO				YES	NO	YES			YES			NO									0	2754	5000	89637	2000000	0		2097391	0	0	0	0	CORROSION FAILURE	INTERNAL CORROSION	Y-VAN TY	SENIOR DOT COMPLIANCE SPECIALIST	yvan.ty@energytransfer.com	281-748-8205					ON MARCH 3, 2023, A THIRD PARTY PUMPER INFORMED CENTURION PIPELINE, L.P. (CPL) OF A LEAK AT 12:28 PM. A CPL EMPLOYEE ARRIVED ON-SITE AT 01:30 PM AND CONFIRMED THE LEAK WAS ON CPL'S 'D TO 40' 4'' PIPELINE LOCATED NEAR ARTESIA, IN EDDY COUNTY, NEW MEXICO AT 02:45 PM. THREE HUNDRED AND SEVENTY-ONE (371) BARRELS OF CRUDE OIL WERE RELEASED DURING THE PROCESS. REMEDIATION IS ONGOING AND INCLUDES AREAS OUTSIDE THE PIPELINE RIGHT-OF-WAY. AN UPDATE WILL BE PROVIDED IN SUPPLEMENTAL REPORTS.    NO INJURIES, FATALITIES OR FIRES WERE ASSOCIATED WITH THIS INCIDENT.    REPAIRS ARE COMPLETE AND PLANS ARE IN PLACE TO REPLACE THE PIPELINE AND REMOVE THE FAILURE SITE. CPL'S INVESTIGATION IS STILL PENDING AND A SUPPLEMENTAL REPORT WILL FOLLOW UPON COMPLETION OF THE INVESTIGATION. THE SUPPLEMENTAL REPORT WILL INCLUDE THE ROOT CAUSE OF THE ACCIDENT, UPDATES TO COST, IF APPLICABLE, AND ASSOCIATED P&M MEASURE(S).    SUPPLEMENTAL REPORT FILED ON MAY 4, 2023:  DURING THE ROOT CAUSE ANALYSIS, CPL CORROSION DEPARTMENT DETERMINED INTERNAL CORROSION DUE TO UNDER DEPOSIT IRON SULFIDE ATTACK RESULTING IN A THROUGH-WALL CORROSION PIT AT THE 6 O'CLOCK POSITION.    SUPPLEMENTAL REPORT FILED ON JUNE 28, 2023:  REMEDIATION IS ONGOING AND THE REPORT HAS BEEN UPDATED FOR COST. A SUPPLEMENTAL FINAL REPORT WILL BE FILED ONCE REMEDIATION COSTS HAS FINALIZED.    SUPPLEMENTAL REPORT FILED ON AUGUST 29, 2023:  REMEDIATION IS ONGOING WITH DISCUSSIONS FROM STATE REGULATORS. THE REPORT HAS BEEN UPDATED FOR COST TO REFLECT REMEDIATION COSTS ALREADY OCCURRED WITH ADDITIONAL PROJECTIONS FOR MORE REMEDIATION TO ADHERE TO STATE REQUESTS. A SUPPLEMENTAL FINAL REPORT WILL BE FILED ONCE STATE REGULATORS HAVE APPROVED FINAL REMEDIATIONS PLANS.    SUPPLEMENTAL REPORT FLIED ON NOVEMBER 10, 2023:  REPORT HAS BEEN UPDATED FOR REMEDIATION COST FROM '1,400,000' TO '2,000,000.'
3/30/2023	2023	20230032	37887	ORIGINAL FINAL	31888	CENTURION PIPELINE L.P.	1300 MAIN STREET 	HOUSTON	TX	77002	3/3/2023 9:35	CENTRAL	NO	32.446363	-102.791958	CRUDE OIL			1		1	NO						0	NO						0	OTHER	THIRD PARTY OPERATOR		3/3/2023 11:55	ONSHORE	NO			3/3/2023 9:45		NRC NOTIFICATION NOT REQUIRED		NO						NO	NO			0	TX	Not Within a Municipality	ANDREWS COUNTY	NO	PIPELINE RIGHT-OF-WAY	NO																					PIPE	PIPE BODY			4.5	CARBON STEEL		2.6	REPORTING-REGULATED GATHERING	NO				YES	NO	YES			YES			NO									0	80	3900	400	0	0		4380	0	0	0	0	CORROSION FAILURE	EXTERNAL CORROSION	Y-VAN TY	PIPELINE COMPLIANCE PROGRAM ADVISOR	yvan_ty@centurionpl.com	346-803-2718					"ON MARCH 3, 2023, A THIRD PARTY OPERATOR'S PUMPER CONTACTED A CENTURION PIPELINE, L.P. (CPL) EMPLOYEE ABOUT A POTENTIAL LEAK NEAR CPL'S ""INLINE TO FLAG'' RIGHT-OF-WAY NEAR ANDREWS, IN ANDREWS COUNTY, TEXAS. AN CPL EMPLOYEE ARRIVED ON-SITE AT 09:45 AM AND PROCEEDED TO CONFIRM THE LEAK WAS ON CPL'S ""INLINE TO FLAG"" SUMP AT 11:55 AM. ONE (1) BARREL OF CRUDE OIL WAS RELEASED AND RECOVERED DURING THE PROCESS. CPL REMEDIATED THE CONTAMINATED SOIL ON-SITE. NO INJURIES OR FATALITIES OR FIRES WERE ASSOCIATED WITH THIS INCIDENT. CPL DETERMINES THAT EXTERNAL CORROSION RESULTED IN THROUGH-WALL PIT AT THE 1 O'CLOCK POSITION ON BARE PIPE. UPON EXCAVATION, CPL DISCOVERED THAT GENERAL CORROSION DAMAGE EXTENDED BEYOND THE IMMEDIATE LEAK LOCATION AND REPAIRED THE EXTENDED AREA."