REPORT_RECEIVED_DATE	IYEAR	REPORT_NUMBER	SUPPLEMENTAL_NUMBER	REPORT_TYPE	OPERATOR_ID	NAME	OPERATOR_STREET_ADDRESS	OPERATOR_CITY_NAME	OPERATOR_STATE_ABBREVIATION	OPERATOR_POSTAL_CODE	LOCAL_DATETIME	TIME_ZONE	DAYLIGHT_SAVINGS_IND	LOCATION_LATITUDE	LOCATION_LONGITUDE	COMMODITY_RELEASED_TYPE	COMMODITY_SUBTYPE	COMMODITY_DETAILS	UNINTENTIONAL_RELEASE_BBLS	INTENTIONAL_RELEASE_BBLS	RECOVERED_BBLS	FATALITY_IND	NUM_EMP_FATALITIES	NUM_CONTR_FATALITIES	NUM_ER_FATALITIES	NUM_WORKER_FATALITIES	NUM_GP_FATALITIES	FATAL	INJURY_IND	NUM_EMP_INJURIES	NUM_CONTR_INJURIES	NUM_ER_INJURIES	NUM_WORKER_INJURIES	NUM_GP_INJURIES	INJURE	ACCIDENT_IDENTIFIER	ACCIDENT_DETAILS	OPERATOR_TYPE	INCIDENT_IDENTIFIED_DATETIME	ON_OFF_SHORE	COMMUNICATION_STATE_FED_IND	PARTY_INITIATED_COMMUNICATION	INITIAL_RESPONDER_COM_DATETIME	ON_SITE_DATETIME	NRC_RPT_DATETIME	NRC_RPT_NUM	ADDITIONAL_NRC_REPORT_NUMBERS	IGNITE_IND	IGNITE_DATETIME	HOW_EXTINGUISHED	HOW_EXTINGUISHED_OTHER_DETAIL	PRODUCT_CONSUMED_BY_FIRE_BBLS	EXPLODE_IND	OIL_SPILL_RESP_PLAN_IND	OSRO_MOBILIZED_IND	OSRO_OPERATOR_NOTIFIED_DT	OSRO_ARRIVED_ON_SITE_DT	NUM_PUB_EVACUATED	ONSHORE_STATE_ABBREVIATION	ONSHORE_CITY_NAME	ONSHORE_COUNTY_NAME	FEDERAL	LOCATION_TYPE	CROSSING	BRIDGE_CROSSING_IND	BRIDGE_TYPE	RAILROAD_CROSSING_IND	RAILROAD_TYPE	ROAD_CROSSING_IND	ROAD_TYPE	WATER_CROSSING_IND	WATER_TYPE	WATER_NAME	WATER_DEPTH	WATER_SUBTYPE	YEAR_RECENT_ENG_EVALUATION	OFF_ACCIDENT_ORIGIN	OFFSHORE_STATE_ABBREVIATION	OFF_INSTATE_AREA	OFF_INSTATE_BLOCK	OFFSHORE_COUNTY_NAME	OCS_TYPE	OFF_OCS_AREA	OFF_OCS_BLOCK	ITEM_INVOLVED	PIPE_TYPE	JOINT_SUBTYPE	ITEM_INVOLVED_DETAILS	PIPE_DIAMETER	MATERIAL_INVOLVED	MATERIAL_DETAILS	PERCENT_PIPE_SMYS	CLASSIFICATION_PIPELINE_SYSTEM	WILDLIFE_IMPACT_IND	FISH_AQUATIC_IMPACT_IND	BIRDS_IMPACT_IND	TERRESTRIAL_IMPACT_IND	SOIL_CONTAMINATION	LONG_TERM_ASSESSMENT	REMEDIATION_IND	SURFACE_WATER_REMED_IND	GROUNDWATER_REMED_IND	SOIL_REMED_IND	VEGETATION_REMED_IND	WILDLIFE_REMED_IND	WATER_CONTAM_IND	OCEAN_SEAWATER_IND	SURFACE_CONTAM_IND	GROUNDWATER_CONTAM_IND	DRINKING_WATER_CONTAM_IND	PRIVATE_WELL_CONTAM_IND	PUBLIC_WATER_CONTAM_IND	AMOUNT_RELEASED_BBLS	REL_WATER_NAME	EST_COST_OPER_PAID	EST_COST_GAS_RELEASED	EST_COST_PROP_DAMAGE	EST_COST_EMERGENCY	EST_COST_ENVIRONMENTAL	EST_COST_OTHER	EST_COST_OTHER_DETAILS	PRPTY	NUM_PERSONS_HOSP_NOT_OVNGHT	NUM_INJURED_TREATED_BY_EMT	NUM_RESIDENT_BUILDING_AFFCTD	NUM_BUSINESS_BUILDING_AFFCTD	CAUSE	CAUSE_DETAILS	PREPARER_NAME	PREPARER_TITLE	PREPARER_EMAIL	PREPARER_TELEPHONE	PREPARER_FAX	LOCAL_CONTACT_NAME	LOCAL_CONTACT_EMAIL	LOCAL_CONTACT_TELEPHONE	NARRATIVE
3/24/2023	2023	20230028	37885	SUPPLEMENTAL FINAL	32619	HILAND CRUDE, LLC	1001 LOUISIANA ST, SUITE 1000 	HOUSTON	TX	77002	3/2/2023 20:44	CENTRAL	NO	47.9782553	-103.6752236	CRUDE OIL			0.55		0.55	NO						0	NO						0	OTHER	CALL BY EMPLOYEE OF CHORD ENERGY		3/2/2023 20:44	ONSHORE	NO			3/2/2023 21:05		NRC NOTIFICATION NOT REQUIRED		NO						NO	NO			0	ND	Not Within a Municipality	MCKENZIE	NO	TOTALLY CONTAINED ON OPERATOR-CONTROLLED PROPERTY	NO																					OTHER			PUMP DISCHARGE FITTING		MATERIAL OTHER THAN CARBON STEEL	PIPE FITTING AT PUMP HEAD		REPORTING-REGULATED GATHERING	NO				NO	NO	NO						NO									0	42	12500	50	0	3690	CONTRACTOR LABOR, EQUIPMENT, MATERIAL, AND DISPOSAL.	16282	0	0	0	0	EQUIPMENT FAILURE	THREADED CONNECTION/COUPLING FAILURE	WM. MARTIN MULLER	SPECIALSIT-PIPELINE TECHNICAL	martin_muller@kindermorgan.com	2053253863	2053253509	DARYN WINHOFER	daryn_winhofer@kindermorgan.com	4069732939	ON 3/02/2023, A CHORD ENERGY EMPLOYEE WAS NEARBY AND OBSERVED AIRBORNE MIST.  INVESTIGATING, HE DISCOVERED THE CRUDE OIL SPILL AT THE WELL PAD PUMP AND PROCEEDED TO SHUT DOWN THE PUMP.  THEN, CONSEQUENTLY, THE CHORD ENERGY EMPLOYEE CONTACTED HILAND CRUDE (HC) STAFF AT 20:44-HOURS.  AT 21:05-HOURS, A NEARBY HC EMPLOYEE ARRIVED AT THE CHORD ENERGY RI-LYNN 5201 41-2 5BX WELL SITE, CONFIRMED THE EVENT AND PUMP STATUS, AND THEN ISOLATED THE PIPING AT THE PUMP.        OPERATIONS INITIATED THE EMERGENCY RESPONSE LINE (ERL) AT 21:10-HOURS AT WHICH TIME THE CRUDE OIL SPILL WAS DEEMED REPORTABLE.  APPROXIMATELY 23.4 GALLONS (0.55 BARREL) OF CRUDE OIL WAS SPILLED WITHIN THE EARTH CONTAINMENT SURROUNDING THE EQUIPMENT.  CLEANUP ACTIVITIES WITH CONTRACTOR LABOR AND EQUIPMENT BEGAN AND WAS COMPLETED ON 3/03/2023.      THE INTERNAL INVESTIGATION FOUND THE DISCHARGE PIPE FITTING AT THE PUMP HEAD HAD FAILED ALLOWING THE SPILL OF CRUDE OIL.  HC REPLACED THE DISCHARGE FITTING AND THE SUCTION PIPING HEADER AND THE FACILITY WAS RETURNED TO SERVICE ON 3/10/2023.
3/22/2023	2023	20230027	37861	SUPPLEMENTAL FINAL	32619	HILAND CRUDE, LLC	1001 LOUISIANA ST, SUITE 1000 	HOUSTON	TX	77002	3/2/2023 13:50	CENTRAL	NO	48.05397535	-103.6760657	CRUDE OIL			0.32		0.32	NO						0	NO						0	LOCAL OPERATING PERSONNEL, INCLUDING CONTRACTORS		OPERATOR EMPLOYEE	3/2/2023 13:55	ONSHORE	NO			3/2/2023 13:50		NRC NOTIFICATION NOT REQUIRED		NO						NO	NO			0	ND	Not Within a Municipality	MCKENZIE	NO	TOTALLY CONTAINED ON OPERATOR-CONTROLLED PROPERTY	NO																					OTHER			PUMP COMPONENTS		MATERIAL OTHER THAN CARBON STEEL	PIPE FITTING AT PUMP HEAD		REPORTING-REGULATED GATHERING	NO				NO	NO	NO						NO									0	24	1110	50	0	125	EMPLOYEE LABOR AND ABSORBENT MATERIAL (WITHIN LINED CONTAINMENT).	1309	0	0	0	0	EQUIPMENT FAILURE	THREADED CONNECTION/COUPLING FAILURE	WM. MARTIN MULLER	SPECIALSIT-PIPELINE TECHNICAL	martin_muller@kindermorgan.com	2053253863	2053253509	DARYN WINHOFER	daryn_winhofer@kindermorgan.com	4069732939	ON 3/02/2023, AT 13:50-HOURS, A HILAND CRUDE (HC) EMPLOYEE ARRIVED AT THE CONTINENTAL RESOURCES TALLAHASSEE 8-21 HSL WELL SITE FOR ROUTINE WORK TASKS.  AT 13:55-HOURS, THE EMPLOYEE DISCOVERED A CRUDE OIL SPILL ORIGINATING FROM THE 20HP CHARGE PUMP.  THE EMPLOYEE IMMEDIATELY STOPPED THE CHARGE PUMP, ISOLATED THE PIPING, AND THEN ALERTED THE OPERATIONS SUPERVISOR OF THE SPILL AND HIS ACTIONS TAKEN.     CONSEQUENTLY, OPERATIONS INITIATED THE EMERGENCY RESPONSE LINE (ERL) AT 14:17-HOURS AT WHICH TIME THE CRUDE OIL SPILL WAS DEEMED REPORTABLE.  APPROXIMATELY 13.5 GALLONS OF CRUDE OIL WAS SPILLED WITHIN THE LINED CONTAINMENT SURROUNDING THE EQUIPMENT.  CLEANUP ACTIVITIES WERE IMMEDIATELY STARTED BY HC EMPLOYEE AND WAS COMPLETED BY THE EMPLOYEE ON 3/02/2023.     THE INTERNAL INVESTIGATION FOUND THE PIPE NIPPLE ON THE UPSTREAM SIDE OF THE CHARGE PUMP HAD CRACKED ALLOWING THE SPILL OF CRUDE OIL.  HC REPLACED THE PIPE NIPPLE AND ADDED SUPPORT TO THE PIPING TO REDUCE VIBRATION AND FATIGUE.  THE FACILITY RETURNED TO SERVICE ON 3/02/2023.
3/27/2023	2023	20230031	37876	ORIGINAL FINAL	30829	ENTERPRISE CRUDE PIPELINE LLC	1100 LOUISIANA STREET 	HOUSTON	TX	77002	3/2/2023 13:00	CENTRAL	NO	31.746181	-101.934089	CRUDE OIL			2.5		2.5	NO						0	NO						0	LOCAL OPERATING PERSONNEL, INCLUDING CONTRACTORS		OPERATOR EMPLOYEE	3/2/2023 13:00	ONSHORE	NO			3/2/2023 13:00		NRC NOTIFICATION NOT REQUIRED		NO						NO	NO			0	TX	Not Within a Municipality	MIDLAND	NO	TOTALLY CONTAINED ON OPERATOR-CONTROLLED PROPERTY	NO																					OTHER			PRESSURE GAUGE		CARBON STEEL		0.27	REPORTING-REGULATED GATHERING	NO				NO	NO	NO						NO									0	195	5	4500	0	0		4700	0	0	0	0	EQUIPMENT FAILURE	OTHER EQUIPMENT FAILURE	YAROSLAV BIL	PIPELINE COMPLIANCE ENGINEER	ybil@eprod.com	713-381-5650		YAROSLAV BIL	ybil@eprod.com	713-381-5650	ON 3/2/2023 AT 13:00 CST ENTERPRISE PIPELINE TECHNICIAN LOCATED CRUDE COMING OF AN ANALOG PRESSURE GAUGE AT CHEVRON CMC17 STATION. IT WAS DETERMINED THAT THE PRESSURE GAUGE HAD FAILED AND THAT RESULTED IN 2.5 BARRELS OF CRUDE OIL RELEASED TO THE GROUND. THE LEAK WAS ISOLATED AND REMEDIATED; THE PRESSURE GAUGE WAS REMOVED.
3/27/2023	2023	20230030	37882	SUPPLEMENTAL FINAL	11551	DELEK LOGISTICS OPERATING, LLC.	12700 PARK CENTRAL DRIVE SUITE 700	DALLAS	TX	75251	2/27/2023 17:07	CENTRAL	NO	33.215029	-93.449935	CRUDE OIL			5		5	NO						0	NO						0	GROUND PATROL BY OPERATOR OR ITS CONTRACTOR		OPERATOR EMPLOYEE	2/27/2023 17:07	ONSHORE	YES	OPERATOR	2/27/2023 17:20	2/27/2023 18:30		NRC NOTIFICATION NOT REQUIRED		NO						YES	NO			0	AR	TAYLOR	LAFAYETTE	NO	PIPELINE RIGHT-OF-WAY	NO																					PIPE	PIPE BODY			8.625	CARBON STEEL		15	REPORTING-REGULATED GATHERING	NO				YES	NO	NO						NO									0	0	5000	5000	10000	0		20000	0	0	0	0	CORROSION FAILURE	EXTERNAL CORROSION	TYLER CAMERON	SR. ENGINEERING TECHNICIAN	tyler.cameron2@deleklogistics.com	870-315-1393		TYLER CAMERON	tyler.cameron2@deleklogistics.com	870-315-1393	THE PIPELINE WAS IN THE PROCESS OF BEING PURGED WITH NITROGEN. A DISC PIG WAS LAUNCHED AT SPIRIT LAKE LAUNCHER PUSHING CRUDE OIL TO TANKAGE AT MAGNOLIA STATION. THE LEAK WAS DISCOVERED BY MAINTENANCE PERSONNEL TRACKING THE PIG. THE LEAK WAS REPAIRED AND CLEANUP HAS BEEN COMPLETED. SAMPLING WILL BE CONDUCTED WHEN THE SOIL DRIES OUT.
3/20/2023	2023	20230026	37852	SUPPLEMENTAL FINAL	32619	HILAND CRUDE, LLC	1001 LOUISIANA ST, SUITE 1000 	HOUSTON	TX	77002	2/26/2023 21:15	CENTRAL	NO	48.219134	-103.155867	CRUDE OIL			0.32		0.32	NO						0	NO						0	LOCAL OPERATING PERSONNEL, INCLUDING CONTRACTORS		OPERATOR EMPLOYEE	2/26/2023 21:15	ONSHORE	NO			2/26/2023 21:45		NRC NOTIFICATION NOT REQUIRED		NO						NO	NO			0	ND	RAY	WILLIAMS	NO	TOTALLY CONTAINED ON OPERATOR-CONTROLLED PROPERTY	NO																					OTHER			CHECK VALVE - O RING		MATERIAL OTHER THAN CARBON STEEL	CHECK VALVE		REPORTING-REGULATED GATHERING	NO				NO	NO	NO						NO									0	0	12926	1296	0	0		14222	0	0	0	0	EQUIPMENT FAILURE	OTHER EQUIPMENT FAILURE	BALARK CHETHAN	PIPELINE ENGINEER	balark_chethan@kindermorgan.com	7134205629					ON FEBRUARY 26, 2023, AT 21:15 LOCAL TIME (CST), HILAND CRUDE, LLC (HC) LOCAL OPERATIONS PERSONNEL WERE NOTIFIED BY A WELL-PAD EMPLOYEE OF A RELEASE OF CRUDE OIL FROM THE LOW-PRESSURE SIDE OF THE SUCTION PIPING OF THE TRANSFER PUMP. AT 21:45, HC PERSONNEL ARRIVED ONSITE, ISOLATED THE PUMP AND CONFIRMED THE LEAK. CONSEQUENTLY, THE EMERGENCY RESPONSE LINE WAS INITIATED AT 23:05, AND DURING THE CALL, THE EVENT WAS DEEMED TO BE REPORTABLE BY 30-DAY REPORT TO PHMSA. THE CRUDE OIL WAS COMPLETELY CONTAINED WITHIN THE LINE CONTAINMENT AREA. THE INTERNAL INVESTIGATION REVEALED THAT THE CAUSE OF THE CRUDE OIL RELEASE WAS DUE TO THE DISCHARGE CHECK VALVE FAILING, RESULTING IN CRUDE OIL ENTERING THE SUCTION SIDE OF THE TRANSFER PUMP. THE AMOUNT SPILLED WAS 13.6 GALLONS. THE CLEAN-UP WITHIN THE LINE CONTAINMENT AREA WAS COMPLETED ON MARCH 1, 2023. BOTH THE VICTAULIC GASKET AND THE O-RING IN THE DISCHARGE CHECK VALVE WERE REPLACED ON MARCH 3, 2023 AND THE PUMP WAS RETURNED TO NORMAL OPERATIONS LATER ON THAT DAY.
3/16/2023	2023	20230025	38132	SUPPLEMENTAL FINAL	31888	CENTURION PIPELINE L.P.	1300 MAIN STREET 	HOUSTON	TX	77002	2/21/2023 16:45	CENTRAL	NO	32.3156943	-102.764703	CRUDE OIL			0.5		0.5	NO						0	NO						0	OTHER	THIRD PARTY OPERATOR - PUMPER		2/21/2023 18:11	ONSHORE	NO			2/21/2023 17:30		NRC NOTIFICATION NOT REQUIRED		NO						NO	NO			0	TX	Not Within a Municipality	ANDREWS COUNTY	NO	PIPELINE RIGHT-OF-WAY	NO																					PIPE	PIPE BODY			4.5	CARBON STEEL		2	REPORTING-REGULATED GATHERING	NO				YES	NO	YES			YES			NO									0	40	500	2200	800	0		3540	0	0	0	0	CORROSION FAILURE	EXTERNAL CORROSION	YVAN TY	PIPELINE COMPLIANCE PROGRAM ADVISOR	yvan_ty@centurionpl.com	346-803-2718					"ON FEBRUARY 21, 2023, A THIRD PARTY PUMPER INFORMED CENTURION PIPELINE, L.P. (CPL) OF A LEAK. A CPL EMPLOYEE ARRIVED ON-SITE AT 04:45 PM AND CONFIRMED THE LEAK WAS ON CPL'S UNIVERSITY 12 4'' PIPELINE LOCATED NEAR ANDREWS, IN ANDREWS COUNTY, TEXAS AT 06:11 PM. TWENTY (20) GALLONS OF CRUDE OIL WERE RELEASED AND RECOVERED DURING THE PROCESS. CPL REMEDIATED THE CONTAMINATED SOIL ON SITE. NO INJURIES, FATALITIES OR FIRES WERE ASSOCIATED WITH THIS INCIDENT. REPAIRS ARE COMPLETE AND PLANS ARE IN PLACE TO REPLACE THE PIPELINE AND REMOVE THE FAILURE SITE. CPL'S INVESTIGATION IS STILL PENDING AND A SUPPLEMENTAL REPORT WILL FOLLOW UPON COMPLETION OF THE INVESTIGATION. THE SUPPLEMENTAL REPORT WILL INCLUDE THE ROOT CAUSE OF THE ACCIDENT, UPDATES TO COST, IF APPLICABLE, AND ASSOCIATED P&M MEASURE(S).    SUPPLEMENTAL FINAL REPORT FILED ON MARCH 30, 2023:  DURING THE ROOT CAUSE ANALYSIS, IT WAS DETERMINED EXTERNAL CORROSION DUE TO A PREVIOUSLY INSTALLED UNKNOWN LEAK CLAMP RESULTING IN A THROUGH-WALL CORROSION PIT FROM GALVANIC CORROSION AT THE 3 O'CLOCK POSITION. APPROXIMATELY, THIRTY-THREE (33) FEET OF PIPE WAS REPLACED WITH FUSION BOND EPOXY (FBE) COATED PIPE. NO FURTHER ACTIONS ARE REQUIRED.    SUPPLEMENTAL FINAL REPORT FILED ON JUNE 5, 2023:  PER REQUEST COMPLETED THE FOLLOWING CHANGES:  PART A4. CHANGED FROM ""18:11"" TO ""16:45""  PART A7. CHANGED FROM "".40"" TO "".5""  PART A9. CHANGED FROM "".40"" TO "".5""  PART E1. CHANGED FROM ""INTERNAL CORROSION"" TO ""EXTERNAL CORROSION"""
3/8/2023	2023	20230024	37807	ORIGINAL FINAL	32619	HILAND CRUDE, LLC	1001 LOUISIANA ST, SUITE 1000 	HOUSTON	TX	77002	2/10/2023 13:35	CENTRAL	NO	48.0105522	-103.5776149	CRUDE OIL			2		2	NO						0	NO						0	LOCAL OPERATING PERSONNEL, INCLUDING CONTRACTORS		OPERATOR EMPLOYEE	2/10/2023 13:40	ONSHORE	NO			2/10/2023 13:35		NRC NOTIFICATION NOT REQUIRED		NO						NO	NO			0	ND	Not Within a Municipality	MCKENZIE COUNTY	NO	TOTALLY CONTAINED ON OPERATOR-CONTROLLED PROPERTY	NO																					OTHER			PUMP COMPONENTS		MATERIAL OTHER THAN CARBON STEEL	PIPE FITTING AT PUMP HEAD		REPORTING-REGULATED GATHERING	NO				NO	NO	NO						NO									0	150	2800	50	0	3600	INSIDE CONTAINMENT CLEANUP (CONTRACTOR, LABOR, EQUIPMENT, AND DISPOSAL)	6600	0	0	0	0	EQUIPMENT FAILURE	THREADED CONNECTION/COUPLING FAILURE	WM. MARTIN MULLER	SPECIALSIT-PIPELINE TECHNICAL	martin_muller@kindermorgan.com	2053253863	2053253509	DARYN WINHOFER	daryn_winhofer@kindermorgan.com	4069732939	ON 2/10/2023, AT 13:35-HOURS, A HILAND CRUDE EMPLOYEE ARRIVED AT THE CHORD ENERGY'S RI-LYNN 5201 41-2 5BX WELL SITE FOR ROUTINE WORK TASKS.  AT 13:40-HOURS, THE EMPLOYEE DISCOVERED A CRUDE OIL SPILL ORIGINATING FROM THE 20HP PUMP.  THE EMPLOYEE IMMEDIATELY STOPPED THE PUMP, ISOLATED THE PIPING, AND THEN ALERTED THE OPERATIONS SUPERVISOR OF THE SPILL AND HIS ACTIONS TAKEN.      CONSEQUENTLY, OPERATIONS INITIATED THE EMERGENCY RESPONSE LINE (ERL) AT 14:05-HOURS AT WHICH TIME THE CRUDE OIL SPILL WAS DEEMED REPORTABLE.  APPROXIMATELY 2.0 BARRELS OF CRUDE OIL WAS SPILLED WITHIN THE EARTH CONTAINMENT SURROUNDING THE EQUIPMENT.  CLEANUP ACTIVITIES WERE IMMEDIATELY STARTED BY HILAND CRUDE EMPLOYEES AND WERE COMPLETED BY A CONTRACTOR ON 2/12/2023.    THE INTERNAL INVESTIGATION FOUND THE SUCTION PIPE FITTING AT THE PUMP HEAD HAD FAILED ALLOWING THE SPILL OF CRUDE OIL.  HILAND CRUDE REPLACED THE SUCTION PIPE FITTING AT THE PUMP HEAD ON 2/14/2023.  THE WELL SITE PRODUCER CONDUCTED UNRELATED MAINTENANCE ON THEIR EQUIPMENT AND RETURNED THE FACILITY TO SERVICE ON 2/20/2023.
3/6/2023	2023	20230022	37788	ORIGINAL FINAL	30829	ENTERPRISE CRUDE PIPELINE LLC	1100 LOUISIANA STREET 	HOUSTON	TX	77002	2/7/2023 13:00	CENTRAL	NO	31.7625	-102.3434	CRUDE OIL			0.47		0.47	NO						0	NO						0	LOCAL OPERATING PERSONNEL, INCLUDING CONTRACTORS		OPERATOR EMPLOYEE	2/7/2023 13:00	ONSHORE	NO			2/7/2023 13:00		NRC NOTIFICATION NOT REQUIRED		NO						YES	YES	2/7/2023 13:15	2/7/2023 14:30	0	TX	Not Within a Municipality	ECTOR	NO	TOTALLY CONTAINED ON OPERATOR-CONTROLLED PROPERTY	NO																					OTHER			SAMPLE SOLENOID VALVE		CARBON STEEL		0.41	REPORTING-REGULATED GATHERING	NO				NO	NO	NO						NO									0	36	3500	2200	0	0		5736	0	0	0	0	EQUIPMENT FAILURE	OTHER EQUIPMENT FAILURE	YAROSLAV BIL	PIPELINE COMPLIANCE ENGINEER	ybil@eprod.com	713-381-5650		YAROSLAV BIL	ybil@eprod.com	713-381-5650	ON 2/7/2023 AT 1:00 PM CST, DURING STATION ROUNDS, ENTERPRISE TECHNICIAN IDENTIFIED OVERFILLED SAMPLE POT AT ECTOR STATION; 20 GALLONS OF CRUDE OIL REACHED THE GROUND. UPON FURTHER INVESTIGATION IT WAS DETERMINED THAT THE SAMPLE SOLENOID VALVE WAS STUCK OPEN CAUSING SAMPLE POT TO OVERFILL. THE SYSTEM WAS ISOLATED AND THE SOLENOID SAMPLE VALVE WAS REPLACED. CRUDE OIL SPILL WAS CLEANED UP AND REMEDIATED.
2/27/2023	2023	20230018	37748	ORIGINAL FINAL	32099	ENERGY TRANSFER COMPANY	1300 MAIN STREET 	HOUSTON	TX	77002	2/6/2023 12:32	CENTRAL	NO	31.7488	-102.0656	CRUDE OIL			2		2	NO						0	NO						0	OTHER	THIRD PARTY OPERATOR		2/6/2023 12:45	ONSHORE	YES	OPERATOR	2/6/2023 14:19	2/6/2023 12:36		NRC NOTIFICATION NOT REQUIRED		NO						YES	NO			0	TX	MIDLAND	MIDLAND	NO	TOTALLY CONTAINED ON OPERATOR-CONTROLLED PROPERTY	NO																					OTHER			1/4-INCH NIPPLE		CARBON STEEL		6.96	REPORTING-REGULATED GATHERING	NO				YES	NO	YES			YES			NO									0	160	0	1782	0	0		1942	0	0	0	0	EQUIPMENT FAILURE	THREADED CONNECTION/COUPLING FAILURE	TODD NARDOZZI	DIRECTOR - REGULATORY COMPLIANCE	todd.nardozzi@energytransfer.com	713-989-7126					ON 2/6/2023 AT APPROXIMATELY 12:32, A THIRD PARTY OPERATOR NOTIFIED THE PIPELINE CONTROLLER OF A POTENTIAL RELEASE AT THE WYNTEX PUMP STATION. THE PIPELINE CONTROLLER DISABLED STATION AND INITIATED SHUTDOWN OF THE ENTIRE BROOKE TO MIDLAND LINE, WHILE THE OPERATOR ISOLATED THE WYNTEX PUMP. AN INVESTIGATION DISCOVERED A LEAK WAS COMING FROM A FAILED 1/4-INCH NIPPLE ON THE SUCTION SIDE OF THE PUMP. APPROXIMATELY 2 BARRELS OF CRUDE OIL WAS RELEASED. CLEAN-UP OPERATIONS STARTED IMMEDIATELY.    THE FAILED NIPPLE WAS DETERMINED TO BE UNNECESSARY AND WAS REMOVED AND PLUGGED OFF.
3/1/2023	2023	20230020	37763	ORIGINAL FINAL	39147	ENABLE GAS GATHERING, LLC	1300 MAIN STREET 	HOUSTON	TX	77002	1/31/2023 13:00	CENTRAL	NO	34.754956	-97.642229	CRUDE OIL			10		10	NO						0	NO						0	GROUND PATROL BY OPERATOR OR ITS CONTRACTOR		OPERATOR EMPLOYEE	1/31/2023 13:00	ONSHORE	NO			1/31/2023 13:00		NRC NOTIFICATION NOT REQUIRED		NO						YES	NO			0	OK	LINDSAY	GARVIN	NO	PIPELINE RIGHT-OF-WAY	NO																					PIPE	PIPE BODY			6	CARBON STEEL		1.42	REPORTING-REGULATED GATHERING	NO				YES	NO	YES			YES			NO									1500	0	2000	20000	20000	0		43500	0	0	0	0	CORROSION FAILURE	INTERNAL CORROSION	TODD NARDOZZI	DIRECTOR - REGULATORY COMPLIANCE	todd.nardozzi@energytransfer.com	713-989-7126					ON 1/31/2023 AT APPROXIMATELY 13:00, COMPANY PERSONNEL NOTICED OIL ON THE GROUND WHILE PATROLLING LINE DURING RESTART ACTIVITIES FROM PREVIOUS ACCIDENT ON 1/30/23. THE CONTROL CENTER WAS CALLED TO SHUTDOWN THE SYSTEM AND OPERATIONS ISOLATED THE LINE SEGMENT. OPERATIONS VERIFIED THE LEAK WAS COMING FROM THE MARIO/LUIGI V-1D 6-INCH PIPELINE.    AN ESTIMATED 10 BARRELS OF CRUDE OIL WAS RELEASED. CLEANUP CONTRACTORS WERE MOBILIZED TO THE LEAK SITE AND CONTAMINATED SOIL WAS EXCAVATED. WAITING ON SAMPLING PROFILE BEFORE SENDING OFF FOR DISPOSAL.     CAUSE WAS DETERMINED TO BE INTERNAL CORROSION BY VISUAL ANALYSIS.  A PLIDCO CLAMP WAS INSTALLED.  THE LINE WAS RESTARTED TO PERFORM AN ILI ASSESSMENT THEN SHUTDOWN AFTER ASSESSMENT.  LINE WILL REMAIN SHUTDOWN UNTIL TOOL RUN RESULTS ARE RETURNED.
3/1/2023	2023	20230019	37762	ORIGINAL FINAL	39147	ENABLE GAS GATHERING, LLC	1300 MAIN STREET 	HOUSTON	TX	77002	1/30/2023 9:30	CENTRAL	NO	34.755801	-97.639998	CRUDE OIL			10		10	NO						0	NO						0	OTHER	THIRD PARTY OPERATOR		1/30/2023 10:25	ONSHORE	YES	OPERATOR	1/30/2023 11:18	1/30/2023 10:00		NRC NOTIFICATION NOT REQUIRED		NO						YES	NO			0	OK	LINDSAY	GARVIN	NO	PIPELINE RIGHT-OF-WAY	NO																					PIPE	PIPE BODY			6	CARBON STEEL		8.98	REPORTING-REGULATED GATHERING	NO				YES	NO	YES			YES			NO									1500	0	2000	20000	20000	0		43500	0	0	0	0	CORROSION FAILURE	INTERNAL CORROSION	TODD NARDOZZI	DIRECTOR - REGULATORY COMPLIANCE	todd.nardozzi@energytransfer.com	713-989-7126					ON 1/30/2023 AT APPROXIMATELY 09:30, 3RD PARTY OPERATOR NOTIFIED COMPANY OPERATIONS OF A POTENTIAL CRUDE OIL LEAK IN A FIELD NEAR THE MARIO/LUIGI V1-D 6 INCH PIPELINE. THE CONTROL CENTER WAS CALLED TO SHUTDOWN THE SYSTEM AND OPERATIONS ISOLATED THE LINE SEGMENT. OPERATIONS VERIFIED THE LEAK WAS COMING FROM THE MARIO/LUIGI V-1D 6-INCH PIPELINE.     AN ESTIMATED 10 BARRELS OF CRUDE OIL WAS RELEASED. CLEANUP CONTRACTORS WERE MOBILIZED TO THE LEAK SITE AND CONTAMINATED SOIL WAS EXCAVATED. WAITING ON SAMPLING PROFILE BEFORE SENDING OFF FOR DISPOSAL.     CAUSE WAS DETERMINED TO BE INTERNAL CORROSION BY VISUAL ANALYSIS. A PLIDCO CLAMP WAS INSTALLED AND THE LINE WAS RESTARTED ON 1/31/23 AT 13:00.