REPORT_RECEIVED_DATE	IYEAR	REPORT_NUMBER	SUPPLEMENTAL_NUMBER	REPORT_TYPE	OPERATOR_ID	NAME	OPERATOR_STREET_ADDRESS	OPERATOR_CITY_NAME	OPERATOR_STATE_ABBREVIATION	OPERATOR_POSTAL_CODE	LOCAL_DATETIME	TIME_ZONE	DAYLIGHT_SAVINGS_IND	LOCATION_LATITUDE	LOCATION_LONGITUDE	COMMODITY_RELEASED_TYPE	COMMODITY_SUBTYPE	COMMODITY_DETAILS	UNINTENTIONAL_RELEASE_BBLS	INTENTIONAL_RELEASE_BBLS	RECOVERED_BBLS	FATALITY_IND	NUM_EMP_FATALITIES	NUM_CONTR_FATALITIES	NUM_ER_FATALITIES	NUM_WORKER_FATALITIES	NUM_GP_FATALITIES	FATAL	INJURY_IND	NUM_EMP_INJURIES	NUM_CONTR_INJURIES	NUM_ER_INJURIES	NUM_WORKER_INJURIES	NUM_GP_INJURIES	INJURE	ACCIDENT_IDENTIFIER	ACCIDENT_DETAILS	OPERATOR_TYPE	INCIDENT_IDENTIFIED_DATETIME	ON_OFF_SHORE	COMMUNICATION_STATE_FED_IND	PARTY_INITIATED_COMMUNICATION	INITIAL_RESPONDER_COM_DATETIME	ON_SITE_DATETIME	NRC_RPT_DATETIME	NRC_RPT_NUM	ADDITIONAL_NRC_REPORT_NUMBERS	IGNITE_IND	IGNITE_DATETIME	HOW_EXTINGUISHED	HOW_EXTINGUISHED_OTHER_DETAIL	PRODUCT_CONSUMED_BY_FIRE_BBLS	EXPLODE_IND	OIL_SPILL_RESP_PLAN_IND	OSRO_MOBILIZED_IND	OSRO_OPERATOR_NOTIFIED_DT	OSRO_ARRIVED_ON_SITE_DT	NUM_PUB_EVACUATED	ONSHORE_STATE_ABBREVIATION	ONSHORE_CITY_NAME	ONSHORE_COUNTY_NAME	FEDERAL	LOCATION_TYPE	CROSSING	BRIDGE_CROSSING_IND	BRIDGE_TYPE	RAILROAD_CROSSING_IND	RAILROAD_TYPE	ROAD_CROSSING_IND	ROAD_TYPE	WATER_CROSSING_IND	WATER_TYPE	WATER_NAME	WATER_DEPTH	WATER_SUBTYPE	YEAR_RECENT_ENG_EVALUATION	OFF_ACCIDENT_ORIGIN	OFFSHORE_STATE_ABBREVIATION	OFF_INSTATE_AREA	OFF_INSTATE_BLOCK	OFFSHORE_COUNTY_NAME	OCS_TYPE	OFF_OCS_AREA	OFF_OCS_BLOCK	ITEM_INVOLVED	PIPE_TYPE	JOINT_SUBTYPE	ITEM_INVOLVED_DETAILS	PIPE_DIAMETER	MATERIAL_INVOLVED	MATERIAL_DETAILS	PERCENT_PIPE_SMYS	CLASSIFICATION_PIPELINE_SYSTEM	WILDLIFE_IMPACT_IND	FISH_AQUATIC_IMPACT_IND	BIRDS_IMPACT_IND	TERRESTRIAL_IMPACT_IND	SOIL_CONTAMINATION	LONG_TERM_ASSESSMENT	REMEDIATION_IND	SURFACE_WATER_REMED_IND	GROUNDWATER_REMED_IND	SOIL_REMED_IND	VEGETATION_REMED_IND	WILDLIFE_REMED_IND	WATER_CONTAM_IND	OCEAN_SEAWATER_IND	SURFACE_CONTAM_IND	GROUNDWATER_CONTAM_IND	DRINKING_WATER_CONTAM_IND	PRIVATE_WELL_CONTAM_IND	PUBLIC_WATER_CONTAM_IND	AMOUNT_RELEASED_BBLS	REL_WATER_NAME	EST_COST_OPER_PAID	EST_COST_GAS_RELEASED	EST_COST_PROP_DAMAGE	EST_COST_EMERGENCY	EST_COST_ENVIRONMENTAL	EST_COST_OTHER	EST_COST_OTHER_DETAILS	PRPTY	NUM_PERSONS_HOSP_NOT_OVNGHT	NUM_INJURED_TREATED_BY_EMT	NUM_RESIDENT_BUILDING_AFFCTD	NUM_BUSINESS_BUILDING_AFFCTD	CAUSE	CAUSE_DETAILS	PREPARER_NAME	PREPARER_TITLE	PREPARER_EMAIL	PREPARER_TELEPHONE	PREPARER_FAX	LOCAL_CONTACT_NAME	LOCAL_CONTACT_EMAIL	LOCAL_CONTACT_TELEPHONE	NARRATIVE
4/24/2023	2023	20230038	37999	SUPPLEMENTAL FINAL	32619	HILAND CRUDE, LLC	1001 LOUISIANA ST, SUITE 1000 	HOUSTON	TX	77002	1/29/2023 4:00	CENTRAL	NO	47.9970457	-103.5800628	CRUDE OIL			1.5		1.5	NO						0	NO						0	GROUND PATROL BY OPERATOR OR ITS CONTRACTOR		OPERATOR EMPLOYEE	1/29/2023 4:00	ONSHORE	NO			1/29/2023 4:00		NRC NOTIFICATION NOT REQUIRED		NO						NO	NO			0	ND	Not Within a Municipality	MCKENZIE	NO	TOTALLY CONTAINED ON OPERATOR-CONTROLLED PROPERTY	NO																					OTHER			PUMP CUPS		MATERIAL OTHER THAN CARBON STEEL	PUMP CUPS		REPORTING-REGULATED GATHERING	NO				NO	NO	NO						NO									0	0	4005	7717	0	0		11722	0	0	0	0	EQUIPMENT FAILURE	PUMP OR PUMP-RELATED EQUIPMENT	BALARK CHETHAN	PIPELINE ENGINEER	balark_chethan@kindermorgan.com						ON 1/29/2023, A HILAND CRUDE, LLC (HC) EMPLOYEE WAS NOTIFIED OF A PUMP FLOAT SWITCH ACTIVATING. UPON ARRIVAL ONSITE, THE HC EMPLOYEE DISCOVERED THE PUMP CUPS FAILED RESULTING IN LIQUID FLOWING INTO THE CAPTURE TANK AND OVERFLOWING OUT OF THE CAPTURE TANK. THE PUMP CUPS WERE SUBSEQUENTLY IMMEDIATELY REPLACED AND THE PUMP WAS RETURNED TO SERVICE. AT THE TIME, THE VOLUME OF CRUDE OIL SPILLED FROM THE CAPTURE TANK WAS DETERMINED TO BE NON-REPORTABLE DUE TO LARGE AMOUNTS OF SNOW PREVENTING QUANTIFICATION OF THE TOTAL CRUDE OIL SPILLED.      AT 8:50 AM, ON 4/6/2023, A HC EMPLOYEE ARRIVED ONSITE AND NOTICED CRUDE OIL ON THE GROUND WITHIN THE CONTAINMENT AREA. THE CRUDE OIL WAS NOTICED DUE TO THE SNOW MELTING IN THE AREA. ONCE NOTICED, AN EMERGENCY RESPONSE LINE (ERL) CALL WAS INITIATED AND DURING THE CALL, AND THE EVENT WAS DEEMED REPORTABLE. THE INVESTIGATION YIELDED THAT THE CRUDE OIL IN THE CONTAINMENT AREA WAS A RESULT OF THE SAME LEAK WHICH OCCURRED ON 1/29/2023 PREVIOUSLY MENTIONED. THE TOTAL VOLUME OF CRUDE OIL WAS DETERMINED TO BE 1.5 BARRELS. THE CRUDE OIL WAS SUBSEQUENTLY HYDROVACED ON 4/6/2023 WITH THE TOTAL 1.5 BARRELS RECOVERED.
2/21/2023	2023	20230015	37733	ORIGINAL FINAL	30829	ENTERPRISE CRUDE PIPELINE LLC	1100 LOUISIANA STREET 	HOUSTON	TX	77002	1/27/2023 21:00	CENTRAL	NO	31.633931	-102.261533	CRUDE OIL			0.24		0.24	NO						0	NO						0	OTHER	LOCAL PRODUCER EMPLOYEE		1/27/2023 21:00	ONSHORE	NO			1/27/2023 21:00		NRC NOTIFICATION NOT REQUIRED		NO						NO	NO			0	TX	Not Within a Municipality	UPTON	NO	TOTALLY CONTAINED ON OPERATOR-CONTROLLED PROPERTY	NO																					OTHER			NIPPLE		CARBON STEEL		0.28	REPORTING-REGULATED GATHERING	NO				NO	NO	NO						NO									0	20	1500	1900	0	0		3420	0	0	0	0	EQUIPMENT FAILURE	THREADED CONNECTION/COUPLING FAILURE	YAROSLAV BIL	PIPELINE COMPLIANCE ENGINEER	ybil@eprod.com	713-381-5650		YAROSLAV BIL	ybil@eprod.com	713-381-5650	ON 1/27/2023 AT 9:00 PM CST A THIRD PARTY NOTIFIED ENTERPRISE OF CRUDE RELEASE ON A LACT UNIT AT JUDY JULIBETH STATION; 10 GALLONS OF CRUDE OIL RELEASED TO THE GROUND. THE CAUSE WAS IDENTIFIED TO BE THE 1/4 INCH NIPPLE FAILURE. THE FITTING HAS BEEN REPLACED AND SOIL REMEDIATION HAS BEEN COMPLETED.
2/21/2023	2023	20230017	38064	SUPPLEMENTAL FINAL	15851	DELEK MARKETING AND SUPPLY, LP	12700 PARK CENTRAL DRIVE SUITE 700	DALLAS	TX	75251	1/22/2023 8:00	CENTRAL	NO	32.480445	-101.367693	CRUDE OIL			0.2		0.2	NO						0	NO						0	NOTIFICATION FROM PUBLIC			1/22/2023 9:00	ONSHORE	NO			1/22/2023 9:00		NRC NOTIFICATION NOT REQUIRED		NO						NO	NO			0	TX	Not Within a Municipality	HOWARD	NO	TOTALLY CONTAINED ON OPERATOR-CONTROLLED PROPERTY	NO																					OTHER			PUMP		CARBON STEEL		0.01	REPORTING-REGULATED GATHERING	NO				YES	NO	NO						NO									0	16	100	0	900	0		1016	0	0	0	0	EQUIPMENT FAILURE	PUMP OR PUMP-RELATED EQUIPMENT	ALONSO RODRIGUEZ	DIRECTOR REGULATORY AFFAIRS AND COMPLIANCE	alonso.rodriguez@deleklogistics.com	8063363650		ALONSO RODRIGUEZ	alonso.rodriguez@deleklogistics.com	8063363650	"A 1 INCH DRAINLINE FROM THE PUMP THAT FEEDS BACK TO THE LACT UNIT BECAME CLOGGED CAUSING OIL TO BACK UP AND LEAK FROM THE TOP OF THE PUMP NEAR THE PLUNGERS. THE LEAK WAS CLEANED PROMPTLY.  A HALF DRUM ON THE 1"" SIDE NEXT TO THE PUMP WAS INSTALLED TO ASSIST WITH PROPER DRAINAGE."
2/21/2023	2023	20230016	37736	ORIGINAL FINAL	300	PLAINS PIPELINE, L.P.	333 CLAY STREET, SUITE 1900  	HOUSTON	TX	77002	1/21/2023 11:30	CENTRAL	NO	28.269634	-99.950824	CRUDE OIL			80		0	NO						0	NO						0	SCADA-BASED INFORMATION (SUCH AS ALARM(S), ALERT(S), EVENT(S), AND/OR VOLUME OR PACK CALCULATIONS)			1/22/2023 11:30	ONSHORE	YES	OPERATOR	2/3/2023 9:38	1/22/2023 12:00		NRC NOTIFICATION NOT REQUIRED		NO						NO	NO			0	TX	Not Within a Municipality	DIMMIT	NO	PIPELINE RIGHT-OF-WAY	NO																					OTHER			PIPE		CARBON STEEL		38.19	REPORTING-REGULATED GATHERING	NO				YES	NO	NO						NO									0	3280	275000	30000	0	0		308280	0	0	0	0	OTHER ACCIDENT CAUSE	UNKNOWN	NICOLAS GONZALEZ	SUPERVISOR HSE-REGULATORY COMPLIANCE	nagonzalez@paalp.com	7136464376		NICOLAS GONZALEZ	nagonzalez@paalp.com	7136464376	APPROXIMATELY 80 BARRELS OF CRUDE OIL WERE RELEASED FROM THE SAN PEDRO 8INCH PIPELINE.  ON 01/22/2023, PLAINS' CONTROL CENTER RECEIVED AN ALARM INDICATING A POTENTIAL RELEASE.  PLAINS PERSONNEL AND CONTRACTORS WERE IMMEDIATELY DISPATCHED TO LOCATE THE RELEASE, AND THE RELEASE LOCATION WAS CONFIRMED WITH THE ASSISTANCE OF A SMART-BALL TOOL AND COMMUNICATED TO THE STATE AGENCY ON 02/03/2023.  TO PREVENT FUTURE INCIDENTS, THE SECTION OF PIPE THAT FAILED WAS PURGED, CUT, CAPPED, REMOVED FROM SERVICE, AND WILL BE REPLACED WITHIN THE SAME RIGHT-OF-WAY.
3/24/2023	2023	20230029	38072	SUPPLEMENTAL FINAL	39476	BRAZOS MIDSTREAM OPERATING, LLC	777 MAIN ST., SUITE 3700 	FORT WORTH	TX	76102	1/17/2023 8:00	CENTRAL	NO	31.1575	-103.0149	CRUDE OIL			80		25	NO						0	NO						0	NOTIFICATION FROM PUBLIC			1/17/2023 9:15	ONSHORE	NO			1/17/2023 9:15		NRC NOTIFICATION NOT REQUIRED		NO						YES	YES	1/17/2023 15:00	1/17/2023 19:00	0	TX	Not Within a Municipality	PECOS	NO	PIPELINE RIGHT-OF-WAY	NO																					PIPE	PIPE BODY			8	CARBON STEEL		8	REPORTING-REGULATED GATHERING	NO				YES	YES	YES			YES			NO									0	5600	20000	0	250000	0		275600	0	0	0	0	CORROSION FAILURE	INTERNAL CORROSION	JEFF DAVIDSON	SR. CONSULTANT	jeff.davidson@pplcompliance.com	903-472-9310		BRUCE AGUILLARD	aguillard@brazosmidstream.com	985-870-4693	1/17/23  8:00 LANDOWNER NOTIFIED OPERATOR OF INDICATIONS OF A LEAK.  9:15 PIPELINE TECHNICIAN VERIFIED LOCATION OF LEAK.  9:30 PIPELINE TECHNICIAN NOTIFIED EHS DEPARTMENT AND SHUTDOWN PIPELINE.  9:45 PIPELINE TECHNICIAN COMPLETED ISOLATION OF PIPELINE.  12:00 EMERGENCY CONTRACTOR BEGAN CONTAINMENT MEASURES AND RECOVERY OF CRUDE ON ROW.  15:00 OSRO WAS NOTIFIED AND ARRIVED ONSITE AT 19:00 TO CONDUCT REMEDIATION ASSESSMENT.  1/18/23   8:00 START REMEDIATION OF SOIL, CONTINUED ALL DAY.  1/19/23  8:00 BEGIN PIGGING OPERATIONS TO REMOVE CRUDE FROM PIPELINE.  14:00 REMEDIATION PLAN SUBMITTED TO TEXAS RAILROAD COMMISSION FOR REVIEW.  1/20/23  11:30 REMOVED SECTION OF PIPELINE FOR REPLACEMENT WITH PRE-TESTED PIPE.  14:00 BEGIN WELDING IN NEW SECTION OF PIPE.  17:00 COMPLETED REPAIRS AND PARTIALLY FILLED PIPELINE.  1/24/23  11:30 BEGIN CLEANING AND BATCH TREATMENT OF PIPELINE, CONTINUED ALL DAY.  1/25/23  8:00 CONTINUE TO CLEAN AND BATCH TREAT PIPELINE ALL DAY.  1/26/23  12:30 PIPELINE RETURNED TO SERVICE.  5/18/23  16:00 REMEDIATION OF PIPELINE ROW COMPLETED.    METALLURGICAL TESTING WAS CONDUCTED BY PERMIAN BASIN METALLURGICAL LABORATORIES MARCH 2, 2023, AND MARCH 6, 2023. THE TESTING INDICATED THE FAILURE WAS DUE TO INTERNAL PITTING CAUSED BY MICROBIALLY INDUCED CORROSION (MIC). BASED ON THE CHARACTERISTICS OF THE PITTING, THE PITTING WAS PREDOMINANTLY FROM ACID PRODUCING BACTERIA (APB) FROM THE SHARP EDGES AND ETCHING, WITH SOME SULFATE REDUCING BACTERIA (SRB) INVOLVED, BECAUSE OF THE FEATHERING OUT ON THE EDGES.  A LACK OF BIOCIDE VOLUMES CONTRIBUTED TO THE MIC FORMATION RESULTING IN INTERNAL CORROSION. TO PREVENT RECURRENCE, MAINTENANCE PIGGING HAS BEEN INCREASED TO ONCE EVERY MONTH, BIOCIDES ARE BEING INJECTED DAILY, AND AN ACOUSTIC SURVEY WAS CONDUCTED TO DETERMINE ANY ADDITIONAL INTERNAL IMPERFECTIONS AND ESTABLISH A BASELINE FOR FUTURE REMEDIATION.
2/2/2023	2023	20230013	37978	SUPPLEMENTAL FINAL	22465	TARGA PIPELINE MID-CONTINENT WESTTEX LLC	811 LOUISIANA STREET, SUITE 2100 	HOUSTON	TX	77002	1/6/2023 11:30	CENTRAL	YES	32.445378	-101.618852	CRUDE OIL			0.9		0.9	NO						0	NO						0	NOTIFICATION FROM PUBLIC			1/6/2023 11:30	ONSHORE	NO			1/6/2023 11:30		NRC NOTIFICATION NOT REQUIRED		NO						NO	NO			0	TX	Not Within a Municipality	HOWARD	NO	PIPELINE RIGHT-OF-WAY	NO																					OTHER			BASKET FILTER		MATERIAL OTHER THAN CARBON STEEL	SS SPIRAL GASKET		REPORTING-REGULATED GATHERING	NO				NO	NO	NO						NO									0	70	20	0	0	1000	VACUUM TRUCK	1090	0	0	0	0	EQUIPMENT FAILURE	NON-THREADED CONNECTION FAILURE	JORDAN NORTH	SPECIALIST PIPELINE COMPLIANCE	jnorth@targaresources.com	9405779500		JORDAN NORTH	jnorth@targaresources.com	9405779500	AT APPROXIMATELY 11 AM TARGA OPERATIONS WERE NOTIFIED BY A 3RD PARTY PUMPER OF A POTENTIAL CRUDE OIL LEAK AT THE WOLF JONES LOCATION. OPERATIONS ARRIVED ON SITE AT 11:30 AM AND VERIFIED THAT WE HAD A LEAK COMING FROM A BASKET FILTER UPSTREAM OF THE LACT PUMP. THE UNIT WAS SHUT DOWN AND BLOCK VALVES UPSTREAM AND DOWNSTREAM WERE CLOSED TO STOP THE LEAK. ONCE LEAK WAS CONTAINED REMEDIATION EFFORTS BEGAN. THE LEAK WAS DETERMINED TO BE COMING FROM THE LID OF THE BASKET FILTER. THE CAUSE OF THE LEAK WAS DUE A COMBINATION OF TEMPERATURE FLUCTUATION AND EQUIPMENT VIBRATION CAUSING THE SPIRAL WOUND GASKET TO LOSE ITS SEAL. THERE WERE NO MECHANICAL DEFECTS FOUND WITH STRAINER BASKET OR GASKET. ALL EQUIPMENT AND MATERIAL ARE COMPATIBLE TO THE OPERATIONAL ENVIRONMENT IN WHICH THEY ARE SUBJECT TO. TO PREVENT POSSIBLE RECURRENCE THE BASKET STRAINER WAS SERVICED AND GASKET WAS REPLACED WITH NEW GASKET. ALL MAINTENANCE WORK WAS COMPLETE PER MANUFACTURE RECOMMENDATIONS. AS AN ADDITIONAL MITIGATIVE MEASURE, OPERATIONS PERSONNEL HAVE BEEN REFRESHED ON MANUFACTURER MAINTENANCE PROCEDURES.
2/2/2023	2023	20230012	37668	ORIGINAL FINAL	32011	HOLLY ENERGY PARTNERS - OPERATING, L.P.	2828 N. HARWOOD SUITE 1300	DALLAS	TX	75201	1/6/2023 8:45	CENTRAL	NO	32.98687	-102.81778	CRUDE OIL			0.2		0.2	NO						0	NO						0	LOCAL OPERATING PERSONNEL, INCLUDING CONTRACTORS		OPERATOR EMPLOYEE	1/6/2023 8:45	ONSHORE	NO			1/6/2023 8:45	1/6/2023 9:41	1356958		NO						NO	NO			0	TX	Not Within a Municipality	YOAKUM	NO	TOTALLY CONTAINED ON OPERATOR-CONTROLLED PROPERTY	NO																					OTHER			PUMP		MATERIAL OTHER THAN CARBON STEEL	CAST IRON		REPORTING-REGULATED GATHERING	NO				YES	NO	NO						NO									0	12	109	278	0	0		399	0	0	0	0	EQUIPMENT FAILURE	PUMP OR PUMP-RELATED EQUIPMENT	BRIDGETTE TAYLOR		bridgette.taylor@hollyenergy.com	2149546652					ON JANUARY 6 AT APPX. 08:45A CST, HEP PERSONNEL WERE PERFORMING ROUTINE STATION CHECKS WHEN THEY OBSERVED OIL LEAKING FROM A PUMP. PERSONNEL IMMEDIATELY ISOLATED THE PUMP AND MADE NOTIFICATIONS TO THEIR SUPERVISOR AND THE HEP CONTROL CENTER AT 08:52A CST. AT APPX. 09:10A CST, IT WAS DETERMINED THAT APPX. 5 GALLONS OF CRUDE OIL HAD BEEN RELEASED. IMMEDIATE CLEAN-UP WAS CONDUCTED FOR THIS RELEASE WITH ALL IMPACTED SOIL ABLE TO BE DUG UP AND PLACED ON TARP FOR DISPOSAL.    TO NOTE, ERRING ON THE SIDE OF CAUTION, IMMEDIATE NOTIFICATION OF THIS RELEASE WAS MADE TO BOTH THE NATIONAL RESPONSE CENTER (NRC) AND TEXAS RAILROAD COMMISSION (TRRC). HOWEVER, AFTER FURTHER REVIEW, IT WAS IDENTIFIED THAT THIS PARTICULAR RELEASE WAS NOT SUBJECT TO THE IMMEDIATE NOTIFICATION REQUIREMENTS AND INSTEAD ONLY MET CRITERIA FOR REPORTING ACCORDING TO 49 CFR 195.15 (30-DAY ACCIDENT REPORTING).    AFTER FURTHER INVESTIGATION, IT WAS DETERMINED THAT THE APPARENT CAUSE FOR THIS INCIDENT WAS DUE TO A PACKING FAILURE OFF THE DISCHARGE SIDE OF A PUMP (AS A RESULT OF NORMAL WEAR AND TEAR).
2/1/2023	2023	20230011	37658	ORIGINAL FINAL	32619	HILAND CRUDE, LLC	1001 LOUISIANA ST, SUITE 1000 	HOUSTON	TX	77002	1/4/2023 10:05	CENTRAL	NO	47.92089533	-103.5633836	CRUDE OIL			0.53		0.53	NO						0	NO						0	LOCAL OPERATING PERSONNEL, INCLUDING CONTRACTORS		OPERATOR EMPLOYEE	1/4/2023 10:05	ONSHORE	NO			1/4/2023 10:00		NRC NOTIFICATION NOT REQUIRED		NO						NO	NO			0	ND	Not Within a Municipality	MCKENZIE	NO	TOTALLY CONTAINED ON OPERATOR-CONTROLLED PROPERTY	NO																					OTHER			BOOSTER PUMP SHAFT SEAL		MATERIAL OTHER THAN CARBON STEEL	PUMP SEALS		GRAVITY GATHERING	NO				YES	NO	NO						NO									0	50	10000	50	0	3395	HYDROVAC COST AND DISPOSAL COSTS;	13495	0	0	0	0	EQUIPMENT FAILURE	PUMP OR PUMP-RELATED EQUIPMENT	WM. MARTIN MULLER	SPECIALSIT-PIPELINE TECHNICAL	martin_muller@kindermorgan.com	205-325-3863	205-325-3509	MICHAEL OKONEK	michael_okonek@kindermorgan.com	701-713-0438	ON 1/04/2023, AN OPERATOR EMPLOYEE ARRIVED AT THE CAMP CREEK PUMP STATION AT 10:00 AM.  AT 10:05 AM THE OPERATOR DISCOVERED A CRUDE OIL SPILL FROM A BOOSTER PUMP WITHIN THE STATION BUILDING.  THE OPERATOR ALERTED THE OPERATIONS SUPERVISOR AND THE OPERATIONS MANAGER.  CONSEQUENTLY, THE EMERGENCY RESPONSE LINE (ERL) WAS INITIATED AT 10:45 AM AT WHICH TIME THE CRUDE OIL SPILL WAS DEEMED REPORTABLE.  APPROXIMATELY 20 GALLONS OF CRUDE OIL WAS SPILLED WITHIN THE STATION BUILDING WITH AN ADDITIONAL 2.3 GALLONS OF CRUDE OIL SPILLED INTO THE EARTH CONTAINMENT.  CLEANUP ACTIVITIES WERE IMMEDIATELY STARTED AND WERE COMPLETED ON 01/05/2023.    THE INTERNAL INVESTIGATION FOUND THE BOOSTER PUMP SHAFT SEAL HAD FAILED ALLOWING THE SPILL OF CRUDE OIL. HILAND OPERATIONS ORDERED A NEW PUMP SHAFT SEAL AND IT'S EXPECTED TO ARRIVE ON SITE ON 2/10/2023. THE PUMP WILL REMAIN OUT OF SERVICE UNTIL THE SHAFT SEAL REPLACEMENT IS COMPLETED.
1/13/2023	2023	20230003	37580	ORIGINAL FINAL	32619	HILAND CRUDE, LLC	1001 LOUISIANA ST, SUITE 1000 	HOUSTON	TX	77002	1/3/2023 12:35	CENTRAL	NO	48.16685	-102.77746	CRUDE OIL			0.28		0.28	NO						0	NO						0	LOCAL OPERATING PERSONNEL, INCLUDING CONTRACTORS		OPERATOR EMPLOYEE	1/3/2023 12:35	ONSHORE	NO			1/3/2023 12:35		NRC NOTIFICATION NOT REQUIRED		NO						NO	NO			0	ND	Not Within a Municipality	MOUNTRAIL	NO	TOTALLY CONTAINED ON OPERATOR-CONTROLLED PROPERTY	NO																					OTHER			PUMP COMPONENTS		MATERIAL OTHER THAN CARBON STEEL	KEVLAR		REPORTING-REGULATED GATHERING	NO				NO	NO	NO						NO									0	30	105	15	0	9100	CLEAN UP WITHIN LINED CONTAINMENT	9250	0	0	0	0	EQUIPMENT FAILURE	PUMP OR PUMP-RELATED EQUIPMENT	WILLIAM MARTIN MULLER	SPECIALIST-PIPELINE TECHNICAL	martin_muller@kindermorgan.com	205-325-3863	205-325-3509	TYLER HENGEL	tyler_hengel@kindermorgan.com	701-269-4745	ON 1/2/2023, A HILAND EMPLOYEE STARTED THE 20 HP TRIPLEX PUMP.  THE EMPLOYEE RETURNED TO THE PUMP APPROXIMATELY 10 MINUTES LATER, FOUND PUMP OPERATING CORRECTLY AND DEPARTED FROM THE FACILITY.  ON 1/3/2023, A SECOND HILAND EMPLOYEE VISITED THE FACILITY TO CHECK ON THE FACILITY EQUIPMENT INCLUDING THE PUMP.  THE EMPLOYEE FOUND OIL IN THE PUMP SKIDS AND ON THE BOTTOM SURFACE OF THE LINED CONTAINMENT. THE EMPLOYEE IMMEDIATELY SHUT DOWN AND ISOLATED THE PUMP.  SUPERVISION AND MANAGEMENT WAS NOTIFIED OF THE EVENT AND THE EMERGENCY RESPONSE LINE WAS INITIATED AND DURING THE CALL, THE EVENT WAS DEEMED REPORTABLE.  LOCAL OPERATIONS SUMMONED A CREW FOR ONSITE CLEANUP BEGINNING THAT AFTERNOON.  INVESTIGATION AND REPAIR OF THE 20 HP TRIPLEX PUMP FOUND THAT A PUMP CUP CONTAINING A SCUFF OR TEAR AS WELL AS THE COLDER TEMPERATURES ATTRIBUTING TO THE PUMP FAILURE.  ON 1/04/2023, CLEANUP OF THE CRUDE SPILL WAS COMPLETED, THE PUMP CUP WAS REPLACED, AND THE 20 HP TRIPLEX PUMP RETURNED TO NORMAL SERVICE.
1/24/2023	2023	20230007	37619	ORIGINAL FINAL	31888	CENTURION PIPELINE L.P.	1300 MAIN STREET 	HOUSTON	TX	77002	1/1/2023 15:50	CENTRAL	YES	31.798248	-102.0414344	CRUDE OIL			4		4	NO						0	NO						0	OTHER	THIRD PARTY LEASE OPERATOR		1/1/2023 15:50	ONSHORE	NO			1/1/2023 15:50		NRC NOTIFICATION NOT REQUIRED		NO						YES	NO			0	TX	Not Within a Municipality	MIDLAND	NO	TOTALLY CONTAINED ON OPERATOR-CONTROLLED PROPERTY	NO																					OTHER			RELIEF VALVE TUBING		CARBON STEEL		1	REPORTING-REGULATED GATHERING	NO				YES	NO	YES			YES			NO									0	300	400	3600	2800	0		7100	0	0	0	0	EQUIPMENT FAILURE	DEFECTIVE OR LOOSE TUBING OR FITTING	Y-VAN TY	PIPELINE COMPLIANCE PROGRAM ADVISOR	yvan_ty@centurionpl.com	346-803-2718					ON JANUARY 1, 2023, A THIRD PARTY LEASE OPERATOR INFORMED CENTURION PIPELINE, L.P. (CPL) OF A LEAK. THE CPL EMPLOYEE ARRIVED ON-SITE AT 03:50 PM AND CONFIRMED THE LEAK WAS IN CPL'S BRYANT RANCH WEST PUMP STATION LOCATED NEAR MIDLAND, IN MIDLAND COUNTY, TEXAS. THE LEAK WAS LOCATED ON THE DISCHARGE SIDE OF P-1000 RELIEF VALVE TUBING. FOUR (4) BARRELS OF CRUDE OIL WERE RELEASED AND RECOVERED DURING THE PROCESS. CPL REMEDIATED THE CONTAMINATED SOIL ON SITE. NO INJURIES, FATALITIES OR FIRES WERE ASSOCIATED WITH THIS INCIDENT. CPL'S INVESTIGATION THAT A COMPRESSION FITTING ON THE PILOT RELIEF VALVE TUBING HAD NOT BEEN FULLY TIGHTENED WHEN ASSEMBLED BY THE VENDOR. THE LACK OF A PROPER SEAL RESULTED IN LEAKAGE THROUGH THE FITTING. REPAIRS HAVE BEEN COMPLETED ON JANUARY 1, 2023 AND THE VENDOR WAS CONTACTED REGARDING THE ASSEMBLY. NO FURTHER ACTIONS ARE REQUIRED.
1/30/2023	2022	20230010	39033	SUPPLEMENTAL FINAL	11551	DELEK LOGISTICS OPERATING, LLC.	12700 PARK CENTRAL DRIVE SUITE 700	DALLAS	TX	75251	12/31/2022 14:37	CENTRAL	NO	33.1987969	-93.4203174	CRUDE OIL			65		61	NO						0	NO						0	NOTIFICATION FROM PUBLIC			12/31/2022 14:37	ONSHORE	NO			12/31/2022 15:30	12/31/2022 15:00	1356490		NO						YES	YES	12/31/2022 14:15	12/31/2022 15:30	0	AR	TAYLOR	COLUMBIA	NO	PIPELINE RIGHT-OF-WAY	NO																					PIPE	PIPE BODY			8	CARBON STEEL		14	REPORTING-REGULATED GATHERING	NO				YES	YES	YES			YES	YES		YES		YES					65	UNKNOWN NAME	100000	320	12000	250000	750000	0		1112320	0	0	0	0	CORROSION FAILURE	EXTERNAL CORROSION	TYLER CAMERON	SR. ENGINEERING TECHNICIAN	tyler.cameron2@deleklogistics.com	8703151393		TYLER CAMERON	tyler.cameron2@deleklogistics.com	8703151393	THE RELEASE OCCURRED NEAR A NORMALLY DRY DRAINAGE DITCH THAT ONLY FLOWS DURING HEAVY RAINY CONDITIONS. IT WAS IDENTIFIED BY THE LAND OWNER WHO NOTIFIED THE OPERATOR.  THE REPAIRS HAVE BEEN MADE AND CLEANED UP. THE CAUSE OF THE LEAK IS BELIEVED TO HAVE BEEN EXTERNAL CORROSION AT ANY ABOVE GROUND EXPOSURE.