REPORT_RECEIVED_DATE	IYEAR	REPORT_NUMBER	SUPPLEMENTAL_NUMBER	REPORT_TYPE	OPERATOR_ID	NAME	OPERATOR_STREET_ADDRESS	OPERATOR_CITY_NAME	OPERATOR_STATE_ABBREVIATION	OPERATOR_POSTAL_CODE	LOCAL_DATETIME	TIME_ZONE	DAYLIGHT_SAVINGS_IND	LOCATION_LATITUDE	LOCATION_LONGITUDE	COMMODITY_RELEASED_TYPE	COMMODITY_SUBTYPE	COMMODITY_DETAILS	UNINTENTIONAL_RELEASE_BBLS	INTENTIONAL_RELEASE_BBLS	RECOVERED_BBLS	FATALITY_IND	NUM_EMP_FATALITIES	NUM_CONTR_FATALITIES	NUM_ER_FATALITIES	NUM_WORKER_FATALITIES	NUM_GP_FATALITIES	FATAL	INJURY_IND	NUM_EMP_INJURIES	NUM_CONTR_INJURIES	NUM_ER_INJURIES	NUM_WORKER_INJURIES	NUM_GP_INJURIES	INJURE	ACCIDENT_IDENTIFIER	ACCIDENT_DETAILS	OPERATOR_TYPE	INCIDENT_IDENTIFIED_DATETIME	ON_OFF_SHORE	COMMUNICATION_STATE_FED_IND	PARTY_INITIATED_COMMUNICATION	INITIAL_RESPONDER_COM_DATETIME	ON_SITE_DATETIME	NRC_RPT_DATETIME	NRC_RPT_NUM	ADDITIONAL_NRC_REPORT_NUMBERS	IGNITE_IND	IGNITE_DATETIME	HOW_EXTINGUISHED	HOW_EXTINGUISHED_OTHER_DETAIL	PRODUCT_CONSUMED_BY_FIRE_BBLS	EXPLODE_IND	OIL_SPILL_RESP_PLAN_IND	OSRO_MOBILIZED_IND	OSRO_OPERATOR_NOTIFIED_DT	OSRO_ARRIVED_ON_SITE_DT	NUM_PUB_EVACUATED	ONSHORE_STATE_ABBREVIATION	ONSHORE_CITY_NAME	ONSHORE_COUNTY_NAME	FEDERAL	LOCATION_TYPE	CROSSING	BRIDGE_CROSSING_IND	BRIDGE_TYPE	RAILROAD_CROSSING_IND	RAILROAD_TYPE	ROAD_CROSSING_IND	ROAD_TYPE	WATER_CROSSING_IND	WATER_TYPE	WATER_NAME	WATER_DEPTH	WATER_SUBTYPE	YEAR_RECENT_ENG_EVALUATION	OFF_ACCIDENT_ORIGIN	OFFSHORE_STATE_ABBREVIATION	OFF_INSTATE_AREA	OFF_INSTATE_BLOCK	OFFSHORE_COUNTY_NAME	OCS_TYPE	OFF_OCS_AREA	OFF_OCS_BLOCK	ITEM_INVOLVED	PIPE_TYPE	JOINT_SUBTYPE	ITEM_INVOLVED_DETAILS	PIPE_DIAMETER	MATERIAL_INVOLVED	MATERIAL_DETAILS	PERCENT_PIPE_SMYS	CLASSIFICATION_PIPELINE_SYSTEM	WILDLIFE_IMPACT_IND	FISH_AQUATIC_IMPACT_IND	BIRDS_IMPACT_IND	TERRESTRIAL_IMPACT_IND	SOIL_CONTAMINATION	LONG_TERM_ASSESSMENT	REMEDIATION_IND	SURFACE_WATER_REMED_IND	GROUNDWATER_REMED_IND	SOIL_REMED_IND	VEGETATION_REMED_IND	WILDLIFE_REMED_IND	WATER_CONTAM_IND	OCEAN_SEAWATER_IND	SURFACE_CONTAM_IND	GROUNDWATER_CONTAM_IND	DRINKING_WATER_CONTAM_IND	PRIVATE_WELL_CONTAM_IND	PUBLIC_WATER_CONTAM_IND	AMOUNT_RELEASED_BBLS	REL_WATER_NAME	EST_COST_OPER_PAID	EST_COST_GAS_RELEASED	EST_COST_PROP_DAMAGE	EST_COST_EMERGENCY	EST_COST_ENVIRONMENTAL	EST_COST_OTHER	EST_COST_OTHER_DETAILS	PRPTY	NUM_PERSONS_HOSP_NOT_OVNGHT	NUM_INJURED_TREATED_BY_EMT	NUM_RESIDENT_BUILDING_AFFCTD	NUM_BUSINESS_BUILDING_AFFCTD	CAUSE	CAUSE_DETAILS	PREPARER_NAME	PREPARER_TITLE	PREPARER_EMAIL	PREPARER_TELEPHONE	PREPARER_FAX	LOCAL_CONTACT_NAME	LOCAL_CONTACT_EMAIL	LOCAL_CONTACT_TELEPHONE	NARRATIVE
12/9/2022	2022	20220115	37547	SUPPLEMENTAL FINAL	39348	NUSTAR PERMIAN TRANSPORTATION AND STORAGE, LLC	19003 IH-10 WEST  	SAN ANTONIO	TX	78257	11/12/2022 10:23	CENTRAL	YES	32.37618	-101.67903	CRUDE OIL			0.48		0.48	NO						0	NO						0	NOTIFICATION FROM PUBLIC			11/12/2022 10:58	ONSHORE	NO			11/12/2022 10:58		NRC NOTIFICATION NOT REQUIRED		NO						NO	NO			0	TX	Not Within a Municipality	HOWARD	NO	TOTALLY CONTAINED ON OPERATOR-CONTROLLED PROPERTY	NO																					PIPE	PIPE BODY			0.25	CARBON STEEL		0.46	REPORTING-REGULATED GATHERING	NO				YES	NO	NO						NO									0	43	38	852	0	0		933	0	0	0	0	EQUIPMENT FAILURE	THREADED CONNECTION/COUPLING FAILURE	RUSSELL PESEK	PIPELINE SAFETY MANAGER	russell.pesek@nustarenergy.com	3612499417					A THIRD-PARTY PUMPER NOTIFIED NUSTAR OF A POTENTIAL CRUDE OIL RELEASE AT NUSTAR'S DIA LILLY FACILITY.  NUSTAR'S CONTROL ROOM SHUTDOWN THE PIPELINE, AND OPERATIONS PERSONNEL WERE DISPATCHED TO THE SITE.  THE LEAK ORIGINATED FROM A CRACK ON A 1/4-INCH THREADED PIPE NIPPLE CONNECTING A VOLUME REGULATOR TO THE LACT.  THE CRACK INITIATED AT THE BASE OF THE PIPE THREADING, AND THE CAUSE OF THE LEAK WAS VIBRATION.  THE NIPPLE WAS REPLACED, AND THE SITE WAS RETURNED TO SERVICE.
12/8/2022	2022	20220112	37439	ORIGINAL FINAL	30829	ENTERPRISE CRUDE PIPELINE LLC	1100 LOUISIANA STREET 	HOUSTON	TX	77002	11/11/2022 11:00	CENTRAL	NO	31.868628	-102.064531	CRUDE OIL			4		4	NO						0	NO						0	LOCAL OPERATING PERSONNEL, INCLUDING CONTRACTORS		OPERATOR EMPLOYEE	11/11/2022 11:00	ONSHORE	NO			11/11/2022 11:00		NRC NOTIFICATION NOT REQUIRED		NO						YES	YES	11/11/2022 11:05	11/11/2022 12:05	0	TX	MIDLAND	MIDLAND	NO	TOTALLY CONTAINED ON OPERATOR-CONTROLLED PROPERTY	NO																					OTHER			PSV		CARBON STEEL		0.31	REPORTING-REGULATED GATHERING	NO				YES	NO	NO						NO									0	350	0	1800	0	0		2150	0	0	0	0	EQUIPMENT FAILURE	MALFUNCTION OF CONTROL/RELIEF EQUIPMENT	MEHRDOD KHAVARIAN	PIPELINE COMPLIANCE ENGINEER	mkhavarian@eprod.com	713-376-9799		YAROSLAV BIL	ybil@eprod.com	713-906-8726	ON 11/11/2022 AT 11:00 AM CST, ENTERPRISE PIPELINE TECHNICIAN OBSERVED CRUDE OIL OVERFLOWING FROM THE SUMP AT TEXAS TEN AA ZZ PUMP STATION. 4 BARRELS OF OIL REACHED THE GROUND. SUMP OVERFILLED DUE TO THERMAL PSV NOT FULLY CLOSING AFTER A THERMAL RELIEF OCCURRED.  AFTER INVESTIGATION, THE PSV DID NOT FUNCTION CORRECTLY BECAUSE OF DEBRIS PREVENTING IT FROM PROPERLY CLOSING. THE LEAK WAS ISOLATED AND SOIL REMEDIATED. THE PSV WAS CLEANED OUT AND CALIBRATED PRIOR TO REINSTALLING.
12/9/2022	2022	20220116	37453	ORIGINAL FINAL	300	PLAINS PIPELINE, L.P.	333 CLAY STREET, SUITE 1900  	HOUSTON	TX	77002	11/10/2022 9:15	CENTRAL	NO	32.24806	-101.97249	CRUDE OIL			26		26	NO						0	NO						0	SCADA-BASED INFORMATION (SUCH AS ALARM(S), ALERT(S), EVENT(S), AND/OR VOLUME OR PACK CALCULATIONS)			11/10/2022 12:53	ONSHORE	YES	OPERATOR	11/10/2022 15:31	11/10/2022 15:05		NRC NOTIFICATION NOT REQUIRED		NO						YES	NO			0	TX	Not Within a Municipality	MARTIN	NO	PIPELINE RIGHT-OF-WAY	NO																					PIPE	PIPE BODY			6	CARBON STEEL		12.8	REPORTING-REGULATED GATHERING	NO				YES	NO	NO						NO									5000	1850	5000	23000	0	0		34850	0	0	0	0	EXCAVATION DAMAGE	EXCAVATION DAMAGE BY THIRD PARTY	NICOLAS A GONZALEZ	HSE REGULATORY COMPLIANCE - SUPERVISOR	nagonzalez@paalp.com	7136464376		NICOLAS A GONZALEZ	nagonzalez@paalp.com	7136464376	"APPROXIMATELY 26 BARRELS OF CRUDE OIL WERE RELEASED FROM THE KEN COX TO GLASSCOCK 6"" PIPELINE.  THE DATE AND TIME OF THE RELEASE (PART A Q4) IS INDICATIVE OF THE EARLIEST POSSIBLE TIME THE RELEASED COULD HAVE STARTED BASED ON CONTROL CENTER INFORMATION.  THE CAUSE OF THE INCIDENT IS ATTRIBUTED TO EXCAVATION DAMAGE BY THE THIRD PARTY THAT CAUSED THE INCIDENT.  TO PREVENT FUTURE INCIDENTS, THE DAMAGED SECTION OF PIPE WAS REMOVED AND REPLACED WITH AN INCREASED DEPTH OF COVER."
12/5/2022	2022	20220111	37567	SUPPLEMENTAL FINAL	39649	IRONWOOD MIDSTREAM ENERGY PARTNERS, LLC	15727 ANTHEM PARKWAY, SUITE 510 	SAN ANTONIO	TX	78249	11/7/2022 12:00	CENTRAL	NO	28.543756	-99.464196	CRUDE OIL			2.58		0.24	NO						0	NO						0	LOCAL OPERATING PERSONNEL, INCLUDING CONTRACTORS		OPERATOR EMPLOYEE	11/7/2022 12:00	ONSHORE	NO			11/7/2022 12:00		NRC NOTIFICATION NOT REQUIRED		NO						NO	NO			0	TX	Not Within a Municipality	LA SALLE	NO	TOTALLY CONTAINED ON OPERATOR-CONTROLLED PROPERTY	NO																					OTHER			O-RING		MATERIAL OTHER THAN CARBON STEEL	O-RING		REPORTING-REGULATED GATHERING	NO				YES	NO	NO						NO									0	230	25	750	3000	0		4005	0	0	0	0	EQUIPMENT FAILURE	NON-THREADED CONNECTION FAILURE	CHRIS WILLIAMS	REGULATORY COMPLIANCE MANAGER	chris.williams@ironwoodmidstream.com	8067596499		CHRIS WILLIAMS	chris.williams@ironwoodmidstream.com	8067596499	ON NOVEMBER 7, 2022, AT APPROXIMATELY 12 PM, AN IRONWOOD OPERATOR FOUND THE PIG RECEIVER DOOR DRIPPING CRUDE ON THE GROUND UNDER THE PIG RECEIVER. THE OPERATOR ISOLATED THE RECEIVER TO STOP THE LEAK AND NOTIFIED IRONWOOD MANAGEMENT OF THE LEAK. THE RECEIVER PRESSURE WAS RELIEVED AND AN INSPECTION OF THE RECEIVER WAS PERFORMED TO ENSURE NO PHYSICAL DAMAGE TO THE RECEIVER OR COMPONENTS. IT WAS DETERMINED DUE TO TEMPERATURE CHANGES THAT O-RING FAILED AND CAUSED THE RELEASE OF CRUDE. IRONWOOD OPERATIONS PROMPTLY STARTED REMEDIATING THE SITE BY HAVING THE FREE-STANDING LIQUIDS REMOVED AND THEN DUG OUT THE AFFECTED AREA AND REMEDIATED THE CONTAMINATED SOIL ON SITE. THE TOTAL CALCULATED RELEASE WAS 2.58 BARRELS, AND .24 BARRELS WAS RECOVERED. THE O-RING WAS REPLACED, AND THE RECEIVER INSPECTED AGAIN PRIOR TO PUTTING BACK INTO SERVICE. THE PIPELINE WAS NOT SHUT IN DUE TO THE RELEASE. THERE WERE NO FATALITIES, INJURIES, ROAD CLOSURES, MEDIA INVOLVED, OR FIRE/EXPLOSIONS.   TO MITIGATE FUTURE RE-OCCURRENCE ALL OTHER SITES WERE INSPECTED AND PIG RECEIVERS AND LAUNCHERS SHOULD BE ISOLATED AFTER PIGGING TO ENSURE THERE IS NO PRESSURE ON THE RECEIVER/LAUNCHER THAT CAN CAUSE A RELEASE.
12/2/2022	2022	20220110	37987	SUPPLEMENTAL FINAL	39348	NUSTAR PERMIAN TRANSPORTATION AND STORAGE, LLC	19003 IH-10 WEST  	SAN ANTONIO	TX	78257	11/4/2022 11:00	CENTRAL	YES	32.09542043	-101.8638371	CRUDE OIL			1.3		1.3	NO						0	NO						0	LOCAL OPERATING PERSONNEL, INCLUDING CONTRACTORS		OPERATOR EMPLOYEE	11/4/2022 11:00	ONSHORE	NO			11/4/2022 11:00		NRC NOTIFICATION NOT REQUIRED		NO						NO	NO			0	TX	Not Within a Municipality	MARTIN	NO	PIPELINE RIGHT-OF-WAY	NO																					OTHER			VALVE		CARBON STEEL		16.9	REPORTING-REGULATED GATHERING	NO				YES	NO	NO						NO									0	120	7576	356	0	0		8052	0	0	0	0	EQUIPMENT FAILURE	MALFUNCTION OF CONTROL/RELIEF EQUIPMENT	RUSSELL PESEK		russell.pesek@nustarenergy.com	3612499417		ROBBIE FOWLER	robbie.fowler@nustarenergy.com	8063711304	A CRUDE OIL RELEASE OCCURRED AT NUSTAR'S CUTBOW LAMAR 6-INCH GATHERING LINE CONNECTION TO NUSTAR'S CUTBOW BIGHORN 6-INCH GATHERING LINE.  THE LEAK ORIGINATED FROM A 6-INCH BALL VALVE LOCATED ON THE CUTBOW LAMAR RISER AND OCCURRED AFTER REMOVING A HOT-TAP TOOL RIG FROM THE VALVE FLANGE.  THE BALL VALVE WAS IN THE CLOSED POSITION WHEN IT INEXPLICABLY BEGAN TO LEAK THROUGH ITS SEAT.  NUSTAR ONSITE PERSONNEL TOOK IMMEDIATE ACTION TO SHUT DOWN AND ISOLATE THE CUTBOW BIGHORN GATHERING LINE, AND THE ON-SITE VACUUM TRUCK WAS ABLE TO REMOVE THE RELEASED CRUDE OIL.  THE VALVE WAS REMOVED FROM THE RISER AND REPLACED.  UPDATE - THE VALVE WAS SENT TO THE MANUFACTURER FOR ANALYSIS.  SCRATCHES FROM SAND WERE VISIBLE ON THE BALL, AND DAMAGE TO THE SEAT INSERTS WAS VISIBLE.  BOTH SEATS FAILED DURING THE SEAT TEST BY THE MANUFACTURER.  THE CAUSE OF THE IN-SERVICE VALVE FAILURE COULD NOT BE DETERMINED.
11/29/2022	2022	20220109	37391	ORIGINAL FINAL	39649	IRONWOOD MIDSTREAM ENERGY PARTNERS, LLC	15727 ANTHEM PARKWAY, SUITE 510 	SAN ANTONIO	TX	78249	11/3/2022 11:30	CENTRAL	YES	29.52609	-97.17491	CRUDE OIL			4.09		1.5	NO						0	NO						0	OTHER	THIRD-PARTY OPERATOR		11/3/2022 11:30	ONSHORE	NO			11/3/2022 11:30		NRC NOTIFICATION NOT REQUIRED		NO						NO	NO			0	TX	Not Within a Municipality	LAVACA	NO	TOTALLY CONTAINED ON OPERATOR-CONTROLLED PROPERTY	NO																					OTHER			1/2-INCH BALL VALVE		CARBON STEEL		20	REPORTING-REGULATED GATHERING	NO				YES	NO	NO						NO									0	440	0	500	4500	0		5440	0	0	0	0	INCORRECT OPERATION	VALVE LEFT OR PLACED IN WRONG POSITION, BUT NOT RESULTING IN A TANK, VESSEL, OR SUMP/SEPARATOR OVERFLOW OR FACILITY OVERPRESSURE	CHRIS WILLIAMS	REGULATORY COMPLIANCE MANAGER	chris.williams@ironwoodmidstream.com	8067596499		CHRIS WILLIAMS	chris.williams@ironwoodmidstream.com	8067596499	ON NOVEMBER 3, 2022, A THIRD-PARTY OPERATOR FOUND A 1/2-INCH BALL VALVE ON THE BOTTOM OF A CORROSION COUPON HOLDER TO BE LEAKING OIL ON THE GROUND. THE OPERATOR WAS ACCOMPANIED BY IRONWOOD'S CONSTRUCTION MANAGER, AND HE ALERTED IRONWOOD'S OPERATIONS MANAGER OF THE RELEASE. THE VALVE WAS CLOSED TO ISOLATE THE LEAK. AFTER THE LEAK WAS STOPPED AND THE SITE MADE SAFE, IRONWOOD OPERATIONS ASSESSED THE LEAK AND DETERMINED THROUGH SPILL RELEASE CALCULATIONS THAT 4.09 BARRELS OF CRUDE HAD BEEN RELEASED. IRONWOOD THEN BEGAN REMEDIATION OF THE SITE, BOTH IRONWOOD AND A THIRD-PARTY VENDOR COMPLETED THE SOIL REMEDIATION OF THE AFFECTED AREA. THE PIPELINE WAS NOT SHUT DOWN DUE TO THE RELEASE AND NO REPAIRS WERE REQUIRED. THERE WERE NO INJURIES, ROAD CLOSURES, OR FIRE/EXPLOSION AS A RESULT OF THE RELEASE.   TO MITIGATE FUTURE RE-OCCURRENCES OF THE SAME TYPE OF ACCIDENT IRONWOOD ENSURED ALL OPEN-ENDED FITTINGS HAVE PLUGS INSTALLED AND THE VALVES WERE LOCKED IN THE CLOSED POSITION. ALL SIMILAR SITES HAVE BEEN INSPECTED TO ENSURE THAT PLUGS ARE INSTALLED, AND VALVES ARE LOCKED CLOSED.
11/21/2022	2022	20220108	37371	ORIGINAL	26061	DELEK CRUDE LOGISTICS, LLC.	12700 PARK CENTRAL DRIVE SUITE 700	DALLAS	TX	75251	10/22/2022 18:29	CENTRAL	NO	33.302295	-93.855479	CRUDE OIL			10		9	NO						0	NO						0	NOTIFICATION FROM PUBLIC			10/22/2022 18:29	ONSHORE	NO			10/22/2022 18:35		NRC NOTIFICATION NOT REQUIRED		NO						NO	NO			0	AR	MAGNOLIA	COLUMBIA	NO	TOTALLY CONTAINED ON OPERATOR-CONTROLLED PROPERTY	NO																					PIPE	PIPE SEAM			8	CARBON STEEL		98	REPORTING-REGULATED GATHERING	NO				NO	NO	NO						NO									0	0	20000	20000	0	0		40000	0	0	0	0	CORROSION FAILURE	EXTERNAL CORROSION	CANDACE NORRIS	REGULATORY AFFAIRS AND COMPLIANCE SPECIALIST	candace.noris@delekus.com	4322106152					"ON OCTOBER 22, 2022 OPERATOR WAS NOTIFIED ON FOUKE MAINLINE 8"" SYSTEM RESULTING IN 10BBL RELEASE OF CRUDE OIL DUE TO EXTERNAL CORROSION PIT. PIPELINE WAS SHUTDOWN AND LOCAL RESOURCES ARRIVED ONSITE FOR IMMEDIATE CLEANUP AND REPAIRS. ALL OIL WAS CONTAINED ON THE RIGHT OF WAY. NO WATERWAYS IMPACTED. LEAK WAS REPAIRED WITH TEMPORARY CLAMP AND INVESTIGATION IS ONGOING. SOIL WAS REMOVED AND LINE RESTARTED."
11/17/2022	2022	20220107	38639	SUPPLEMENTAL FINAL	300	PLAINS PIPELINE, L.P.	333 CLAY STREET, SUITE 1900  	HOUSTON	TX	77002	10/16/2022 12:00	MOUNTAIN	YES	32.139039	-103.358115	CRUDE OIL			21.1		21.1	NO						0	NO						0	LOCAL OPERATING PERSONNEL, INCLUDING CONTRACTORS		OPERATOR EMPLOYEE	10/18/2022 12:15	ONSHORE	YES	OPERATOR	10/19/2022 15:54	10/18/2022 12:15		NRC NOTIFICATION NOT REQUIRED		NO						NO	NO			0	NM	JAL PUBLIC SCHOOLS	LEA	NO	PIPELINE RIGHT-OF-WAY	NO																					PIPE	PIPE BODY			6	CARBON STEEL		0.67	REPORTING-REGULATED GATHERING	NO				YES	NO	NO						NO									5000	1680	10000	35000	0	0		51680	0	0	0	0	CORROSION FAILURE	INTERNAL CORROSION	NICOLAS A GONZALEZ	SUPERVISOR -  HSE-REGULATORY COMPLIANCE	nagonzalez@paalp.com	7136464376		NICOLAS A GONZALEZ	nagonzalez@paalp.com	7136464376	APPROXIMATELY 21.1 BARRELS OF CRUDE OIL WERE RELEASED FROM THE MONTERA 6INCH PIPELINE.  THE DATE AND TIME OF THE RELEASE IS INDICATIVE OF THE EARLIEST POSSIBLE TIME THE RELEASE COULD HAVE STARTED BASED ON THE LAST TIME THE INCIDENT LOCATION HAD BEEN VISITED AND CONFIRMED TO BE NO RELEASE OF CRUDE OIL.  THE CAUSE OF THE RELEASE IS ATTRIBUTED TO INTERNAL CORROSION.  TO PREVENT FUTURE INCIDENTS, THE FAILED SECTION OF PIPE WAS REMOVED AND REPLACED.     SUPPLEMENTAL: THE NOTIFICATION TO THE NEW MEXICO OIL CONSERVATION DIVISION (PART A Q15C) WAS MADE WITHIN 15 DAYS OF DISCOVERY IN ACCORDANCE WITH NEW MEXICO'S RELEASE NOTIFICATION REPORTING REQUIREMENTS.  INTERNAL CORROSION WAS DETERMINED BASED ON INTERNAL AND EXTERNAL EXAMINATION OF THE RELEASE POINT.
11/1/2022	2022	20220104	38414	SUPPLEMENTAL FINAL	31684	PHILLIPS 66 PIPELINE LLC	2331 CITYWEST BLVD 	HOUSTON	TX	77042	10/6/2022 17:00	CENTRAL	YES	33.39147	-98.44841	CRUDE OIL			0.3		0.3	NO						0	NO						0	LOCAL OPERATING PERSONNEL, INCLUDING CONTRACTORS		CONTRACTOR WORKING FOR THE OPERATOR	10/6/2022 17:00	ONSHORE	NO			10/6/2022 17:00		NRC NOTIFICATION NOT REQUIRED		NO						NO	NO			0	TX	NOT WITHIN A MUNICIPALITY	YOUNG	NO	PIPELINE RIGHT-OF-WAY	NO																					PIPE	PIPE BODY			8	CARBON STEEL		13	REPORTING-REGULATED GATHERING	NO				NO	NO	NO						NO									500	28	2500	0	400	0		3428	0	0	0	0	CORROSION FAILURE	EXTERNAL CORROSION	JEFF BLATCHFORD		jeff.m.blatchford@p66.com	580-767-4206					"DURING LINE FILL OPERATIONS ON OCT. 6TH, A SMALL LEAK WAS DISCOVERED ON THE NT-70 8"" CRUDE GATHERING LINE. A CLAMP WAS INSTALLED ON OCT. 6TH AND THE LINE WAS RESTARTED ON OCT. 7TH AFTER A SUCCESSFUL STAND-UP PRESSURE TEST WAS COMPLETED.  ILI DATA WILL BE REVIEWED FOR THE POSSIBLE EXISTENCE OF SIMILAR FEATURES AND ADDRESSED ACCORDINGLY. PIPE WILL BE CUT OUT AND SENT FOR METALLURGICAL ANALYSIS IN EARLY 2023.    2022-11-22 NARRATIVE UPDATE - THE RELEASE OCCURRED IN THE 6 O'CLOCK POSITION ON THE PIPE.  CAUSE OF CORROSION WILL BE DETERMINED WHEN THE PIPE IS SENT FOR METALLURGICAL ANALYSIS.      2022-11-22 - PER PHMSA REQUEST - UPDATED PART A.7 WITH 0.3 BBLS RELEASED INSTEAD OF 0.33 BBLS RELEASE.  UPDATED PART A.9 WITH 0.3 BBLS RECOVERED INSTEAD OF 0.33 BBLS RECOVERED.  UPDATED PART B.2 WITH ""NOT WITHIN A MUNICIPALITY"".  UPDATED PART F, NARRATIVE DESCRIPTION WITH CAUSE OF CORROSION TO BE DETERMINED WITH METALLURGICAL ANALYSIS AND CORROSION POSITION ON PIPE AT 6 O'CLOCK.    2023-02-07 - UPDATE PART C, ITEM 1A FROM 8.625"" TO 8"" PER RRC OF TX REQUEST.    2023-08-16 - FINALIZED THE REPORT WITH NO CHANGES AFTER RECEIPT OF THE METALLURGICAL ANALYSIS REPORT CONFIRMED THE CAUSE TO BE EXTERNAL CORROSION."
11/3/2022	2022	20220105	37318	ORIGINAL FINAL	31878	BRIDGER PIPELINE LLC	455 N. POPLAR ST. 	CASPER	WY	82602	10/5/2022 15:15	MOUNTAIN	YES	43.04742	-105.26569	CRUDE OIL			7		7	NO						0	NO						0	LOCAL OPERATING PERSONNEL, INCLUDING CONTRACTORS		OPERATOR EMPLOYEE	10/5/2022 15:18	ONSHORE	NO			10/5/2022 15:18		NRC NOTIFICATION NOT REQUIRED		NO						NO	NO			0	WY	Not Within a Municipality	CONVERSE	NO	TOTALLY CONTAINED ON OPERATOR-CONTROLLED PROPERTY	NO																					OTHER			SUMP		CARBON STEEL		0.01	REPORTING-REGULATED GATHERING	NO				YES	NO	NO						NO									0	500	0	4000	0	0		4500	0	0	0	0	INCORRECT OPERATION	TANK, VESSEL, OR SUMP/SEPARATOR ALLOWED OR CAUSED TO OVERFILL OR OVERFLOW	DOUG THACKER		doug.thacker@truecos.com						"ON OCTOBER 5, 2022 A COMPANY EMPLOYEE DROVE TO THE SCOTT TRUCK DUMP STATION TO PULL A PIG FROM THE OAKLEY 6"" RECEIVER.  HE PLACED THE VALVES IN THE APPROPRIATE POSITIONS AND THEN OPENED THE RECEIVER DRAIN VALVE.  A FEW MINUTES AFTER OPENING THE RECEIVER DRAIN VALVE HE RECEIVED A CALL FROM THE CONTROL CENTER REGARDING A HIGH SUMP ALARM RECEIVED FOR THE FACILITY.  UPON INVESTIGATING THE COMPANY EMPLOYEE DISCOVERED HE HAD FAILED TO COMPLETELY CLOSE THE BYPASS VALVE SO IT WAS FLOWING INTO THE SUMP AND SUBSEQUENTLY OVERFLOWED IT.  THE EMPLOYEE IMMEDIATELY CLOSED THE VALVE AND STOPPED THE FLOW INTO THE SUMP.    APPROXIMATELY 7 BBLS. OF CRUDE OIL WERE RELEASED FROM THE SUMP INSIDE OF THE PUMP CONTAINMENT AREA.  ALL FREE LIQUIDS WERE RECOVERED AND RE-INJECTED BACK INTO THE SYSTEM.  CONTAMINATED SOIL/GRAVEL WAS REMOVED AND REPLACED WITH CLEAN SOIL/GRAVEL.  THE CONTAMINATED SOIL/GRAVEL WILL BE MANAGED IN ACCORDANCE WITH WYOMING DEQ REQUIREMENTS.    NO SURFACE WATER, GROUND WATER, OR WILDLIFE WAS IMPACTED BY THE RELEASE.      THE RELEASE DID NOT MEET STATE OR NRC REPORTING REQUIREMENTS; THEREFORE, NO NOTIFICATIONS WERE MADE."
11/4/2022	2022	20220106	37578	SUPPLEMENTAL FINAL	39654	ORYX DELAWARE OIL TRANSPORT LLC	333 CLAY ST. SUITE 1900 	HOUSTON	TX	77002	9/29/2022 16:00	CENTRAL	NO	31.9112148	-103.415127	CRUDE OIL			21		21	NO						0	NO						0	NOTIFICATION FROM PUBLIC			10/6/2022 14:15	ONSHORE	YES	OPERATOR	10/6/2022 16:08	10/6/2022 16:01		NRC NOTIFICATION NOT REQUIRED		NO						NO	NO			0	TX	Not Within a Municipality	LOVING	NO	PIPELINE RIGHT-OF-WAY	NO																					PIPE	PIPE BODY			6	CARBON STEEL		0.12	REPORTING-REGULATED GATHERING	NO				YES	NO	NO						NO									290000	2100	10000	5000	40000	0		347100	0	0	0	0	CORROSION FAILURE	INTERNAL CORROSION	NICOLAS GONZALEZ	HSE-REGULATORY COMPLIANCE - SUPERVISOR	nagonzalez@paalp.com	7136464376		NICOLAS GONZALEZ	nagonzalez@paalp.com	7136464376	APPROXIMATELY 21 BARRELS OF CRUDE OIL WERE RELEASED FROM THE LUDEMAN 1302 6IN (LOOP)-6 PIPELINE. THE CAUSE OF THE RELEASE IS ATTRIBUTED TO INTERNAL CORROSION. TO PREVENT FUTURE RELEASES, PLAINS PLACED A CLAMP AND HYDROTESTED THE PIPELINE. PLAINS IS FURTHER INVESTIGATING THE EARLIEST POSSIBLE TIME THE RELEASE COULD HAVE STARTED (PART A Q4), AS WELL AS COSTS ASSOCIATED WITH THE INCIDENT.     SUPPLEMENTAL REPORT: PART A Q4 IS INDICATIVE OF THE EARLIEST POSSIBLE DATE/TIME THE RELEASE COULD HAVE STARTED AS IT WAS THE LAST TIME THE RIGHT-OF-WAY HAD BEEN INSPECTED AND CONFIRMED TO BE NO RELEASE OF CRUDE OIL.  THE COST PROVIDED IN PART D Q6.A PERTAIN TO A REQUEST BY THE PUBLIC/NON-OPERATOR TO REMEDIATE THE INCIDENT LOCATION USING METHODS THAT ARE MORE STRINGENT THAN THE STATE REQUIRES.