REPORT_RECEIVED_DATE	IYEAR	REPORT_NUMBER	SUPPLEMENTAL_NUMBER	REPORT_TYPE	OPERATOR_ID	NAME	OPERATOR_STREET_ADDRESS	OPERATOR_CITY_NAME	OPERATOR_STATE_ABBREVIATION	OPERATOR_POSTAL_CODE	LOCAL_DATETIME	TIME_ZONE	DAYLIGHT_SAVINGS_IND	LOCATION_LATITUDE	LOCATION_LONGITUDE	COMMODITY_RELEASED_TYPE	COMMODITY_SUBTYPE	COMMODITY_DETAILS	UNINTENTIONAL_RELEASE_BBLS	INTENTIONAL_RELEASE_BBLS	RECOVERED_BBLS	FATALITY_IND	NUM_EMP_FATALITIES	NUM_CONTR_FATALITIES	NUM_ER_FATALITIES	NUM_WORKER_FATALITIES	NUM_GP_FATALITIES	FATAL	INJURY_IND	NUM_EMP_INJURIES	NUM_CONTR_INJURIES	NUM_ER_INJURIES	NUM_WORKER_INJURIES	NUM_GP_INJURIES	INJURE	ACCIDENT_IDENTIFIER	ACCIDENT_DETAILS	OPERATOR_TYPE	INCIDENT_IDENTIFIED_DATETIME	ON_OFF_SHORE	COMMUNICATION_STATE_FED_IND	PARTY_INITIATED_COMMUNICATION	INITIAL_RESPONDER_COM_DATETIME	ON_SITE_DATETIME	NRC_RPT_DATETIME	NRC_RPT_NUM	ADDITIONAL_NRC_REPORT_NUMBERS	IGNITE_IND	IGNITE_DATETIME	HOW_EXTINGUISHED	HOW_EXTINGUISHED_OTHER_DETAIL	PRODUCT_CONSUMED_BY_FIRE_BBLS	EXPLODE_IND	OIL_SPILL_RESP_PLAN_IND	OSRO_MOBILIZED_IND	OSRO_OPERATOR_NOTIFIED_DT	OSRO_ARRIVED_ON_SITE_DT	NUM_PUB_EVACUATED	ONSHORE_STATE_ABBREVIATION	ONSHORE_CITY_NAME	ONSHORE_COUNTY_NAME	FEDERAL	LOCATION_TYPE	CROSSING	BRIDGE_CROSSING_IND	BRIDGE_TYPE	RAILROAD_CROSSING_IND	RAILROAD_TYPE	ROAD_CROSSING_IND	ROAD_TYPE	WATER_CROSSING_IND	WATER_TYPE	WATER_NAME	WATER_DEPTH	WATER_SUBTYPE	YEAR_RECENT_ENG_EVALUATION	OFF_ACCIDENT_ORIGIN	OFFSHORE_STATE_ABBREVIATION	OFF_INSTATE_AREA	OFF_INSTATE_BLOCK	OFFSHORE_COUNTY_NAME	OCS_TYPE	OFF_OCS_AREA	OFF_OCS_BLOCK	ITEM_INVOLVED	PIPE_TYPE	JOINT_SUBTYPE	ITEM_INVOLVED_DETAILS	PIPE_DIAMETER	MATERIAL_INVOLVED	MATERIAL_DETAILS	PERCENT_PIPE_SMYS	CLASSIFICATION_PIPELINE_SYSTEM	WILDLIFE_IMPACT_IND	FISH_AQUATIC_IMPACT_IND	BIRDS_IMPACT_IND	TERRESTRIAL_IMPACT_IND	SOIL_CONTAMINATION	LONG_TERM_ASSESSMENT	REMEDIATION_IND	SURFACE_WATER_REMED_IND	GROUNDWATER_REMED_IND	SOIL_REMED_IND	VEGETATION_REMED_IND	WILDLIFE_REMED_IND	WATER_CONTAM_IND	OCEAN_SEAWATER_IND	SURFACE_CONTAM_IND	GROUNDWATER_CONTAM_IND	DRINKING_WATER_CONTAM_IND	PRIVATE_WELL_CONTAM_IND	PUBLIC_WATER_CONTAM_IND	AMOUNT_RELEASED_BBLS	REL_WATER_NAME	EST_COST_OPER_PAID	EST_COST_GAS_RELEASED	EST_COST_PROP_DAMAGE	EST_COST_EMERGENCY	EST_COST_ENVIRONMENTAL	EST_COST_OTHER	EST_COST_OTHER_DETAILS	PRPTY	NUM_PERSONS_HOSP_NOT_OVNGHT	NUM_INJURED_TREATED_BY_EMT	NUM_RESIDENT_BUILDING_AFFCTD	NUM_BUSINESS_BUILDING_AFFCTD	CAUSE	CAUSE_DETAILS	PREPARER_NAME	PREPARER_TITLE	PREPARER_EMAIL	PREPARER_TELEPHONE	PREPARER_FAX	LOCAL_CONTACT_NAME	LOCAL_CONTACT_EMAIL	LOCAL_CONTACT_TELEPHONE	NARRATIVE
9/6/2022	2022	20220081	37749	SUPPLEMENTAL FINAL	40149	WESTERN REFINING LOGISTICS, LP	1515 ARAPAHOE STREET SUITE 1600	DENVER	CO	80202	8/25/2022 14:00	MOUNTAIN	NO	32.13572363	-103.611535	CRUDE OIL			10		10	NO						0	NO						0	LOCAL OPERATING PERSONNEL, INCLUDING CONTRACTORS		OPERATOR EMPLOYEE	8/25/2022 14:00	ONSHORE	NO			8/25/2022 14:00	8/25/2022 14:05	1345540	1345707	NO						NO	NO			0	NM	Not Within a Municipality	LEA	YES	ORIGINATED ON OPERATOR-CONTROLLED PROPERTY, BUT THEN FLOWED OR MIGRATED OFF THE PROPERTY	NO																					OTHER			NIPPLE UNDER TRV		CARBON STEEL		0.01	REPORTING-REGULATED GATHERING	NO				YES	NO	NO						NO									0	928	100	0	121191	0		122219	0	0	0	0	EQUIPMENT FAILURE	THREADED CONNECTION/COUPLING FAILURE	KEITH NORRIS	PIPELINE COMPLIANCE	wknorris@mplx.com	15053600834		TONY MINUTILLO	tminutillo@mplx.com	3034893275	"THE RELEASE WAS IDENTIFIED BY OPERATIONS AT 14:00 MT AND STOPPED AT 1403 MT BY ISOLATING THE TRV (THERMAL RELIEF).     THE ESTIMATED AMOUNT OF CRUDE RELEASED IS 14 BARRELS DUE TO A CRACKED THREAD IN A 1"" NIPPLE.    AT 14:35, THE CONTROL ROOM WAS TOLD THAT FLOW COULD RESUME, MEANING THE LINE WAS DOWN FOR APPROXIMATELY 32 MINUTES."
9/22/2022	2022	20220090	37398	SUPPLEMENTAL FINAL	31888	CENTURION PIPELINE L.P.	1300 MAIN STREET 	HOUSTON	TX	77002	8/25/2022 9:45	CENTRAL	YES	32.476951	-102.802173	CRUDE OIL			0.5		0.5	NO						0	NO						0	OTHER	THIRD PARTY OPERATOR EMPLOYEE - PUMPER		8/25/2022 9:45	ONSHORE	NO			8/25/2022 9:30		NRC NOTIFICATION NOT REQUIRED		NO						YES	NO			0	TX	Not Within a Municipality	ANDREWS	NO	PIPELINE RIGHT-OF-WAY	NO																					PIPE	PIPE BODY			4	CARBON STEEL		0.01	REPORTING-REGULATED GATHERING	NO				YES	NO	YES			YES			NO									0	46	1900	3000	0	0		4946	0	0	0	0	CORROSION FAILURE	EXTERNAL CORROSION	Y-VAN TY	PIPELINE COMPLIANCE PROGRAM ADVISOR	yvan_ty@centurionpl.com	346-803-2718					"ON AUGUST 25, 2022, A THIRD PARTY OPERATOR EMPLOYEE NOTIFIED CENTURION PIPELINE, L.P. (CPL) OF A POTENTIAL LEAK NEAR CPL'S ""SCARBROUGH 4"" RIGHT-OF-WAY NEAR ANDREWS, IN ANDREWS COUNTY, TEXAS. A CPL EMPLOYEE ARRIVED ON-SITE AT 09:30 AND CONFIRMED THE LEAK WAS ON THE ""SCARBROUGH 4"" 4-INCH PIPELINE AT 09:45. TEMPORARY REPAIRS WERE COMPLETED. HALF (0.5) BARREL OF CRUDE OIL WAS RELEASED AND RECOVERED DURING THE PROCESS. CPL REMEDIATED THE CONTAMINATED SOIL ON SITE AND PERMANENT REPAIRS WERE COMPLETED ON AUGUST 26, 2022. NO INJURIES OR FATALITIES OR FIRES WERE ASSOCIATED WITH THIS INCIDENT. CPL'S INVESTIGATION IS STILL PENDING AND A SUPPLEMENTAL REPORT WILL FOLLOW UPON COMPLETION OF THE INVESTIGATION. THE SUPPLEMENT REPORT WILL INCLUDE THE ROOT CAUSE OF THE ACCIDENT AND ASSOCIATED P&M MEASURES.    SUPPLEMENTAL REPORT FILED ON NOVEMBER 30, 2022:  DURING THE ROOT CAUSE ANALYSIS ON THE ""SCARBROUGH 4"" 4-INCH PIPELINE, CPL DETERMINES THAT EXTERNAL CORROSION RESULTED IN THROUGH-WALL PIT AT THE 6 O'CLOCK POSITION ON BARE PIPE. UPON EXCAVATION, CPL DISCOVERED THAT THE CORROSION DAMAGE EXTENDED BEYOND THE IMMEDIATE LEAK LOCATION AND REPLACED THE DAMAGE SECTION OF APPROXIMATELY 39 FEET OF PIPE COATED WITH FUSION BOND EPOXY (FBE). NO FURTHER ACTIONS ARE REQUIRED."
9/22/2022	2022	20220092	37152	ORIGINAL FINAL	32619	HILAND CRUDE, LLC	1001 LOUISIANA ST, SUITE 1000 	HOUSTON	TX	77002	8/25/2022 7:00	MOUNTAIN	NO	47.8183324	-103.2355582	CRUDE OIL			2.5		2.5	NO						0	NO						0	OTHER	PHONE CALL FROM PRODUCER		8/25/2022 7:00	ONSHORE	NO			8/25/2022 7:15		NRC NOTIFICATION NOT REQUIRED		NO						NO	NO			0	ND	WATFORD CITY	MCKENZIE	NO	TOTALLY CONTAINED ON OPERATOR-CONTROLLED PROPERTY	NO																					OTHER			VICTAULIC CLAMP ON SUCTION SIDE OF PUMP		MATERIAL OTHER THAN CARBON STEEL	RUBBER GASKET ON THE CLAMP		REPORTING-REGULATED GATHERING	NO				NO	NO	NO						NO									0	233	20	3045	0	0		3298	0	0	0	0	INCORRECT OPERATION	EQUIPMENT NOT INSTALLED PROPERLY	VIGNESH RAMAN		vignesh_raman@kindermorgan.com	2817705911					ON 8/25/2022 AT 7:00 AM HILAND CRUDE OPERATOR RECEIVED A CALL FROM THE PRODUCER AT THE JOHNSONS CORNER STATION STATING THAT A LEAK HAD OCCURRED INSIDE LINED CONTAINMENT ON THE XTO DAVE ROLFSON. AT 7:10 AM HILAND CRUDE OPERATOR ARRIVED ON SITE AND CONFIRMED THE DISCOVERY OF THE LEAK. OPERATOR INITIATED THE EMERGENCY RESPONSE LINE (ERL) PROCESS AND DURING THE ERL CALL, THE ACCIDENT WAS DEEMED REPORTABLE, AND THE INVESTIGATION COMMENCED.   THE INVESTIGATION CONCLUDED THAT THE RELEASE HAD OCCURRED DUE TO A FAILED VICTAULIC CLAMP ON THE SUCTION SIDE OF THE PUMP. THE VICTAULIC RUBBER GASKETS HAD NOT BEEN INSTALLED PROPERLY CAUSING A LEAK OVER TIME. THE SITE WAS ALREADY SHUT IN SO THERE WAS NO INTERRUPTION IN SERVICE. IN ORDER TO PREVENT SPILLS LIKE THIS FROM OCCURRING, A TRAINING HAS BEEN CONDUCTED ON THE PROPER INSTALLATION OF VICTAULIC GASKETS.
9/19/2022	2022	20220089	37156	SUPPLEMENTAL FINAL	22465	TARGA PIPELINE MID-CONTINENT WESTTEX LLC	811 LOUISIANA STREET, SUITE 2100 	HOUSTON	TX	77002	8/21/2022 20:30	CENTRAL	YES	32.413351	-101.500731	CRUDE OIL			150		150	NO						0	NO						0	NOTIFICATION FROM PUBLIC			8/21/2022 19:00	ONSHORE	NO			8/21/2022 20:30		NRC NOTIFICATION NOT REQUIRED		NO						NO	NO			0	TX	Not Within a Municipality	HOWARD	NO	PIPELINE RIGHT-OF-WAY	NO																					OTHER			PIPE REPAIR CLAMP		MATERIAL OTHER THAN CARBON STEEL	NITRILE		REPORTING-REGULATED GATHERING	NO				YES	NO	YES			YES			NO									5000	13500	500	0	20000	1500	3RD PARTY VACUUM TRUCK	40500	0	0	0	0	EQUIPMENT FAILURE	OTHER EQUIPMENT FAILURE	JORDAN NORTH	SPECIALIST PIPELINE COMPLIANCE	jnorth@targaresources.com	940-577-9500		JORDAN NORTH	jnorth@targaresources.com	940-577-9500	AT AROUND 7 PM TARGA WAS NOTIFIED BY A THIRD PARTY THAT THERE WAS AN OIL LEAK IN A FIELD NEAR OUR PIPELINE ROW. TARGA PERSONNEL RESPONDED TO NOTIFICATION AND ARRIVED ON SCENE AROUND 8:30 PM & VERIFIED IT WAS A CRUDE OIL PIPELINE LEAK. BLOCK VALVES UPSTREAM AND DOWNSTREAM WERE BLOCKED IN ABOUT 8:45 PM SO THAT REPAIRS AND REMEDIATION COULD BEGIN. AFTER EXPOSING PIPELINE IT WAS FOUND THAT THE NITRILE GASKET OF A PIPE REPAIR CLAMP, INSTALLED IN JULY 2021, HAD FAILED CAUSING THE LEAK. TO MITIGATE THIS AND PREVENT RECURRENCE A HIGHER PRESSURE RATED  PIPE REPAIR CLAMP WAS INSTALLED. TARGA IS ALSO IN THE PROCESS OF EVALUATING THE PRODUCT AND CORROSION INHIBITORS BEING USED ON THIS SYSTEM TO ENSURE THE BEST TREATMENT IS BEING UTILIZED. ANOTHER CONSIDERATION TARGA IS EVALUATING IS REPLACING THE SECTION OF PIPE CONTAINING THE HIGH PRESSURE REPAIR CLAMP WITH NEW PIPE TO PREVENT RECURRENCE.
9/17/2022	2022	20220087	37485	SUPPLEMENTAL FINAL	39348	NUSTAR PERMIAN TRANSPORTATION AND STORAGE, LLC	19003 IH-10 WEST  	SAN ANTONIO	TX	78257	8/19/2022 20:30	CENTRAL	YES	32.2576	-101.61432	CRUDE OIL			3.4		2	NO						0	NO						0	NOTIFICATION FROM PUBLIC			8/19/2022 20:30	ONSHORE	NO			8/19/2022 21:07		NRC NOTIFICATION NOT REQUIRED		NO						NO	NO			0	TX	Not Within a Municipality	HOWARD	NO	TOTALLY CONTAINED ON OPERATOR-CONTROLLED PROPERTY	NO																					OTHER			90-DEGREE ELBOW ON DRAIN LINE		CARBON STEEL		6	REPORTING-REGULATED GATHERING	NO				YES	NO	NO						NO									0	127	11250	1284	0	6500	LAB ANALYSIS	19161	0	0	0	0	EQUIPMENT FAILURE	FAILURE OF EQUIPMENT BODY (EXCEPT PUMP), TANK PLATE, OR OTHER MATERIAL	RUSSELL PESEK		russell.pesek@nustarenergy.com	3612499417					NUSTAR OPERATIONS PERSONNEL RECEIVED A NOTIFICATION FROM A THIRD-PARTY PUMPER OF A POSSIBLE LEAK AT ITS GUITAR EAST CDP SITE.  NUSTAR'S CONTROL ROOM SHUTDOWN THE PUMP AT THE CDP AND PERSONNEL WERE DISPATCHED TO THE SITE.  A LEAK WAS DISCOVERED AT A 90-DEGREE ELBOW FITTING WELDED TO A 2-INCH DRAIN LINE LOCATED ON THE LAUNCHER TRAP.  THE FAILED FITTING AND DRAIN LINE WERE REMOVED FROM SERVICE AND REPLACED.  THE CAUSE OF THE LEAK IS UNDER INVESTIGATION.  UPDATE: THE FAILURE ORIGINATED FROM A CRACK ON THE NEUTRAL AXIS OF THE ELBOW FITTING.  THE PIPE SPOOL LEAK DEVELOPED DUE TO FATIGUE FRACTURE THAT INITIATED AT MULTIPLE POINTS ALONG THE ELBOW ID AND WAS CAUSED BY EXTERNAL LOADING.
9/15/2022	2022	20220086	37209	SUPPLEMENTAL FINAL	32099	ENERGY TRANSFER COMPANY	1300 MAIN STREET 	HOUSTON	TX	77002	8/19/2022 10:11	CENTRAL	YES	28.05383	-99.65989	CRUDE OIL			3		0	NO						0	NO						0	LOCAL OPERATING PERSONNEL, INCLUDING CONTRACTORS		OPERATOR EMPLOYEE	8/19/2022 10:11	ONSHORE	NO			8/19/2022 10:11		NRC NOTIFICATION NOT REQUIRED		NO						NO	NO			0	TX	LAREDO	WEBB	NO	PIPELINE RIGHT-OF-WAY	NO																					PIPE	PIPE BODY			6	CARBON STEEL		1.37	REPORTING-REGULATED GATHERING	NO				YES	YES	YES			YES			NO									26000	266	13000	324	25000	0		64590	0	0	0	0	CORROSION FAILURE	INTERNAL CORROSION	TIMOTHY BUNAG	SR. ENGINEER - REGULATORY COMPLIANCE	timothy.bunag@energytransfer.com	713-989-2054					ON AUGUST 19, 2022, AT APPROXIMATELY 10:11 AM, ENERGY TRANSFER OPERATIONS PERSONNEL IDENTIFIED A LEAK IN THE PIPELINE RIGHT-OF-WAY ON THE G9CDP 6- INCH CONDENSATE PIPELINE. THIS PIPELINE IS A REPORTING-ONLY LIQUID GATHERING PIPELINE IN A RURAL AREA LOCATED IN WEBB COUNTY, APPROXIMATELY 35 MILES NORTH OF LAREDO, TX. OPERATIONS PROCEEDED WITH EQUIPMENT SETUP FOR CLEANUP AND LINE ISOLATION. THE UPSTREAM VALVE WAS LOCKED OUT AND TAGGED OUT AT 12:30 PM. THE DOWNSTREAM VALVE WAS LOCKED OUT AND TAGGED OUT AT 12:35 PM. REPAIRS WERE MADE, AND LINE WAS PUT BACK IN SERVICE AS OF 2:30 PM ON AUGUST 19, 2022. INVESTIGATION REVEALED THAT THE APPARENT CAUSE OF THE INCIDENT WAS DUE TO INTERNAL CORROSION (MIC).    TO PREVENT RE-OCCURRENCE, ENERGY TRANSFER HAS WORKED WITH BAKER HUGHES TO ADJUST CHEMICAL BATCH TREATMENTS AND IS PERFORMING 24-HOUR PRESSURE TESTS EVERY 3-6 MONTHS TO IDENTIFY ADDITIONAL INTERNAL CORROSION ISSUES. ET IS ALSO PERFORMING UT EVALUATIONS ON LOW ELEVATION PIPE SEGMENTS.    THIS FACILITY IS UNDER THE JURISDICTION OF THE TEXAS RAILROAD COMMISSION.
9/18/2022	2022	20220088	38126	SUPPLEMENTAL FINAL	39147	ENABLE GAS GATHERING, LLC	1300 MAIN STREET 	HOUSTON	TX	77002	8/18/2022 7:00	CENTRAL	YES	34.897832	-97.758192	CRUDE OIL			100		80	NO						0	NO						0	LOCAL OPERATING PERSONNEL, INCLUDING CONTRACTORS		OPERATOR EMPLOYEE	8/18/2022 7:00	ONSHORE	YES	OPERATOR	8/18/2022 8:08	8/18/2022 7:00	8/18/2022 10:57	1344835		NO						YES	YES	8/18/2022 9:00	8/18/2022 10:00	0	OK	BRADLEY	GRADY	NO	ORIGINATED ON OPERATOR-CONTROLLED PROPERTY, BUT THEN FLOWED OR MIGRATED OFF THE PROPERTY	NO																					OTHER			"1"" NIPPLE"		CARBON STEEL		12.75	REPORTING-REGULATED GATHERING	YES			YES	YES	NO	YES			YES			YES		YES					50	UNNAMED INTERMITTENT TRIBUTARY	5000	2000	100	30000	200000	0		237100	0	0	0	0	EQUIPMENT FAILURE	THREADED CONNECTION/COUPLING FAILURE	TODD NARDOZZI	DIRECTOR - REGULATORY COMPLIANCE	todd.nardozzi@energytransfer.com	7139897126					ON 8/18/2022 AT APPROXIMATELY 07:00, AN ET MECHANICAL TECHNICIAN ARRIVED ON SITE AND NOTICED CRUDE OIL SPRAYING FROM THE V-3A LIGHTNER 4-INCH LINE. THE TECHNICIAN IMMEDIATELY SHUTDOWN AND ISOLATED THE LINE. APPROXIMATELY 100 BARRELS OF CRUDE OIL SPRAYED ONTO THE GROUND AND TRAVELED TO A NEARBY UNNAMED INTERMITTENT TRIBUTARY OF ROARING CREEK.    CLEAN-UP CREWS WERE MOBILIZED AND RECOVERY ACTIVITIES INITIATED. REMEDIAL EXCAVATION ACTIVITIES WERE IMMEDIATELY INITIATED AT THE POINT OF RELEASE AND ALONG THE UNNAMED INTERMITTENT TRIBUTARY OF ROARING CREEK. EXCAVATED SOIL HAS BEEN STAGED AT A NEARBY STATION FOR TESTING BEFORE BEING DISPOSED AT A LANDFILL.    THE INVESTIGATION DETERMINED THE DESIGN AND SUPPORT FOR THE 1-INCH NIPPLE WAS INADEQUATE. MISSING OR INADEQUATE SUPPORTS TO REDUCE VIBRATION LED TO THE NIPPLE FAILING AND CAUSING THE RELEASE. THE NIPPLE WAS REPLACED AND LINE RESTARTED AT 10:00.     TO PREVENT RECURRENCE, SUPPORT WAS REDESIGNED TO REDUCE VIBRATION.
9/14/2022	2022	20220085	37146	SUPPLEMENTAL FINAL	30829	ENTERPRISE CRUDE PIPELINE LLC	1100 LOUISIANA STREET 	HOUSTON	TX	77002	8/16/2022 15:00	CENTRAL	YES	31.723713	-102.307349	CRUDE OIL			0.2		0.2	NO						0	NO						0	LOCAL OPERATING PERSONNEL, INCLUDING CONTRACTORS		OPERATOR EMPLOYEE	8/16/2022 15:00	ONSHORE	NO			8/16/2022 15:00		NRC NOTIFICATION NOT REQUIRED		NO						NO	NO			0	TX	Not Within a Municipality	ECTOR	NO	TOTALLY CONTAINED ON OPERATOR-CONTROLLED PROPERTY	NO																					OTHER			PUMP SEAL		CARBON STEEL		0.23	REPORTING-REGULATED GATHERING	NO				YES	NO	YES			YES			NO									0	17	0	0	1000	0		1017	0	0	0	0	INCORRECT OPERATION	EQUIPMENT NOT INSTALLED PROPERLY	YAROSLAV BIL	PIPELINE COMPLIANCE ENGINEER	ybil@eprod.com	713-381-5650		YAROSLAV BIL	ybil@eprod.com	713-381-5650	ON 8/16/2022 AT 15:00 CST, AFTER MAINTENANCE ON A PUMP AT FIREBIRD COLLINGSWORTH STATION, DURING RETURN TO SERVICE OF THE PUMP, THE ENTERPRISE TECHNICIAN DETECTED CRUDE OIL SPRAYING FROM THE SEAL. CRUDE OIL WAS ESTIMATED AT 0.20 BARRELS RELEASED. AFTER INVESTIGATION IT WAS DETERMINED THE THE MANUFACTURER LEFT THE SEAL SLEEVE OFF OF POWER FRAME OF THE PUMP PRIOR TO DELIVER TO ENTERPRISE. ALL OIL ON THE GROUND WAS REMEDIATED.
9/12/2022	2022	20220084	37294	SUPPLEMENTAL FINAL	31888	CENTURION PIPELINE L.P.	1300 MAIN STREET 	HOUSTON	TX	77002	8/12/2022 16:30	CENTRAL	YES	32.136325	-102.418884	CRUDE OIL			1		1	NO						0	NO						0	LOCAL OPERATING PERSONNEL, INCLUDING CONTRACTORS		OPERATOR EMPLOYEE	8/12/2022 16:30	ONSHORE	NO			8/12/2022 16:30		NRC NOTIFICATION NOT REQUIRED		NO						YES	NO			0	TX	ANDREWS	ANDREWS	NO	PIPELINE RIGHT-OF-WAY	NO																					PIPE	PIPE BODY			6	CARBON STEEL		3.2	REPORTING-REGULATED GATHERING	NO				YES	NO	YES			YES			NO									0	92	53850	1050	0	0		54992	0	0	0	0	CORROSION FAILURE	EXTERNAL CORROSION	Y-VAN TY	PIPELINE COMPLIANCE PROGRAM ADVISOR	yvan_ty@centurionpl.com	346-803-2718	346-803-2718				"ON AUGUST 12, 2022, A CENTURION PIPELINE L.P. (CPL)'S EMPLOYEE DISCOVERED A LEAK NEAR CPL'S ""MIDLAND FARMS TO ECTOR"" RIGHT-OF-WAY NEAR ANDREWS IN ANDREWS, COUNTY, TEXAS. THE CPL'S EMPLOYEE ARRIVED ON-SITE AT 16:30 AND CONFIRMED THE LEAK WAS ON THE ""MIDLAND FARMS TO ECTOR"" 6-INCH PIPELINE. ONE (1) BARREL OF CRUDE OIL WAS RELEASED AND RECOVERED DURING THE PROCESS. CPL REMEDIATED THE CONTAMINATED SOIL ON SITE AND TEMPORARY REPAIRS WERE COMPLETED. NO INJURIES, FATALITIES OR FIRES WERE ASSOCIATED WITH THIS INCIDENT. CPL'S INVESTIGATION IS STILL PENDING AND A SUPPLEMENTAL REPORT WILL FOLLOW UPON THE COMPLETION OF THE INVESTIGATION. THE SUPPLEMENTAL REPORT WILL INCLUDE THE ROOT CAUSE OF THE ACCIDENT, DATE OF PERMANENT REPAIRS AND ASSOCIATED P&M MEASURES.    SUPPLEMENTAL REPORT FILED ON OCTOBER 31, 2022:  DURING THE ROOT CAUSE FAILURE ANALYSIS (RCFA) OF THE MIDLAND TO ECTOR 6'' PIPELINE, CPL DETERMINED THE CAUSE OF THE LEAK TO BE EXTERNAL CORROSION THAT RESULTED IN A THROUGH-WALL CORROSION PIT AT THE 3 O'CLOCK POSITION ON BARE PIPE. UPON EXCAVATION, CPL DISCOVERED THAT THE CORROSION DAMAGE EXTENDED BEYOND THE IMMEDIATE LEAK LOCATION AND REPLACED THE DAMAGED SECTION WITH 2,500 FEET OF PIPE COATED WITH FUSION BONDED EPOXY (FBE). NO FURTHER ACTIONS ARE REQUIRED."
9/8/2022	2022	20220083	38302	SUPPLEMENTAL FINAL	31476	ET CRUDE OPERATING LLC	1300 MAIN STREET 	HOUSTON	TX	77002	8/10/2022 10:30	CENTRAL	YES	37.79232	-98.13711	CRUDE OIL			1.5		1.5	NO						0	NO						0	LOCAL OPERATING PERSONNEL, INCLUDING CONTRACTORS		OPERATOR EMPLOYEE	8/10/2022 10:30	ONSHORE	YES	OPERATOR	8/10/2022 14:54	8/10/2022 10:30		NRC NOTIFICATION NOT REQUIRED		NO						YES	NO			0	KS	Not Within a Municipality	RENO	NO	TOTALLY CONTAINED ON OPERATOR-CONTROLLED PROPERTY	NO																					OTHER			SUMP		CARBON STEEL		7.4	REPORTING-REGULATED GATHERING	NO				YES	NO	YES			YES			NO									0	116	1914	1400	5000	0		8430	0	0	0	0	EQUIPMENT FAILURE	NON-THREADED CONNECTION FAILURE	TODD NARDOZZI	DIRECTOR - REGULATORY COMPLIANCE	todd.nardozzi@energytransfer.com	713-989-7126					ON 8/10/2022 AT APPROXIMATELY 10:30, A PIPELINE TECH DISCOVERED CRUDE OIL COMING FROM THE SUMP. THE PIPELINE TECH IMMEDIATELY ISOLATED THE LINE. APPROXIMATELY 1.5 BARRELS OF CRUDE OIL WAS RELEASED TO STATION SOIL.     AN INVESTIGATION DETERMINED THE VALVE-HANDLE SEAL FAILED FORCING PRODUCT INTO THE DISCHARGE VALVE AND CAUSING A RELEASE FROM THE SUMP. THE CHECK VALVE AND 2-INCH VALVE WERE REPLACED.     PROPER SOIL DISPOSAL METHOD FOLLOWING SOIL SAMPLING RESULTS.     SUPPLEMENTAL REPORT:  THE ACCIDENT SUB-CAUSE HAS CHANGED FROM THREADED CONNECTION/COUPLING FAILURE TO NON-THREADED CONNECTION FAILURE.
9/7/2022	2022	20220082	37184	SUPPLEMENTAL FINAL	31878	BRIDGER PIPELINE LLC	455 N. POPLAR ST. 	CASPER	WY	82602	8/7/2022 11:05	MOUNTAIN	YES	47.29977	-103.79375	CRUDE OIL			1		1	NO						0	NO						0	LOCAL OPERATING PERSONNEL, INCLUDING CONTRACTORS		OPERATOR EMPLOYEE	8/7/2022 11:05	ONSHORE	YES	OPERATOR	8/7/2022 16:07	8/7/2022 11:05		NRC NOTIFICATION NOT REQUIRED		NO						NO	NO			0	ND	Not Within a Municipality	GOLDEN VALLEY	YES	TOTALLY CONTAINED ON OPERATOR-CONTROLLED PROPERTY	NO																					OTHER			PISTON PUMP		MATERIAL OTHER THAN CARBON STEEL	FAULTY PACKING		REPORTING-REGULATED GATHERING	NO				YES	NO	NO						NO									0	100	500	9090	0	1716	SECURE DIRT DISPOSAL COSTS	11406	0	0	0	0	EQUIPMENT FAILURE	PUMP OR PUMP-RELATED EQUIPMENT	KEVIN PENA	PIPELINE COMPLIANCE COORDINATOR	kevin.pena@truecos.com	406-939-3133					AN OPERATOR EMPLOYEE ARRIVED ONSITE AT 11:05 ON AUGUST 7TH AS PART OF HIS NORMAL DUTIES, AND NOTICED THE RELEASE NEAR THE PUMP SITE.  THE PUMP WAS SHUT DOWN AND ISOLATED IMMEDIATELY.  AN EMERGENCY ONE-CALL WAS PLACED BY A THIRD PARTY CONTRACTOR (LOENBRO), AND CLEANUP COMMENCED ON THE MORNING OF AUGUST 8TH.  FREE-STANDING OIL WAS RECOVERED AND REINJECTED INTO THE SYSTEM, WHILE CONTAMINATED SOIL WAS REMOVED FROM THE SITE AND HAULED TO THE SECURE ENERGY SRVS DISPOSAL SITE NEAR KEENE, ND.  CLEAN FILL DIRT WAS HAULED BACK TO THE LOCATION.    UPON INVESTIGATION, IT WAS DISCOVERED THAT THE PACKING AROUND ONE OF THE PUMP RODS HAD EFFECTIVELY WORN OUT AND ALLOWED EXCESS OIL TO RUN OUT OF THE PACKING AND OVERFILL THE SUMP.  THE FAULTY PUMP PACKING WAS REPLACED, AND THE PUMP RESUMED NORMAL OPERATIONS ON AUGUST 9TH.  KIM GROTTE WITH THE US FOREST SERVICE WAS NOTIFIED AND KEPT UPDATED THROUGHOUT THE CLEANUP PROCESS.