REPORT_RECEIVED_DATE	IYEAR	REPORT_NUMBER	SUPPLEMENTAL_NUMBER	REPORT_TYPE	OPERATOR_ID	NAME	OPERATOR_STREET_ADDRESS	OPERATOR_CITY_NAME	OPERATOR_STATE_ABBREVIATION	OPERATOR_POSTAL_CODE	LOCAL_DATETIME	TIME_ZONE	DAYLIGHT_SAVINGS_IND	LOCATION_LATITUDE	LOCATION_LONGITUDE	COMMODITY_RELEASED_TYPE	COMMODITY_SUBTYPE	COMMODITY_DETAILS	UNINTENTIONAL_RELEASE_BBLS	INTENTIONAL_RELEASE_BBLS	RECOVERED_BBLS	FATALITY_IND	NUM_EMP_FATALITIES	NUM_CONTR_FATALITIES	NUM_ER_FATALITIES	NUM_WORKER_FATALITIES	NUM_GP_FATALITIES	FATAL	INJURY_IND	NUM_EMP_INJURIES	NUM_CONTR_INJURIES	NUM_ER_INJURIES	NUM_WORKER_INJURIES	NUM_GP_INJURIES	INJURE	ACCIDENT_IDENTIFIER	ACCIDENT_DETAILS	OPERATOR_TYPE	INCIDENT_IDENTIFIED_DATETIME	ON_OFF_SHORE	COMMUNICATION_STATE_FED_IND	PARTY_INITIATED_COMMUNICATION	INITIAL_RESPONDER_COM_DATETIME	ON_SITE_DATETIME	NRC_RPT_DATETIME	NRC_RPT_NUM	ADDITIONAL_NRC_REPORT_NUMBERS	IGNITE_IND	IGNITE_DATETIME	HOW_EXTINGUISHED	HOW_EXTINGUISHED_OTHER_DETAIL	PRODUCT_CONSUMED_BY_FIRE_BBLS	EXPLODE_IND	OIL_SPILL_RESP_PLAN_IND	OSRO_MOBILIZED_IND	OSRO_OPERATOR_NOTIFIED_DT	OSRO_ARRIVED_ON_SITE_DT	NUM_PUB_EVACUATED	ONSHORE_STATE_ABBREVIATION	ONSHORE_CITY_NAME	ONSHORE_COUNTY_NAME	FEDERAL	LOCATION_TYPE	CROSSING	BRIDGE_CROSSING_IND	BRIDGE_TYPE	RAILROAD_CROSSING_IND	RAILROAD_TYPE	ROAD_CROSSING_IND	ROAD_TYPE	WATER_CROSSING_IND	WATER_TYPE	WATER_NAME	WATER_DEPTH	WATER_SUBTYPE	YEAR_RECENT_ENG_EVALUATION	OFF_ACCIDENT_ORIGIN	OFFSHORE_STATE_ABBREVIATION	OFF_INSTATE_AREA	OFF_INSTATE_BLOCK	OFFSHORE_COUNTY_NAME	OCS_TYPE	OFF_OCS_AREA	OFF_OCS_BLOCK	ITEM_INVOLVED	PIPE_TYPE	JOINT_SUBTYPE	ITEM_INVOLVED_DETAILS	PIPE_DIAMETER	MATERIAL_INVOLVED	MATERIAL_DETAILS	PERCENT_PIPE_SMYS	CLASSIFICATION_PIPELINE_SYSTEM	WILDLIFE_IMPACT_IND	FISH_AQUATIC_IMPACT_IND	BIRDS_IMPACT_IND	TERRESTRIAL_IMPACT_IND	SOIL_CONTAMINATION	LONG_TERM_ASSESSMENT	REMEDIATION_IND	SURFACE_WATER_REMED_IND	GROUNDWATER_REMED_IND	SOIL_REMED_IND	VEGETATION_REMED_IND	WILDLIFE_REMED_IND	WATER_CONTAM_IND	OCEAN_SEAWATER_IND	SURFACE_CONTAM_IND	GROUNDWATER_CONTAM_IND	DRINKING_WATER_CONTAM_IND	PRIVATE_WELL_CONTAM_IND	PUBLIC_WATER_CONTAM_IND	AMOUNT_RELEASED_BBLS	REL_WATER_NAME	EST_COST_OPER_PAID	EST_COST_GAS_RELEASED	EST_COST_PROP_DAMAGE	EST_COST_EMERGENCY	EST_COST_ENVIRONMENTAL	EST_COST_OTHER	EST_COST_OTHER_DETAILS	PRPTY	NUM_PERSONS_HOSP_NOT_OVNGHT	NUM_INJURED_TREATED_BY_EMT	NUM_RESIDENT_BUILDING_AFFCTD	NUM_BUSINESS_BUILDING_AFFCTD	CAUSE	CAUSE_DETAILS	PREPARER_NAME	PREPARER_TITLE	PREPARER_EMAIL	PREPARER_TELEPHONE	PREPARER_FAX	LOCAL_CONTACT_NAME	LOCAL_CONTACT_EMAIL	LOCAL_CONTACT_TELEPHONE	NARRATIVE
7/27/2022	2022	20220066	36901	ORIGINAL FINAL	39147	ENABLE GAS GATHERING, LLC	1300 MAIN STREET 	HOUSTON	TX	77002	7/2/2022 7:15	CENTRAL	YES	34.752201	-97.617851	CRUDE OIL			5		5	NO						0	NO						0	OTHER	SEPARATE OPERATOR EMPLOYEE		7/2/2022 7:15	ONSHORE	NO			7/2/2022 7:15		NRC NOTIFICATION NOT REQUIRED		NO						YES	NO			0	OK	LINDSAY	GARVIN	NO	TOTALLY CONTAINED ON OPERATOR-CONTROLLED PROPERTY	NO																					OTHER			PIPE NIPPLE		CARBON STEEL		0.13	REPORTING-REGULATED GATHERING	NO				YES	NO	YES			YES			NO									0	500	1500	2000	500	0		4500	0	0	0	0	EQUIPMENT FAILURE	THREADED CONNECTION/COUPLING FAILURE	TODD NARDOZZI	DIRECTOR - REGULATORY COMPLIANCE	todd.nardozzi@energytransfer.com	713-989-7126					ON 7/2/22 AT APPROXIMATELY 07:15, COMPANY PERSONNEL WERE NOTIFIED BY A 3RD PARTY DRIVER ABOUT A LEAK AT THE HARDKNOX STATION. THE STATION WAS IMMEDIATELY SHUTDOWN AND CLEAN-UP OPERATIONS COMMENCED. UPON INVESTIGATION IT WAS DETERMINED THAT A PIPE NIPPLE HAD FAILED.  IT WAS DETERMINED THIS NIPPLE WAS NOT NECESSARY AND A SOLID THREADED PLUG WAS INSTALLED IN ITS PLACE.  AT APPROXIMATELY 14:00, STATION CLEANUP EFFORTS WERE COMPLETED.
7/27/2022	2022	20220067	37018	SUPPLEMENTAL FINAL	31888	CENTURION PIPELINE L.P.	1300 MAIN STREET 	HOUSTON	TX	77002	7/1/2022 14:30	CENTRAL	YES	32.137819	-102.418042	CRUDE OIL			1		1	NO						0	NO						0	OTHER	THIRD PARTY OPERATOR'S EMPLOYEE (PUMPER)		7/1/2022 14:30	ONSHORE	NO			7/1/2022 14:30		NRC NOTIFICATION NOT REQUIRED		NO						YES	NO			0	TX	Not Within a Municipality	ANDREWS	NO	PIPELINE RIGHT-OF-WAY	NO																					PIPE	PIPE BODY			6	CARBON STEEL		3.2	REPORTING-REGULATED GATHERING	NO				YES	NO	YES			YES			NO									0	100	24600	5000	0	0		29700	0	0	0	0	CORROSION FAILURE	EXTERNAL CORROSION	Y-VAN TY	PIPELINE COMPLIANCE PROGRAM ADVISOR	yvan_ty@centurionpl.com	346-803-2718					"ON JULY 1, 2022, A THIRD PARTY OPERATOR (OCCIDENTAL PETROLEUM) EMPLOYEE DISCOVERED A LEAK NEAR CPL'S ""MIDLAND FARMS TO ECTOR"" RIGHT-OF-WAY NEAR ANDREWS, IN ANDREWS COUNTY, TEXAS. A CENTURION PIPELINE L.P.(CPL)'S EMPLOYEE ARRIVED ON-SITE AT 14:30 AND CONFIRMED THE LEAK WAS ON THE ""MIDLAND FARMS TO ECTOR"" 6-INCH PIPELINE. TEMPORARY REPAIRS WERE COMPLETED. ONE (1) BARREL OF CRUDE OIL WAS RELEASED AND RECOVERED DURING THE PROCESS. CPL REMEDIATED THE CONTAMINATED SOIL ON SITE AND PERMANENT REPAIRS WERE COMPLETED ON JULY 14, 2022. NO INJURIES, FATALITIES OR FIRES WERE ASSOCIATED WITH THIS INCIDENT. CPL'S INVESTIGATION IS STILL PENDING AND A SUPPLEMENTAL REPORT WILL FOLLOW UPON THE COMPLETION OF THE INVESTIGATION. THE SUPPLEMENTAL REPORT WILL INCLUDE THE ROOT CAUSE OF THE ACCIDENT AND ASSOCIATED P&M MEASURES.    SUPPLEMENTAL REPORT FILED ON AUGUST 25, 2022:  DURING THE ROOT CAUSE FAILURE ANALYSIS (RCFA) OF THE MIDLAND TO ECTOR 6'' PIPELINE, CPL DETERMINED THE CAUSE OF THE LEAK TO BE EXTERNAL CORROSION THAT RESULTED IN A THROUGH-WALL CORROSION PIT AT THE 6 O'CLOCK POSITION ON BARE PIPE. UPON EXCAVATION, CPL DISCOVERED THAT THE CORROSION DAMAGE EXTENDED BEYOND THE IMMEDIATE LEAK LOCATION AND REPLACED THE DAMAGED SECTION WITH 175 FEET OF PIPE COATED WITH FUSION BONDED EPOXY (FBE). NO FURTHER ACTIONS ARE REQUIRED."
7/29/2022	2022	20220069	36921	SUPPLEMENTAL FINAL	39348	NUSTAR PERMIAN TRANSPORTATION AND STORAGE, LLC	19003 IH-10 WEST  	SAN ANTONIO	TX	78257	6/30/2022 11:45	CENTRAL	YES	32.14591	-101.69182	CRUDE OIL			4.32		3	NO						0	NO						0	GROUND PATROL BY OPERATOR OR ITS CONTRACTOR		OPERATOR EMPLOYEE	6/30/2022 11:45	ONSHORE	NO			6/30/2022 11:45		NRC NOTIFICATION NOT REQUIRED		NO						NO	NO			0	TX	Not Within a Municipality	HOWARD	NO	PIPELINE RIGHT-OF-WAY	NO																					PIPE	PIPE BODY			6	CARBON STEEL		5.5	REPORTING-REGULATED GATHERING	NO				YES	NO	NO						NO									0	145	7000	6000	0	0		13145	0	0	0	0	CORROSION FAILURE	INTERNAL CORROSION	RUSSELL PESEK	PIPELINE SAFETY MANAGER	russell.pesek@nustarenergy.com	3612499417					NUSTAR OPERATIONS PERSONNEL DISCOVERED A CRUDE OIL LEAK AT ITS 104P SME DUKE GATHERING FACILITY DURING A ROUTINE INSPECTION.  THE LEAK ORIGINATED ON A SIX-INCH BELOW-GRADE SEGMENT BETWEEN THE PUMP AND THE LAUNCHER TRAP.  THE PUMP AT THE SITE WAS SHUT DOWN AND THE PIPE SEGMENT CONTAINING THE LEAK WAS ISOLATED.  TO PREVENT RECURRENCE, THE SIX-INCH PIPE SEGMENT BETWEEN THE PUMP AND THE LAUNCHER TRAP WAS REPLACED.  ADDITIONALLY, THE PIPING SEGMENT WAS REDESIGNED AND INSTALLED ABOVE-GRADE TO FACILITATE PIPING INSPECTIONS.
7/19/2022	2022	20220064	36875	ORIGINAL FINAL	30829	ENTERPRISE CRUDE PIPELINE LLC	1100 LOUISIANA STREET 	HOUSTON	TX	77002	6/22/2022 10:30	CENTRAL	YES	32.104197	-102.19907	CRUDE OIL			0.6		0.6	NO						0	NO						0	LOCAL OPERATING PERSONNEL, INCLUDING CONTRACTORS		OPERATOR EMPLOYEE	6/22/2022 10:30	ONSHORE	NO			6/22/2022 10:30		NRC NOTIFICATION NOT REQUIRED		NO						NO	NO			0	TX	Not Within a Municipality	MARTIN	NO	TOTALLY CONTAINED ON OPERATOR-CONTROLLED PROPERTY	NO																					OTHER			TUBING FITTING		MATERIAL OTHER THAN CARBON STEEL	STAINLESS STEEL		REPORTING-REGULATED GATHERING	NO				YES	NO	NO						NO									0	63	3000	0	0	0		3063	0	0	0	0	INCORRECT OPERATION	EQUIPMENT NOT INSTALLED PROPERLY	YAROSLAV BIL	PIPELINE COMPLIANCE ENGINEER	ybil@eprod.com	713-381-5650		YAROSLAV BIL	ybil@eprod.com	713-381-5650	ON 6/22/2022 AT 10:30 AM CST, DURING STATION ROUNDS, ENTERPRISE TECHNICIAN DISCOVERED A CRUDE LEAK COMING FROM A TUBING FITTING ON THE DISCHARGE SIDE OF THE PUMP AT COWDEN 31 STATION. POST INVESTIGATION, IT WAS DETERMINED THAT THE TUBING FITTING WAS OVERTIGHTENED BY THE CONTRACTOR DURING THE INITIAL INSTALLATION. A NEW TUBING RUN WAS INSTALLED AND PROPERLY TIGHTENED.
7/12/2022	2022	20220061	37163	SUPPLEMENTAL FINAL	15851	DELEK MARKETING AND SUPPLY, LP	12700 PARK CENTRAL DRIVE SUITE 700	DALLAS	TX	75251	6/17/2022 19:09	CENTRAL	NO	32.517159	-101.585483	CRUDE OIL			2		2	NO						0	NO						0	LOCAL OPERATING PERSONNEL, INCLUDING CONTRACTORS		OPERATOR EMPLOYEE	6/17/2022 19:09	ONSHORE	NO			6/17/2022 19:45		NRC NOTIFICATION NOT REQUIRED		NO						NO	NO			0	TX	VEALMOOR	HOWARD	NO	TOTALLY CONTAINED ON OPERATOR-CONTROLLED PROPERTY	NO																					OTHER			AIR ELIMINATOR		MATERIAL OTHER THAN CARBON STEEL	SS		REPORTING-REGULATED GATHERING	NO				NO	NO	NO						NO									0	0	20000	0	0	0		20000	0	0	0	0	EQUIPMENT FAILURE	OTHER EQUIPMENT FAILURE	CANDACE NORRIS		candace.norris@delekus.com						LACT UNIT AIR ELIMINATOR FAILED RELEASING 2 BBLS CRUDE OIL DUE TO VIBRATION TO THE NIPPLE CAUSING THE NIPPLE TO BREAK OFF AT THE BOTTOM OF THE AIR ELIMINATOR.  OPERATOR NOTIFIED, UNIT SHUTDOWN AND PROMPTLY CLEANED UP. UNIT RETURNED TO SERVICE.
7/12/2022	2022	20220062	37072	SUPPLEMENTAL FINAL	32147	MARATHON PIPE LINE LLC	539 SOUTH MAIN STREET 	FINDLAY	OH	45840	6/14/2022 7:45	MOUNTAIN	YES	40.311673	-107.692723	CRUDE OIL			270		260	NO						0	NO						0	OTHER	THIRD PARTY TRUCK DRIVER OFFLOADING AT NEARBY FACILITY		6/14/2022 7:45	ONSHORE	YES	OPERATOR	6/15/2022 13:10	6/14/2022 9:15	6/14/2022 8:19	1338707		NO						YES	YES	6/14/2022 9:00	6/14/2022 13:00	0	CO	HAMILTON	MOFFAT	NO	TOTALLY CONTAINED ON OPERATOR-CONTROLLED PROPERTY	NO																					OTHER			1/2 INCH THREADED NIPPLE FAILURE		CARBON STEEL		15	REPORTING-REGULATED GATHERING	NO				YES	YES	YES			YES			NO									0	29700	10000	372000	0	0		411700	0	0	0	0	EQUIPMENT FAILURE	THREADED CONNECTION/COUPLING FAILURE	ANDREW RICHARDSON		acrichardson@marathonpetroleum.com	714-951-0051					DURING A TRUCK DELIVERY AT ILES STATION FACILITY, THE TRUCK DRIVER NOTICED VISIBLE OIL ON THE GROUND COMING FROM THE PUMP HOUSE. OPERATIONS DETERMINED A 1/2 INCH THREADED FITTING FAILED JUST DOWNSTREAM OF THE PUMP. THE FITTING FAILED DUE TO HIGH VIBRATION AND INCORRECT PIPE SCHEDULE. FITTING HAS BEEN REPLACED AND WORK WAS COMPLETED TO REDUCE VIBRATION ON THE POSITIVE DISPLACEMENT PUMP. ENVIRONMENTAL REMEDIATION IS PLANNED ALTHOUGH SCOPE IS STILL BEING DEVELOPED.     9/2/2022 UPDATE: NO CHANGES
7/22/2022	2022	20220065	37051	SUPPLEMENTAL FINAL	39649	IRONWOOD MIDSTREAM ENERGY PARTNERS, LLC	15727 ANTHEM PARKWAY, SUITE 510 	SAN ANTONIO	TX	78249	6/11/2022 4:20	CENTRAL	YES	29.525655	-97.152521	CRUDE OIL			21.87		21.65	NO						0	NO						0	SCADA-BASED INFORMATION (SUCH AS ALARM(S), ALERT(S), EVENT(S), AND/OR VOLUME OR PACK CALCULATIONS)			6/11/2022 2:00	ONSHORE	NO			6/11/2022 2:26		NRC NOTIFICATION NOT REQUIRED		NO						YES	NO			0	TX	MOULTON	LAVACA	NO	TOTALLY CONTAINED ON OPERATOR-CONTROLLED PROPERTY	NO																					OTHER			BOOSTER PUMP		CARBON STEEL		4.38	REPORTING-REGULATED GATHERING	NO				YES	NO	YES			YES			NO									0	24	15000	4000	8000	0		27024	0	0	0	0	EQUIPMENT FAILURE	PUMP OR PUMP-RELATED EQUIPMENT	ROLANDO X MORENO	DOT-PHMSA COMPLIANCE SPECIALIST	rolando.moreno@mavs.uta.edu	9569603070		GERON HENDRICKSON	geron.hendrickson@ironwoodmidstream.com	2108406622	WHILE IN SERVICE FOR LESS THAN 1 WEEK THE POSITIVE DISPLACEMENT PIPELINE PUMP AT THE CARBONITE A1H, B2H, C3H FACILITY EXPERIENCED A CATASTROPHIC FAILURE AT THE MIDDLE PLUNGER DAMAGING PACKING AND RELEASING CRUDE FROM THE PUMP.  THE PUMP FAILURE WAS DETECTED BY VIBRATION EQUIPMENT AND THE RELEASE WAS DETECTED BY A SUMP HIGH LEVEL SWITCH RESULTING IN THE IMMEDIATE DISPATCH OF PERSONNEL AT APPROXIMATELY 2 AM ON 6/11/21.  OPERATIONS PERSONNEL ARRIVED ON SITE AT APPROXIMATELY 2:26 AM.  PERSONNEL IMMEDIATELY ISOLATED THE EQUIPMENT CLOSING UPSTREAM AND DOWNSTREAM VALVES. IMMEDIATE NOTIFICATIONS WERE MADE AND THEY BEGAN THE IMMEDIATE RECOVERY OF FREE STANDING LIQUIDS AND BEGAN THE REMEDIATION OF THE CONTAMINATED SOIL.  THE FAILED PUMP WAS REMOVED AND SENT TO A SHOP FOR ROOT CAUSE FAILURE ANALYSIS. SHOP FAILURE ANALYSIS SHOWED THE CLEARANCES WERE NOT PROPERLY SET IN THE NUMBER TWO CYLINDER BORE WHEN EQUIPMENT WAS ASSEMBLED AT THE MANUFACTURE. ALL FUTURE INSTALLATIONS OF LIKE IN KIND EQUIPMENT FROM INVENTORY WILL GO THROUGH SHOP OVERHAUL PRIOR TO INSTALLATION.
6/24/2022	2022	20220053	36794	ORIGINAL FINAL	22465	TARGA PIPELINE MID-CONTINENT WESTTEX LLC	811 LOUISIANA STREET, SUITE 2100 	HOUSTON	TX	77002	6/9/2022 13:50	CENTRAL	YES	32.531714	-101.535804	CRUDE OIL			10		7	NO						0	NO						0	OTHER	SURGE WELL PAD OPERATOR		6/9/2022 13:50	ONSHORE	NO			6/9/2022 13:50		NRC NOTIFICATION NOT REQUIRED		NO						NO	NO			0	TX	Not Within a Municipality	BORDEN	NO	PIPELINE RIGHT-OF-WAY	NO																					OTHER			PIPELINE PUMP		MATERIAL OTHER THAN CARBON STEEL	STAINLESS STEEL		REPORTING-REGULATED GATHERING	NO				YES	NO	NO						NO									0	1200	2020	0	26000	0		29220	0	0	0	0	EQUIPMENT FAILURE	PUMP OR PUMP-RELATED EQUIPMENT	JORDAN NORTH	SPECIALIST PIPELINE COMPLIANCE	jnorth@targaresources.com	940-577-9500		JORDAN NORTH	jnorth@targaresources.com	940-577-9500	TARGA WAS NOTIFIED OF POSSIBLE CRUDE OIL LEAK AT 1:30 PM BY OIL WELL OPERATOR, TARGA INSTRUCTED THEM TO SHUT BLOCK VALVES ON EACH SIDE OF METER TO ELIMINATE LEAK. TARGA EMPLOYEE ARRIVED ON SITE AND VERIFIED LEAK COMING FROM CHARGE PUMP AT 1:50 PM AND BEGAN REPAIR AND REMEDIATION PROCESS.
6/24/2022	2022	20220055	36796	ORIGINAL FINAL	39649	IRONWOOD MIDSTREAM ENERGY PARTNERS, LLC	15727 ANTHEM PARKWAY, SUITE 510 	SAN ANTONIO	TX	78249	6/6/2022 14:05	CENTRAL	YES	28.520552	-99.363754	CRUDE OIL			0.44		0	NO						0	NO						0	LOCAL OPERATING PERSONNEL, INCLUDING CONTRACTORS		OPERATOR EMPLOYEE	6/6/2022 14:00	ONSHORE	NO			6/6/2022 14:00		NRC NOTIFICATION NOT REQUIRED		NO						YES	NO			0	TX	COTULLA	LASALLE	NO	TOTALLY CONTAINED ON OPERATOR-CONTROLLED PROPERTY	NO																					OTHER			PRESSURE RELIEF DEVICE		CARBON STEEL		1.82	REPORTING-REGULATED GATHERING	NO				YES	NO	YES			YES			NO									0	48	350	50	100	0		548	0	0	0	0	EQUIPMENT FAILURE	MALFUNCTION OF CONTROL/RELIEF EQUIPMENT	ROLANDO X MORENO	DOT-PHMSA COMPLIANCE SPECIALIST	rolando.moreno@mavs.uta.edu	9569603070		GERON HENDRICKSON	geron.hendrickson@ironwoodmidstream.com	2108406622	AT 1400 ON 6/6/22 DURING ROUTINE ROUNDS OPERATOR DISCOVERED LIGHT LEAK FROM BELLOWS AREA OF PRESSURE RELIEF VALVE. OPERATOR IMMEDIATELY CLEANED THE PRV FOR INSPECTION AND NOTIFIED SUPERVISOR FOR REPLACEMENT. CONTAMINATED SOIL WAS SEPARATED AND REMEDIATION WAS STARTED. A NEW PRV HAS BEEN INSTALLED AND RETURNED TO NORMAL OPERATIONS.
7/5/2022	2022	20220060	37055	SUPPLEMENTAL FINAL	39348	NUSTAR PERMIAN TRANSPORTATION AND STORAGE, LLC	19003 IH-10 WEST  	SAN ANTONIO	TX	78257	6/6/2022 0:08	CENTRAL	YES	32.39095	-101.64786	CRUDE OIL			8.58		6.5	NO						0	NO						0	NOTIFICATION FROM PUBLIC			6/6/2022 0:08	ONSHORE	NO			6/6/2022 0:46		NRC NOTIFICATION NOT REQUIRED		NO						NO	NO			0	TX	Not Within a Municipality	HOWARD	NO	ORIGINATED ON OPERATOR-CONTROLLED PROPERTY, BUT THEN FLOWED OR MIGRATED OFF THE PROPERTY	NO																					OTHER			INSTRUMENT HOSE		MATERIAL OTHER THAN CARBON STEEL	STEEL BRAIDED HOSE		REPORTING-REGULATED GATHERING	NO				YES	NO	NO						NO									0	246	13	5000	0	2000	LAB ANALYSIS	7259	0	0	0	0	EQUIPMENT FAILURE	OTHER EQUIPMENT FAILURE	RUSSELL PESEK	PIPELINE SAFETY MANAGER	russell.pesek@nustarenergy.com	3612499417		ROBBIE FOWLER	robbie.fowler@nustarenergy.com	8063711304	A THIRD-PARTY PUMPER NOTIFIED NUSTAR'S CONTROL ROOM OF A CRUDE OIL LEAK AT ITS DB COBRA SOUTH GATHERING SITE.  THE PUMP AT THE SITE WAS IMMEDIATELY SHUT DOWN AND OPERATIONS PERSONNEL WERE DISPATCHED TO THE SITE.  THE LEAK ORIGINATED AT A 3/4-INCH FLEX HOSE ASSOCIATED WITH PUMP DISCHARGE PRESSURE INSTRUMENTATION.  THE HOSE WAS REPLACED AND SENT TO A LAB FOR ANALYSIS. THE FAILED HOSE RUPTURED DUE TO ABRASION /MECHANICAL WEAR OF THE REINFORCING BRAIDS.  TO PREVENT RECURRENCE, SIMILAR IN-SERVICE FLEX HOSES HAVE BEEN VISUALLY INSPECTED AND REPLACED IF DAMAGES WERE DISCOVERED.
7/5/2022	2022	20220059	36828	ORIGINAL FINAL	32099	ENERGY TRANSFER COMPANY	1300 MAIN STREET 	HOUSTON	TX	77002	6/5/2022 10:00	CENTRAL	YES	31.8611	-101.8853	CRUDE OIL			0.7		0.5	NO						0	NO						0	CONTROLLER		OPERATOR EMPLOYEE	6/5/2022 10:00	ONSHORE	NO			6/5/2022 11:00		NRC NOTIFICATION NOT REQUIRED		NO						NO	NO			0	TX	MIDLAND	MIDLAND	NO	TOTALLY CONTAINED ON OPERATOR-CONTROLLED PROPERTY	NO																					OTHER			CHECK VALVE		CARBON STEEL		5.6	REPORTING-REGULATED GATHERING	NO				YES	NO	NO						NO									0	80	1800	1200	1200	0		4280	0	0	0	0	EQUIPMENT FAILURE	MALFUNCTION OF CONTROL/RELIEF EQUIPMENT	TODD NARDOZZI	DIRECTOR - REGULATORY COMPLIANCE	todd.nardozzi@energytransfer.com	713-989-7126					ON 6/5/22 AT APPROXIMATELY 10:00, THE CONTROL CENTER NOTIFIED A MEASUREMENT TECH ABOUT A LOCAL STATION LOCKOUT ALARM AT SHACKLEFORD LACT 2. UPON ARRIVAL, OPERATIONS DISCOVERED OIL ON THE LACT SKID AND GROUND. APPROXIMATELY 30 GALLONS OF CRUDE WAS RELEASED AND CLEANED UP.     THE CAUSE OF RELEASE WAS THE LACT DISCHARGE CHECK VALVE FAILURE ALLOWING PIPELINE PRESSURE UPSTREAM OF CHECK VALVE TRIGGERING THE PRV TO RELEASE INTO CONTAINMENT, OVERFILLING THE CONTAINMENT.    LACT 2 WAS ISOLATED AND LOCKED OUT OF SERVICE, AND CHECK VALVE REPLACED.
7/4/2022	2022	20220058	37615	SUPPLEMENTAL FINAL	15851	DELEK MARKETING AND SUPPLY, LP	12700 PARK CENTRAL DRIVE SUITE 700	DALLAS	TX	75251	6/5/2022 7:20	CENTRAL	NO	32.344828	-102.095798	CRUDE OIL			0.5		0.5	NO						0	NO						0	LOCAL OPERATING PERSONNEL, INCLUDING CONTRACTORS		OPERATOR EMPLOYEE	6/5/2022 7:20	ONSHORE	NO			6/5/2022 7:30		NRC NOTIFICATION NOT REQUIRED		NO						NO	NO			0	TX	STANTON	MARTIN	NO	TOTALLY CONTAINED ON OPERATOR-CONTROLLED PROPERTY	NO																					OTHER			PUMP SEAL		MATERIAL OTHER THAN CARBON STEEL	SS		REPORTING-REGULATED GATHERING	NO				NO	NO	NO						NO									0	0	500	0	0	0	OPERATOR CLEAN UP.	500	0	0	0	0	EQUIPMENT FAILURE	PUMP OR PUMP-RELATED EQUIPMENT	CANDACE NORRIS	REGULATORY AFFAIRS AND COMPLIANCE SPECIALIST	candace.norris@delekus.com	14322106152					SEAL ON A PUMP FAILED DUE TO PIPE VIBRATIONS RESULTING IN A LOSS OF 0.5 BBLS. THE FAILURE WAS IDENTIFIED BY LOCAL OPERATING PERSONNEL. THE CONTROL CENTER WAS IMMEDIATELY CONTACTED UNIT SHUTDOWN. THE RELEASED CRUDE OIL WAS CONFINED TO THE OPERATOR PROPERTY AND CLEANED UP PROMPTLY. THE SEAL WAS REPAIRED AND THE UNIT RESTARTED.
7/2/2022	2022	20220057	37276	SUPPLEMENTAL FINAL	15851	DELEK MARKETING AND SUPPLY, LP	12700 PARK CENTRAL DRIVE SUITE 700	DALLAS	TX	75251	6/4/2022 2:15	CENTRAL	NO	32.426974	-102.116721	CRUDE OIL			2		2	NO						0	NO						0	LOCAL OPERATING PERSONNEL, INCLUDING CONTRACTORS		OPERATOR EMPLOYEE	6/4/2022 2:15	ONSHORE	NO			6/4/2022 2:30		NRC NOTIFICATION NOT REQUIRED		NO						NO	NO			0	TX	STANTON	MARTIN	NO	TOTALLY CONTAINED ON OPERATOR-CONTROLLED PROPERTY	NO																					OTHER			PUMP		MATERIAL OTHER THAN CARBON STEEL	SS		REPORTING-REGULATED GATHERING	NO				NO	NO	NO						NO									0	0	15000	0	0	0		15000	0	0	0	0	EQUIPMENT FAILURE	PUMP OR PUMP-RELATED EQUIPMENT	CANDACE NORRIS		candace.norris@delekus.com						GLAND NUT ON A PUMP FAILED RESULTING IN A LOSS OF 2 BBLS DUE TO STRIPPED THREADS AND PACKING SLID OUT. THE FAILURE WAS IDENTIFIED BY LOCAL OPERATING PERSONNEL. THE CONTROL CENTER WAS  IMMEDIATELY CONTACTED THE UNIT SHUTDOWN. THE RELEASED CRUDE OIL WAS CONFINED TO OPERATOR PROPERTY AND CLEANED UP PROMPTLY. THE PUMP WAS DISABLED AND REPAIR IS ONGOING.