REPORT_RECEIVED_DATE	IYEAR	REPORT_NUMBER	SUPPLEMENTAL_NUMBER	REPORT_TYPE	OPERATOR_ID	NAME	OPERATOR_STREET_ADDRESS	OPERATOR_CITY_NAME	OPERATOR_STATE_ABBREVIATION	OPERATOR_POSTAL_CODE	LOCAL_DATETIME	TIME_ZONE	DAYLIGHT_SAVINGS_IND	LOCATION_LATITUDE	LOCATION_LONGITUDE	COMMODITY_RELEASED_TYPE	COMMODITY_SUBTYPE	COMMODITY_DETAILS	UNINTENTIONAL_RELEASE_BBLS	INTENTIONAL_RELEASE_BBLS	RECOVERED_BBLS	FATALITY_IND	NUM_EMP_FATALITIES	NUM_CONTR_FATALITIES	NUM_ER_FATALITIES	NUM_WORKER_FATALITIES	NUM_GP_FATALITIES	FATAL	INJURY_IND	NUM_EMP_INJURIES	NUM_CONTR_INJURIES	NUM_ER_INJURIES	NUM_WORKER_INJURIES	NUM_GP_INJURIES	INJURE	ACCIDENT_IDENTIFIER	ACCIDENT_DETAILS	OPERATOR_TYPE	INCIDENT_IDENTIFIED_DATETIME	ON_OFF_SHORE	COMMUNICATION_STATE_FED_IND	PARTY_INITIATED_COMMUNICATION	INITIAL_RESPONDER_COM_DATETIME	ON_SITE_DATETIME	NRC_RPT_DATETIME	NRC_RPT_NUM	ADDITIONAL_NRC_REPORT_NUMBERS	IGNITE_IND	IGNITE_DATETIME	HOW_EXTINGUISHED	HOW_EXTINGUISHED_OTHER_DETAIL	PRODUCT_CONSUMED_BY_FIRE_BBLS	EXPLODE_IND	OIL_SPILL_RESP_PLAN_IND	OSRO_MOBILIZED_IND	OSRO_OPERATOR_NOTIFIED_DT	OSRO_ARRIVED_ON_SITE_DT	NUM_PUB_EVACUATED	ONSHORE_STATE_ABBREVIATION	ONSHORE_CITY_NAME	ONSHORE_COUNTY_NAME	FEDERAL	LOCATION_TYPE	CROSSING	BRIDGE_CROSSING_IND	BRIDGE_TYPE	RAILROAD_CROSSING_IND	RAILROAD_TYPE	ROAD_CROSSING_IND	ROAD_TYPE	WATER_CROSSING_IND	WATER_TYPE	WATER_NAME	WATER_DEPTH	WATER_SUBTYPE	YEAR_RECENT_ENG_EVALUATION	OFF_ACCIDENT_ORIGIN	OFFSHORE_STATE_ABBREVIATION	OFF_INSTATE_AREA	OFF_INSTATE_BLOCK	OFFSHORE_COUNTY_NAME	OCS_TYPE	OFF_OCS_AREA	OFF_OCS_BLOCK	ITEM_INVOLVED	PIPE_TYPE	JOINT_SUBTYPE	ITEM_INVOLVED_DETAILS	PIPE_DIAMETER	MATERIAL_INVOLVED	MATERIAL_DETAILS	PERCENT_PIPE_SMYS	CLASSIFICATION_PIPELINE_SYSTEM	WILDLIFE_IMPACT_IND	FISH_AQUATIC_IMPACT_IND	BIRDS_IMPACT_IND	TERRESTRIAL_IMPACT_IND	SOIL_CONTAMINATION	LONG_TERM_ASSESSMENT	REMEDIATION_IND	SURFACE_WATER_REMED_IND	GROUNDWATER_REMED_IND	SOIL_REMED_IND	VEGETATION_REMED_IND	WILDLIFE_REMED_IND	WATER_CONTAM_IND	OCEAN_SEAWATER_IND	SURFACE_CONTAM_IND	GROUNDWATER_CONTAM_IND	DRINKING_WATER_CONTAM_IND	PRIVATE_WELL_CONTAM_IND	PUBLIC_WATER_CONTAM_IND	AMOUNT_RELEASED_BBLS	REL_WATER_NAME	EST_COST_OPER_PAID	EST_COST_GAS_RELEASED	EST_COST_PROP_DAMAGE	EST_COST_EMERGENCY	EST_COST_ENVIRONMENTAL	EST_COST_OTHER	EST_COST_OTHER_DETAILS	PRPTY	NUM_PERSONS_HOSP_NOT_OVNGHT	NUM_INJURED_TREATED_BY_EMT	NUM_RESIDENT_BUILDING_AFFCTD	NUM_BUSINESS_BUILDING_AFFCTD	CAUSE	CAUSE_DETAILS	PREPARER_NAME	PREPARER_TITLE	PREPARER_EMAIL	PREPARER_TELEPHONE	PREPARER_FAX	LOCAL_CONTACT_NAME	LOCAL_CONTACT_EMAIL	LOCAL_CONTACT_TELEPHONE	NARRATIVE
6/24/2022	2022	20220054	37049	SUPPLEMENTAL FINAL	39649	IRONWOOD MIDSTREAM ENERGY PARTNERS, LLC	15727 ANTHEM PARKWAY, SUITE 510 	SAN ANTONIO	TX	78249	6/2/2022 17:45	CENTRAL	YES	29.52254	-97.186768	CRUDE OIL			1.53		1	NO						0	NO						0	LOCAL OPERATING PERSONNEL, INCLUDING CONTRACTORS		CONTRACTOR WORKING FOR THE OPERATOR	6/2/2022 13:50	ONSHORE	NO			6/2/2022 14:05		NRC NOTIFICATION NOT REQUIRED		NO						YES	NO			0	TX	SHINER	LAVACA	NO	TOTALLY CONTAINED ON OPERATOR-CONTROLLED PROPERTY	NO																					OTHER			LACT UNIT THREADED FITTING		MATERIAL OTHER THAN CARBON STEEL	STAINLESS STEEL		REPORTING-REGULATED GATHERING	NO				YES	NO	YES			YES			NO									0	54	150	50	3600	0		3854	0	0	0	0	EQUIPMENT FAILURE	THREADED CONNECTION/COUPLING FAILURE	ROLANDO X MORENO	DOT-PHMSA COMPLIANCE SPECIALIST	rolando.moreno@mavs.uta.edu	9569603070		GERON HENDRICKSON	geron.hendrickson@ironwoodmidstream.com	2108406622	"AT 13:50 DURING ROUTINE ROUNDS A OPERATOR DISCOVERED 1/4"" SAMPLE VALVE WITH NIPPLE HAD BROKE AT THE NIPPLE. OPERATOR PULLED ESD WHICH SHUT DOWN THE UNIT. FREE STANDING LIQUIDS WERE RECOVERED. CLEANUP  OF THE EQUIPMENT AND REMEDIATION PROCESS STARTED. THE FAILED COMPONENT WAS ANALYZED AND FOUND TO BE INSUFFICIENT FOR REQUIRED OPERATING PARAMETERS. THIS RESULTED IN A REPLACEMENT WITH A EXTRA HEAVY NIPPLES IN ALL SIMILAR APPLICATIONS ON THE SYSTEM."
6/28/2022	2022	20220056	37387	SUPPLEMENTAL FINAL	15851	DELEK MARKETING AND SUPPLY, LP	12700 PARK CENTRAL DRIVE SUITE 700	DALLAS	TX	75251	5/30/2022 8:15	CENTRAL	NO	32.153765	-101.857301	CRUDE OIL			35		15	NO						0	NO						0	LOCAL OPERATING PERSONNEL, INCLUDING CONTRACTORS		CONTRACTOR WORKING FOR THE OPERATOR	5/30/2022 8:15	ONSHORE	NO			5/30/2022 9:00		NRC NOTIFICATION NOT REQUIRED		NO						YES	YES	5/30/2022 9:00	5/30/2022 10:25	0	TX	STANTON	MARTIN	NO	TOTALLY CONTAINED ON OPERATOR-CONTROLLED PROPERTY	NO																					OTHER			POPPET VALVE THREADS FAILURE		MATERIAL OTHER THAN CARBON STEEL	STAINLESS STEEL		REPORTING-REGULATED GATHERING	NO				NO	NO	NO						NO									0	0	20000	0	0	0		20000	0	0	0	0	EQUIPMENT FAILURE	THREADED CONNECTION/COUPLING FAILURE	CANDACE NORRIS		candace.norris@delekus.com						A POPPET VALVE FAILED DUE TO SHEERED THREADS AND RESULTING ON A LOSS OF APPROXIMATELY 35 BBLS. THE FAILURE WAS IDENTIFIED BY LOCAL OPERATING PERSONNEL. THE CONTROL CENTER WAS IMMEDIATELY CONTACTED AND THE UNIT SHUTDOWN. THE RELEASED CRUDE OIL WAS CONFINED TO THE OPERATOR PROPERTY AND CLEANED UP PROMPTLY. THE VALVE WAS REPAIRED AND THE UNIT WAS RESTARTED.
6/10/2022	2022	20220046	36744	SUPPLEMENTAL FINAL	32619	HILAND CRUDE, LLC	1001 LOUISIANA ST, SUITE 1000 	HOUSTON	TX	77002	5/29/2022 10:40	CENTRAL	NO	48.15571	-103.40957	CRUDE OIL			0.8		0.8	NO						0	NO						0	LOCAL OPERATING PERSONNEL, INCLUDING CONTRACTORS		OPERATOR EMPLOYEE	5/29/2022 10:40	ONSHORE	NO			5/29/2022 10:40		NRC NOTIFICATION NOT REQUIRED		NO						NO	NO			0	ND	Not Within a Municipality	WILLIAMS	NO	TOTALLY CONTAINED ON OPERATOR-CONTROLLED PROPERTY	NO																					OTHER			PRODUCT CUP ON 20 HP LIQUID PUMP		MATERIAL OTHER THAN CARBON STEEL	CARBON FIBER		REPORTING-REGULATED GATHERING	NO				YES	NO	YES			YES			NO									0	70	140	500	9950	0		10660	0	0	0	0	EQUIPMENT FAILURE	PUMP OR PUMP-RELATED EQUIPMENT	STEPHEN DINES	ENGINEER	stephen_dines@kindermorgan.com	(719) 351-4199		MATT DIEPENHORST	matthew_diepenhorst@kindermorgan.com	(701)713-0786	DIV. 15 HILAND CRUDE: SPILL/RELEASE ON THE SLAWSON MATILDA BAY 2-15MLH PRODUCER LEASE LOCATION.  31 GALLONS OF CRUDE OIL RELEASED INSIDE EARTHEN, STEEL-RINGED, CONTAINMENT AT THE MATILDA BAY 2-15MLH LEASE LOCATION DUE TO FAILED CUPS ON A KM 20 HP. PUMP. ROOT CAUSE OF CUP FAILURE DETERMINED TO BE: EXCESSIVE WEAR AND TEAR; INADEQUATE INSPECTION AND OR MONITORING.  CLEANUP IS COMPLETE.
6/21/2022	2022	20220052	36943	SUPPLEMENTAL FINAL	31888	CENTURION PIPELINE L.P.	1300 MAIN STREET 	HOUSTON	TX	77002	5/23/2022 13:30	CENTRAL	YES	32.989666	-102.76925	CRUDE OIL			0.2		0.2	NO						0	NO						0	LOCAL OPERATING PERSONNEL, INCLUDING CONTRACTORS		OPERATOR EMPLOYEE	5/23/2022 13:30	ONSHORE	NO			5/23/2022 13:30		NRC NOTIFICATION NOT REQUIRED		NO						YES	NO			0	TX	Not Within a Municipality	GAINES	NO	TOTALLY CONTAINED ON OPERATOR-CONTROLLED PROPERTY	NO																					PIPE	PIPE BODY			10	CARBON STEEL		5.9	REPORTING-REGULATED GATHERING	NO				YES	NO	NO						NO									0	100	0	2000	4000	0		6100	0	0	0	0	CORROSION FAILURE	INTERNAL CORROSION	Y-VAN TY	PIPELINE COMPLIANCE PROGRAM ADVISOR	yvan_ty@centurionpl.com	346-803-2718					"ON MAY 23, 2022, A CENTURION PIPELINE EMPLOYEE DISCOVERED A LEAK IN CPL'S WASSON FACILITY LOCATED NEAR DENVER CITY, IN GAINES COUNTY, TEXAS. CPL'S EMPLOYEE ARRIVED ON-SITE ON 13:00 AND DETERMINED THE LEAK WAS ON WELD BETWEEN A 8'' PIPE AND 4'' NIPPLE AT 13:30. TEN (10) GALLONS OF CRUDE OIL WERE RELEASED AND RECOVERED DURING THE PROCESS. CPL REMEDIATED THE CONTAMINATED SOIL ON SITE AND PERMANENT REPAIR WAS COMPLETED ON JUNE 7, 2022. NO INJURIES, FATALITIES OR FIRES WERE ASSOCIATED WITH THIS INCIDENT. CPL'S INVESTIGATION IS STILL PENDING AND A SUPPLEMENTAL REPORT WILL FOLLOW UPON THE COMPLETION OF THE INVESTIGATION. THE SUPPLEMENTAL REPORT WILL INCLUDE THE ROOT CAUSE OF THE ACCIDENT AND ASSOCIATED P&M MEASURES.    SUPPLEMENTAL REPORT FILED ON AUGUST 5, 2022:  PART C-1.A. HAS BEEN UPDATED FROM ""8"" TO ""10"" TO REFLECT THE CORRECT DIAMETER OF THE STATION PIPING. THE PREVIOUSLY NARRATIVE MENTIONED A WELD OF 8'' TO A 4'' NIPPLE INCORRECTLY AND SHOULD HAVE REFLECTED 10''.    DURING THE ROOT CAUSE ANALYSIS, CPL ASSET INTEGRITY AND RISK MANAGEMENT DETERMINED THAT THE PIPING CONFIGURATION CONSISTING OF A 4"" O-LET, NIPPLE, AND BLIND-FLANGE CONNECTED TO 10"" STATION PIPING CAUSED A STAGNANT ZONE ALLOWING THE OCCURRENCE OF INTERNAL CORROSION. THE INTERNAL CORROSION WITHIN THE STAGNANT ZONE RESULTED IN AN ISOLATED, THROUGH-WALL CORROSION PIT AT THE 6 O'CLOCK POSITION. CORROSION MITIGATION CHEMICAL TREATMENTS ARE DESIGNED TO TREAT PIPE WITH FLOW. HOWEVER, THE FAILURE OCCURRED IN A STAGNANT ZONE CAUSED BY A PIPING CONFIGURATION AND ANY TREATED OIL FLOWING THROUGH THE STATION PIPING WOULD NOT  PROVIDE PROTECTION. TO REDUCE THE LIKELIHOOD OF REOCCURRENCE, THE PIPING CONFIGURATION WAS MODIFIED DURING THE PERMANENT REPAIR. BASED ON THE RECONFIGURATION, NO FURTHER ACTIONS ARE REQUIRED."
6/3/2022	2022	20220043	37053	SUPPLEMENTAL FINAL	39649	IRONWOOD MIDSTREAM ENERGY PARTNERS, LLC	15727 ANTHEM PARKWAY, SUITE 510 	SAN ANTONIO	TX	78249	5/21/2022 12:01	CENTRAL	YES	29.03371	-97.84509	CRUDE OIL			0.61		0	NO						0	NO						0	LOCAL OPERATING PERSONNEL, INCLUDING CONTRACTORS		CONTRACTOR WORKING FOR THE OPERATOR	5/21/2022 8:15	ONSHORE	NO			5/21/2022 8:30		NRC NOTIFICATION NOT REQUIRED		NO						YES	NO			0	TX	KARNES	KARNES	NO	TOTALLY CONTAINED ON OPERATOR-CONTROLLED PROPERTY	NO																					OTHER			STRAINER BASKET		MATERIAL OTHER THAN CARBON STEEL	RUBBER GASKET		REPORTING-REGULATED GATHERING	NO				YES	YES	YES			YES			NO									0	61	1500	2000	1500	0		5061	0	0	0	0	EQUIPMENT FAILURE	NON-THREADED CONNECTION FAILURE	ROLANDO MORENO	DOT-PHMSA COMPLIANCE SPECIALIST	rolando.moreno@flatrockenergy.net	9569603070		GERON HENDRICKSON	geron.hendrickson@ironwoodmidstream.com	2108406622	AT APPROXIMATELY 8 AM ON 5/21/22 THE DEFTONES WEST FACILITY BOOSTER PUMP DISCHARGE CHECK VALVE FAILED TO CHECK AT A PRESSURE OF APPROXIMATELY 600 PSI ON A 1440 PSI RATED PIPELINE.  WHEN THE CHECK VALVE FAILED TO CHECK, REVERSE FLOW THROUGH THE PUMP CAUSED A PRESSURE INCREASE ON THE SUCTION OF THE PUMP ABOVE THE NORMAL OPERATING PRESSURE.  THE GASKET ON STRAINER BASKET ON THE SUCTION OF THE PUMP FAILED TO SEAL CAUSING A RELEASE OF OIL FROM THE STRAINER.  THE BASKET STRAINER IS MAINTAINED, WITH THE MOST RECENT DOCUMENTED MAINTENANCE ON 3/28/22. THE PUMP WAS IMMEDIATELY ESD'D AND SUCTION AND DISCHARGE VALVES CLOSED.  REMEDIATION OF THE SOIL IN THE SURROUNDING AREA WAS STARTED WITHIN A FEW HOURS.  DUE TO THE CHECK VALVE FAILING TO STOP REVERSE FLOW TWO ACTIONS WERE TAKEN.  THE CHECK VALVE WAS REPLACED WITH A DIFFERENT BRAND CHECK VALVE WITH BETTER ABILITY FOR MAINTENANCE AND THE DISCHARGE PRESSURE CONTROL VALVE ON THE PUMP WAS PROGRAMMED TO GO TO THE CLOSED POSITION WHENEVER THE PUMP IS NOT RUNNING IN ORDER TO ALSO HELP PREVENT REVERSE FLOW.
6/13/2022	2022	20220050	36809	SUPPLEMENTAL FINAL	39183	MEDALLION OPERATING COMPANY, LLC	909 LAKE CAROLYN PKWY SUITE 1600	IRVING	TX	75039	5/18/2022 9:30	CENTRAL	YES	31.534125	-101.718997	CRUDE OIL			1		1	NO						0	NO						0	LOCAL OPERATING PERSONNEL, INCLUDING CONTRACTORS		OPERATOR EMPLOYEE	5/18/2022 9:30	ONSHORE	NO			5/18/2022 9:30		NRC NOTIFICATION NOT REQUIRED		NO						NO	NO			0	TX	Not Within a Municipality	REAGAN	NO	PIPELINE RIGHT-OF-WAY	NO																					OTHER			O-RING		MATERIAL OTHER THAN CARBON STEEL	RUBBER		REPORTING-REGULATED GATHERING	NO				YES	NO	YES			YES			NO									0	111	20	100	100	0		331	0	0	0	0	EQUIPMENT FAILURE	THREADED CONNECTION/COUPLING FAILURE	GENE BUTLER	EHS MANAGER	gbutler@medallionmidstream.com	4325532184		GENE BUTLER	gbutler@medallionmidstream.com	4325532184	AT APPROXIMATELY 09:30 ON MAY 18, 2022, A FACILITY OPERATOR DISCOVERED AN ACTIVE SPRAY OF OIL COMING FROM THE ADAMS PIPELINE LAUNCHER (WRG-1000-180-G) DURING NORMAL ROUNDS AND IMMEDIATELY ISOLATED THE PIG TRAP LAUNCHER TO STOP THE LEAK. OPERATIONS MANAGEMENT WAS IMMEDIATELY NOTIFIED, AND AFTER A SITE INVESTIGATION, IT WAS DETERMINED THAT APPROXIMATELY 1 BARREL OF CRUDE OIL WAS RELEASED TO THE GROUND AS A RESULT OF AN O-RING FAILURE. THE O-RING WAS REPLACED, AND THE PIG TRAP LAUNCHER RESUMED NORMAL OPERATIONS AT APPROXIMATELY 10:00 ON MAY 18, 2022. MEDALLION OPERATIONS TEAM REMEDIATED THE IMPACTED SOIL.
6/13/2022	2022	20220049	36810	SUPPLEMENTAL FINAL	39183	MEDALLION OPERATING COMPANY, LLC	909 LAKE CAROLYN PKWY SUITE 1600	IRVING	TX	75039	5/16/2022 13:57	CENTRAL	YES	31.890367	-101.973358	CRUDE OIL			0.24		0.24	NO						0	NO						0	LOCAL OPERATING PERSONNEL, INCLUDING CONTRACTORS		OPERATOR EMPLOYEE	5/16/2022 13:57	ONSHORE	NO			5/16/2022 13:57		NRC NOTIFICATION NOT REQUIRED		NO						NO	NO			0	TX	Not Within a Municipality	MIDLAND	NO	PIPELINE RIGHT-OF-WAY	NO																					OTHER			PUMP SEAL		MATERIAL OTHER THAN CARBON STEEL	TUNGSTEN CARBIDE SEAT AND CARBON WASHER		REPORTING-REGULATED GATHERING	NO				YES	NO	YES			YES			NO									0	26	3000	100	100	0		3226	0	0	0	0	EQUIPMENT FAILURE	PUMP OR PUMP-RELATED EQUIPMENT	GENE BUTLER	EHS MANAGER	gbutler@medallionmidstream.com	4325532184		GENE BUTLER	gbutler@medallionmidstream.com	4325532184	AT APPROXIMATELY 13:57 ON MAY 16, 2022, A MEDALLION MECHANIC DISCOVERED OIL INSIDE THE PUMP SKID CONTAINMENT AND A SMALL AMOUNT ON THE GROUND AT THE BRANHAM RECEIPT POINT DURING NORMAL ROUNDS AND IMMEDIATELY ISOLATED THE PUMP TO STOP THE LEAK. OPERATIONS MANAGEMENT WAS IMMEDIATELY NOTIFIED, AND AFTER A SITE INVESTIGATION, IT WAS DETERMINED THAT APPROXIMATELY 10 GALLONS OF CRUDE OIL WERE RELEASED AS A RESULT OF A PUMP SEAL FAILURE. THE PUMP SEAL WAS REPLACED, AND THE PUMP RESUMED NORMAL OPERATIONS AT APPROXIMATELY 15:00 ON MAY 16, 2022. MEDALLION OPERATIONS TEAM REMEDIATED THE IMPACTED SOIL.
6/15/2022	2022	20220051	36765	ORIGINAL FINAL	31878	BRIDGER PIPELINE LLC	455 N. POPLAR ST. 	CASPER	WY	82602	5/15/2022 13:30	MOUNTAIN	YES	47.78873	-102.94264	CRUDE OIL			2		2	NO						0	NO						0	LOCAL OPERATING PERSONNEL, INCLUDING CONTRACTORS		OPERATOR EMPLOYEE	5/15/2022 14:00	ONSHORE	NO			5/15/2022 14:00		NRC NOTIFICATION NOT REQUIRED		NO						YES	NO			0	ND	Not Within a Municipality	MCKENZIE COUNTY	YES	TOTALLY CONTAINED ON OPERATOR-CONTROLLED PROPERTY	NO																					OTHER			FAULTY PUMP SEAL		MATERIAL OTHER THAN CARBON STEEL	PUMP SEAL		REPORTING-REGULATED GATHERING	NO				YES	NO	NO						NO									0	40	500	2250	0	50	DISPOSAL OF CONTAMINATED SOIL	2840	0	0	0	0	EQUIPMENT FAILURE	PUMP OR PUMP-RELATED EQUIPMENT	KEVIN PENA	PIPELINE COMPLIANCE COORDINATOR	kevin.pena@truecos.com	4066873304					AT APPROXIMATELY 2:00 PM ON MAY 15TH, A COMPANY EMPLOYEE (GAUGER) WAS CHECKING ON OUR SHIPPING PUMPS AND NOTICED A 2 BARREL RELEASE AT THE WELL SITE IN QUESTION.  THE SEAL ON THE PUMP HAD FAILED, AND THE HOSE CONNECTED TO THE SUMP WAS LEAKING.  COMPANY PERSONNEL SHUT DOWN AND ISOLATED THE EQUIPMENT AND NOTIFIED THE FIELD SUPERVISOR.      ALL RELEASED CRUDE WAS CONTAINED ON COMPANY PROPERTY; HOWEVER, REMOVAL/REPLACEMENT OF CONTAMINATED SOIL WAS UNDERTAKEN AND COMPLETED ON THE MORNING OF MAY 16TH.  THE CONTAMINATED SOIL/GRAVEL WAS DISPOSED OF IN ACCORDANCE WITH NDDEQ REQUIREMENTS.      THE SEAL AND HOSE ON THE PUMP WERE REPAIRED AND NORMAL OPERATIONS WERE RESUMED LATER THAT DAY.    NO WILDLIFE, SURFACE WATER, OR GROUND WATER WAS IMPACTED BY THE RELEASE.  SINCE THE RELEASE DID NOT MEET STATE OR NRC REPORTING REQUIREMENTS, NO ADDITIONAL NOTIFICATIONS WERE MADE.
6/8/2022	2022	20220044	36733	ORIGINAL FINAL	22465	TARGA PIPELINE MID-CONTINENT WESTTEX LLC	811 LOUISIANA STREET, SUITE 2100 	HOUSTON	TX	77002	5/12/2022 11:30	CENTRAL	YES	32.401705	-101.497348	CRUDE OIL			48		5	NO						0	NO						0	NOTIFICATION FROM PUBLIC			5/12/2022 11:30	ONSHORE	NO			5/12/2022 11:30		NRC NOTIFICATION NOT REQUIRED		NO						NO	NO			0	TX	Not Within a Municipality	HOWARD	NO	PIPELINE RIGHT-OF-WAY	NO																					PIPE	PIPE BODY			6	CARBON STEEL		8.5	REPORTING-REGULATED GATHERING	NO				YES	NO	YES			YES			NO									285	5056	1000	0	20000	0		26341	0	0	0	0	CORROSION FAILURE	INTERNAL CORROSION	JORDAN NORTH	SPECIALIST PIPELINE COMPLIANCE	jnorth@targaresources.com	9405779500		JORDAN NORTH	jnorth@targaresources.com	9405779500	TARGA WAS NOTIFIED OF POSSIBLE CRUDE OIL PIPELINE LEAK AROUND 11:30 AM. TARGA PERSONNEL RESPONDING TO CALL VERIFIED LEAK AND SHUT DOWN SECTION OF PIPELINE TO PREVENT FURTHER LEAKING. AFTER PIPELINE HAD BEEN BLOCKED IN AND MADE SAFE A PIPELINE REPAIR CLAMP WAS INSTALLED. PIPELINE WAS RETUNED TO SERVICE AROUND 5 PM THE SAME DAY.
6/10/2022	2022	20220048	36748	ORIGINAL FINAL	39348	NUSTAR PERMIAN TRANSPORTATION AND STORAGE, LLC	19003 IH-10 WEST  	SAN ANTONIO	TX	78257	5/11/2022 12:47	CENTRAL	YES	32.19484	-101.50439	CRUDE OIL			1.9		1.9	NO						0	NO						0	LOCAL OPERATING PERSONNEL, INCLUDING CONTRACTORS		OPERATOR EMPLOYEE	5/11/2022 12:47	ONSHORE	NO			5/11/2022 12:47		NRC NOTIFICATION NOT REQUIRED		NO						NO	NO			0	TX	Not Within a Municipality	HOWARD	NO	TOTALLY CONTAINED ON OPERATOR-CONTROLLED PROPERTY	NO																					OTHER			TANK		CARBON STEEL		5.5	REPORTING-REGULATED GATHERING	NO				YES	NO	NO						NO									0	201	0	0	0	0		201	0	0	0	0	NATURAL FORCE DAMAGE	LIGHTNING	RUSSELL PESEK		russell.pesek@nustarenergy.com	3612499417					A WEATHER-RELATED POWER OUTAGE AT NUSTAR'S OXY ELBOW CDP SITE RESULTED IN THE OVERFLOW OF THE PRODUCTION GATHERING TANKS AT THE SITE.   NUSTAR OPERATING PERSONNEL DISCOVERED THE RELEASE DURING THE INVESTIGATION OF THE POWER OUTAGE.  NUSTAR'S CONTROL ROOM IMMEDIATELY SHUT DOWN INBOUND CRUDE OIL TO THE SITE. APPROXIMATELY 80 GALLONS OF CRUDE OIL WAS RELEASED INSIDE OF CONTAINMENT. THE SITE WAS CLEANED, AND THE IMPACTED SOIL WAS REMOVED FOR DISPOSAL.      DURING THE EVENING OF MAY 10, 2022, THUNDERSTORMS PROCEEDED THROUGH THE HOWARD COUNTY AREA, AND NUSTAR'S CONTROL ROOM EXPERIENCED COMMUNICATION AND POWER LOSSES AT MULTIPLE SITES WITHIN THE GATHERING SYSTEM.  A BLOWN FUSE ON THE POWER LINE FEEDING NUSTAR'S OXY ELBOW CDP SITE WAS DISCOVERED, AND THE OUTBOUND PUMP AT THE SITE LOST POWER.  AS POWER WAS RESTORED TO UPSTREAM SITES FEEDING THE ELBOW CDP, FLOW INTO THE CDP RESUMED.  NUSTAR'S CONTROLLER FIRST NOTICED THE POWER OUTAGE ON THE CONTROL ROOM SCREEN THE FOLLOWING MORNING ON MAY 11, 2022.  THE CAUSE OF THE LEAK WAS WEATHER RELATED POWER LOSS TO THE ELBOW CDP SITE. A CONTRIBUTING CAUSE WAS FAILURE OF NUSTAR'S CONTROL ROOM PERSONNEL TO INITIALLY IDENTIFY THE POWER LOSS AT THE SITE ON THE SCADA DISPLAY.  ADDITIONAL TRAINING HAS BEEN PROVIDED TO NUSTAR'S CONTROL ROOM PERSONNEL.
6/8/2022	2022	20220045	36734	ORIGINAL FINAL	31878	BRIDGER PIPELINE LLC	455 N. POPLAR ST. 	CASPER	WY	82602	5/10/2022 10:00	MOUNTAIN	YES	43.61727	-105.75888	CRUDE OIL			0.23		0.23	NO						0	NO						0	LOCAL OPERATING PERSONNEL, INCLUDING CONTRACTORS		CONTRACTOR WORKING FOR THE OPERATOR	5/10/2022 10:00	ONSHORE	NO			5/5/2022 10:30		NRC NOTIFICATION NOT REQUIRED		NO						NO	NO			0	WY	Not Within a Municipality	CAMPBELL	NO	TOTALLY CONTAINED ON OPERATOR-CONTROLLED PROPERTY	NO																					OTHER			PUMP SEAL		CARBON STEEL		0.57	REPORTING-REGULATED GATHERING	NO				YES	NO	NO						NO									0	26	1602	1810	0	0		3438	0	0	0	0	EQUIPMENT FAILURE	PUMP OR PUMP-RELATED EQUIPMENT	DOUG THACKER	COMPLIANCE COORDINATOR	doug.thacker@truecos.com						ON MAY 10, 2022 AT APPROXIMATELY 10:00 AM MDT, A CONTRACTOR EMPLOYEE CONTACTED A COMPANY FIELD SUPERVISOR TO REPORT THERE WAS OIL ON THE GROUND AT THE TITUS LOCATION.  THE FIELD SUPERVISOR SUBSEQUENTLY CONTACTED COMPANY FIELD EMPLOYEES IN THE AREA AND DISPATCHED THEM TO THE LOCATION TO ASSESS THE REPORTED RELEASE.  WHEN THE COMPANY EMPLOYEES ARRIVED ON LOCATION THEY DISCOVERED APPROXIMATELY 10 GALLONS OF CRUDE OIL HAD LEAKED FROM A PUMP SEAL WHICH HAD FAILED; HOWEVER, THE SEAL WAS NO LONGER LEAKING BECAUSE THE PUMP SHUT DOWN DUE TO LOW PRESSURE.    ALL RELEASED CRUDE WAS CONTAINED INSIDE THE PUMP CONTAINMENT AREA; HOWEVER, A SMALL AMOUNT OF SOIL/GRAVEL WAS CONTAMINATED WITH CRUDE OIL.  ALL CONTAMINATED SOIL/GRAVEL WAS REMOVED AND REPLACED WITH CLEAN MATERIAL.  THE CONTAMINATED SOIL/GRAVEL WILL BE MANAGED IN ACCORDANCE WITH WYOMING DEQ REQUIREMENTS.    THE PUMP SEAL WAS REPLACED BY COMPANY PERSONNEL AND THE PUMP PLACED BACK INTO SERVICE.    NO WILDLIFE, SURFACE WATER OR GROUND WATER WAS IMPACTED BY THE RELEASE.  SINCE THE RELEASE DID NOT MEET STATE OR NRC REPORTING REQUIREMENTS, NO ADDITIONAL NOTIFICATIONS WERE MADE.