REPORT_RECEIVED_DATE	IYEAR	REPORT_NUMBER	SUPPLEMENTAL_NUMBER	REPORT_TYPE	OPERATOR_ID	NAME	OPERATOR_STREET_ADDRESS	OPERATOR_CITY_NAME	OPERATOR_STATE_ABBREVIATION	OPERATOR_POSTAL_CODE	LOCAL_DATETIME	TIME_ZONE	DAYLIGHT_SAVINGS_IND	LOCATION_LATITUDE	LOCATION_LONGITUDE	COMMODITY_RELEASED_TYPE	COMMODITY_SUBTYPE	COMMODITY_DETAILS	UNINTENTIONAL_RELEASE_BBLS	INTENTIONAL_RELEASE_BBLS	RECOVERED_BBLS	FATALITY_IND	NUM_EMP_FATALITIES	NUM_CONTR_FATALITIES	NUM_ER_FATALITIES	NUM_WORKER_FATALITIES	NUM_GP_FATALITIES	FATAL	INJURY_IND	NUM_EMP_INJURIES	NUM_CONTR_INJURIES	NUM_ER_INJURIES	NUM_WORKER_INJURIES	NUM_GP_INJURIES	INJURE	ACCIDENT_IDENTIFIER	ACCIDENT_DETAILS	OPERATOR_TYPE	INCIDENT_IDENTIFIED_DATETIME	ON_OFF_SHORE	COMMUNICATION_STATE_FED_IND	PARTY_INITIATED_COMMUNICATION	INITIAL_RESPONDER_COM_DATETIME	ON_SITE_DATETIME	NRC_RPT_DATETIME	NRC_RPT_NUM	ADDITIONAL_NRC_REPORT_NUMBERS	IGNITE_IND	IGNITE_DATETIME	HOW_EXTINGUISHED	HOW_EXTINGUISHED_OTHER_DETAIL	PRODUCT_CONSUMED_BY_FIRE_BBLS	EXPLODE_IND	OIL_SPILL_RESP_PLAN_IND	OSRO_MOBILIZED_IND	OSRO_OPERATOR_NOTIFIED_DT	OSRO_ARRIVED_ON_SITE_DT	NUM_PUB_EVACUATED	ONSHORE_STATE_ABBREVIATION	ONSHORE_CITY_NAME	ONSHORE_COUNTY_NAME	FEDERAL	LOCATION_TYPE	CROSSING	BRIDGE_CROSSING_IND	BRIDGE_TYPE	RAILROAD_CROSSING_IND	RAILROAD_TYPE	ROAD_CROSSING_IND	ROAD_TYPE	WATER_CROSSING_IND	WATER_TYPE	WATER_NAME	WATER_DEPTH	WATER_SUBTYPE	YEAR_RECENT_ENG_EVALUATION	OFF_ACCIDENT_ORIGIN	OFFSHORE_STATE_ABBREVIATION	OFF_INSTATE_AREA	OFF_INSTATE_BLOCK	OFFSHORE_COUNTY_NAME	OCS_TYPE	OFF_OCS_AREA	OFF_OCS_BLOCK	ITEM_INVOLVED	PIPE_TYPE	JOINT_SUBTYPE	ITEM_INVOLVED_DETAILS	PIPE_DIAMETER	MATERIAL_INVOLVED	MATERIAL_DETAILS	PERCENT_PIPE_SMYS	CLASSIFICATION_PIPELINE_SYSTEM	WILDLIFE_IMPACT_IND	FISH_AQUATIC_IMPACT_IND	BIRDS_IMPACT_IND	TERRESTRIAL_IMPACT_IND	SOIL_CONTAMINATION	LONG_TERM_ASSESSMENT	REMEDIATION_IND	SURFACE_WATER_REMED_IND	GROUNDWATER_REMED_IND	SOIL_REMED_IND	VEGETATION_REMED_IND	WILDLIFE_REMED_IND	WATER_CONTAM_IND	OCEAN_SEAWATER_IND	SURFACE_CONTAM_IND	GROUNDWATER_CONTAM_IND	DRINKING_WATER_CONTAM_IND	PRIVATE_WELL_CONTAM_IND	PUBLIC_WATER_CONTAM_IND	AMOUNT_RELEASED_BBLS	REL_WATER_NAME	EST_COST_OPER_PAID	EST_COST_GAS_RELEASED	EST_COST_PROP_DAMAGE	EST_COST_EMERGENCY	EST_COST_ENVIRONMENTAL	EST_COST_OTHER	EST_COST_OTHER_DETAILS	PRPTY	NUM_PERSONS_HOSP_NOT_OVNGHT	NUM_INJURED_TREATED_BY_EMT	NUM_RESIDENT_BUILDING_AFFCTD	NUM_BUSINESS_BUILDING_AFFCTD	CAUSE	CAUSE_DETAILS	PREPARER_NAME	PREPARER_TITLE	PREPARER_EMAIL	PREPARER_TELEPHONE	PREPARER_FAX	LOCAL_CONTACT_NAME	LOCAL_CONTACT_EMAIL	LOCAL_CONTACT_TELEPHONE	NARRATIVE
6/3/2022	2022	20220042	36953	SUPPLEMENTAL FINAL	32619	HILAND CRUDE, LLC	1001 LOUISIANA ST, SUITE 1000 	HOUSTON	TX	77002	5/8/2022 8:30	CENTRAL	YES	47.9645343	-103.2714066	CRUDE OIL			0.65		0.65	NO						0	NO						0	OTHER	PRODUCER'S OPERATOR (2ND PARTY)		5/8/2022 8:30	ONSHORE	NO			5/8/2022 8:35		NRC NOTIFICATION NOT REQUIRED		NO						NO	NO			0	ND	Not Within a Municipality	MCKENZIE	NO	TOTALLY CONTAINED ON OPERATOR-CONTROLLED PROPERTY	NO																					OTHER			ABOVE GROUND HOSE CONNECTION		MATERIAL OTHER THAN CARBON STEEL	STEEL CONNECTION WIRE BRAID RUBBER HOSE		REPORTING-REGULATED GATHERING	NO				YES	NO	NO						NO									0	68	0	100	7691	4097	MATERIAL TESTING ($3517) AND DISPOSAL ($580);	11956	0	0	0	0	EQUIPMENT FAILURE	DEFECTIVE OR LOOSE TUBING OR FITTING	WM. MARTIN MULLER	SPECIALSIT-PIPELINE TECHNICAL	martin_muller@kindermorgan.com	2053253863	2053253508				ON MAY 8, 2022, AT 8:30 AM, THE PRODUCER'S OPERATOR WAS ONSITE AT THE BEAUX 18-19 WELL SITE WHEN HE DISCOVERED CRUDE OIL INSIDE AND OUTSIDE THE LINED CONTAINMENT COMING FROM A JIC HOSE FITTING ON THE DISCHARGE SIDE OF THE SITE PUMP.  THE PRODUCER'S OPERATOR IMMEDIATELY CONTACTED HILAND CRUDE AND ISOLATED THE JIC HOSE TO STOP THE LEAK.  CONSEQUENTLY, HILAND CRUDE INITIATED THE EMERGENCY RESPONSE LINE (ERL).  DURING THE ERL CALL, THE ACCIDENT WAS DEEMED REPORTABLE.      HILAND CRUDE OPERATIONS STARTED THE ROOT CAUSE INVESTIGATION AS WELL AS THE SITE CLEANUP. THE TOTAL RELEASE VOLUME WAS DETERMINED TO BE 0.65 BARREL.  CLEANUP WAS COMPLETED ON MAY 9, 2022 AND THE INVESTIGATION CONCLUDED THE 1/2-INCH JIC HOSE CONNECTION LOOSENED BY PUMP VIBRATION ALLOWED CRUDE OIL TO LEAK.      IN ORDER TO PREVENT REOCCURRENCE, HILAND CRUDE IMPLEMENTED MONTHLY JIC HOSE INSPECTIONS AT ALL OF THE WATFORD AREA LEASE SITES.
6/1/2022	2022	20220040	36714	ORIGINAL FINAL	32619	HILAND CRUDE, LLC	1001 LOUISIANA ST, SUITE 1000 	HOUSTON	TX	77002	5/5/2022 9:00	CENTRAL	YES	47.963944	-103.31646	CRUDE OIL			0.2		0.2	NO						0	NO						0	OTHER	PHONE CALL FROM PRODUCER'S OPERATOR		5/5/2022 9:00	ONSHORE	NO			5/5/2022 9:15		NRC NOTIFICATION NOT REQUIRED		NO						NO	NO			0	ND	WATFORD CITY	MCKENZIE	NO	TOTALLY CONTAINED ON OPERATOR-CONTROLLED PROPERTY	NO																					OTHER			DAMPENER WITH A FLANGE		MATERIAL OTHER THAN CARBON STEEL	IRON COVER WITH RUBBER BLADDER		REPORTING-REGULATED GATHERING	NO				NO	NO	NO						NO									0	9	2500	521	0	0		3030	0	0	0	0	EQUIPMENT FAILURE	THREADED CONNECTION/COUPLING FAILURE	JORGE LOPEZ		jorge_lopez@kindermorgan.com	7134204675					ON 5/5/2022, AT 9:00 AM HILAND CRUDE OPERATOR RECEIVED A CALL FROM THE PRODUCER'S OPERATOR AT THE EAST CAMP CREEK WELL SITE STATING THAT A LEAK HAD OCCURRED. AT 09:15 HILAND CRUDE OPERATOR ARRIVED ON SITE AND CONFIRMED DISCOVERY OF THE LEAK. OPERATOR INITIATED THE EMERGENCY RESPONSE LINE (ERL) PROCESS AND DURING THE ERL CALL, THE ACCIDENT WAS DEEMED REPORTABLE AND THE INVESTIGATION COMMENCED.    THE INVESTIGATION CONCLUDED THAT THE LOW-PRESSURE DAMPENER LOCATED AT THE LOW PRESSURE PUMP CONNECTION HAD A PINHOLE IN THE BLADDER. CONSEQUENTLY, CRUDE OIL FILLED THE DAMPENER BETWEEN THE BLADDER AND THE HOUSING. THE CRUDE OIL BETWEEN THE BLADDER AND THE HOUSING EXPERIENCED THERMAL EXPANSION DUE TO DIRECT SUNLIGHT EXPOSURE AND BECAUSE OF THAT ONE STUD BROKE ON THE DAMPENER ALLOWING CRUDE OIL TO LEAK.    OPERATIONS REPLACED THE DAMPENER AND THE WELL SITE WAS BACK ON SERVICE AT 1:40PM ON 5/5/2022.
6/1/2022	2022	20220039	36713	ORIGINAL FINAL	30829	ENTERPRISE CRUDE PIPELINE LLC	1100 LOUISIANA STREET 	HOUSTON	TX	77002	5/3/2022 6:15	CENTRAL	YES	31.902161	-102.307556	CRUDE OIL			0.14		0.14	NO						0	NO						0	LOCAL OPERATING PERSONNEL, INCLUDING CONTRACTORS		OPERATOR EMPLOYEE	5/3/2022 6:15	ONSHORE	NO			5/3/2022 6:15	5/3/2022 6:15	NRC NOTIFICATION NOT REQUIRED		NO						NO	NO			0	TX	ODESSA	ECTOR	NO	TOTALLY CONTAINED ON OPERATOR-CONTROLLED PROPERTY	NO																					PIPE	PIPE BODY			0.25	CARBON STEEL		0.01	REPORTING-REGULATED GATHERING	NO				YES	NO	NO						NO									0	14	5000	1400	0	0		6414	0	0	0	0	EQUIPMENT FAILURE	THREADED CONNECTION/COUPLING FAILURE	YAROSLAV BIL	PIPELINE COMPLIANCE ENGINEER	ybil@eprod.com	713-381-5650		YAROSLAV BIL	ybil@eprod.com	713-381-5650	ON 5/3/2022 AT 6:15 AM CST, DURING STATION ROUNDS, ENTERPRISE TECHNICIAN DISCOVERED A CRUDE LEAK AT ENDEAVOR HILL #2 METER STATION. THE FAILURE RESULTED IN A CRUDE SPILL OF 0.14 BARREL, REMEDIATION IS COMPLETE. AFTER INVESTIGATION, IT WAS DETERMINED THAT THE LEAK RESULTED FROM A THREAD FAIL IN THE NEEDLE VALVE THAT IS ASSOCIATED WITH A PILOT VALVE. THE PILOT VALVE WAS RELOCATED.
6/1/2022	2022	20220041	37347	SUPPLEMENTAL FINAL	32619	HILAND CRUDE, LLC	1001 LOUISIANA ST, SUITE 1000 	HOUSTON	TX	77002	5/2/2022 6:41	CENTRAL	YES	48.576389	-102.946389	CRUDE OIL			2400		2384	NO						0	NO						0	NOTIFICATION FROM PUBLIC			5/2/2022 6:41	ONSHORE	NO			5/2/2022 7:02		NRC NOTIFICATION NOT REQUIRED		NO						YES	YES	5/2/2022 9:00	5/2/2022 11:27	0	ND	MCGREGOR	WILLIAMS	NO	ORIGINATED ON OPERATOR-CONTROLLED PROPERTY, BUT THEN FLOWED OR MIGRATED OFF THE PROPERTY	NO																					PIPE	PIPE BODY			4.5	CARBON STEEL		1	REPORTING-REGULATED GATHERING	NO				YES	NO	YES			YES			NO									0	258192	95390	103576	4431425	0		4888583	0	0	0	0	CORROSION FAILURE	EXTERNAL CORROSION	SHELLEY DIETZ	MANAGER - ENGINEERING	shelley_dietz@kindermorgan.com						ON MAY 2, 2022 AT 6:41AM, HILAND CRUDE, LLC (HILAND) WAS NOTIFIED BY AN EMPLOYEE OF CONTINENTAL RESOURCES WHO WAS WORKING AT THE JEROL MCGREGOR 2-3 LEASE PAD IN MCGREGOR, NORTH DAKOTA THAT THERE WAS A CRUDE SPILL ON THE HILAND RIGHT OF WAY. HILAND EMPLOYEES RESPONDED BY IMPLEMENTING THE EMERGENCY RESPONSE PLAN, THE OIL SPILL RESPONSE PLAN AND BY ACTIVATING AN OIL SPILL RESPONSE ORGANIZATION. THE PIPELINE SEGMENT WAS ISOLATED AND HILAND BEGAN TAKING CRUDE OUT OF THE PIPELINE VIA BACKTRUCK IN ORDER TO REDUCE THE TOTAL SPILL VOLUME.     THE INVESTIGATION INTO THE RELEASE REVEALED THAT IT WAS CAUSED BY AN EXTERNAL CORROSION LEAK. THE CONTRACTOR WHO APPLIED THE PIPELINE COATING, FAILED TO APPLY COATING TO MANUFACTURERS SPECIFICATIONS WHICH CAUSED DISBONDED COATING ON THE PIPELINE RESULTING IN AN EXTERNAL CORROSION FAILURE ON THE GIRTH WELD OF A 90� ELBOW. THE PIPELINE WAS INSTALLED BY A PRIOR OPERATOR IN SEPTEMBER 2013 AND NOT UNDER HILAND'S CURRENT DESIGN CRITERIA. IN ORDER TO PREVENT A REOCCURRENCE, THIS PIPELINE HAS BEEN ABANDONED.
6/1/2022	2022	20220038	36871	SUPPLEMENTAL FINAL	32619	HILAND CRUDE, LLC	1001 LOUISIANA ST, SUITE 1000 	HOUSTON	TX	77002	5/2/2022 4:30	MOUNTAIN	YES	48.09945	-104.34006	CRUDE OIL			0.38		0.38	NO						0	NO						0	LOCAL OPERATING PERSONNEL, INCLUDING CONTRACTORS		CONTRACTOR WORKING FOR THE OPERATOR	5/2/2022 4:30	ONSHORE	NO			5/2/2022 5:30		NRC NOTIFICATION NOT REQUIRED		NO						NO	NO			0	MT	BAINVILLE	ROOSEVELT	NO	TOTALLY CONTAINED ON OPERATOR-CONTROLLED PROPERTY	NO																					OTHER			SWAGE ON DRA INJECTION SKID		MATERIAL OTHER THAN CARBON STEEL	STAINLESS STEEL		REPORTING-REGULATED GATHERING	NO				YES	NO	NO						NO									0	41	0	0	2500	0		2541	0	0	0	0	EQUIPMENT FAILURE	THREADED CONNECTION/COUPLING FAILURE	SHELLEY DIETZ	MANAGER - ENGINEERING	shelley_dietz@kindermorgan.com						ON MAY 2, 2022 AT 4:30 AM, A CONTRACTOR AT THE DORIS WEST WELL PAD DISCOVERED A LEAK ON THE DRA SKID. THE CONTRACTOR NOTIFIED HILAND CRUDE, LLC PERSONNEL WHO ARRIVED ON SITE AT 5:30AM. TO STOP THE LEAK, THE CONTRACTOR ISOLATED THE DRA PUMPS. IT WAS DETERMINED THAT THE LEAK CAME FROM A CRACK IN THE THREADED 2'X1/2' SWAGE USED FOR THE PURPOSE OF DRA INJECTION. IN TOTAL, 0.90 BARRELS OF DRA MIXTURE AS WELL AS 0.38 BARRELS OF CRUDE WERE RELEASED. THE RELEASE WAS CONTAINED ON THE WELL PAD. ALL OF THE RELEASED FLUID WAS RECOVERED.    THE INVESTIGATION IN TO THE EVENT REVEALED THAT THE CRACK DEVELOPED IN THE SWAGE DUE TO A LACK OF BRACING TO COUNTERACT VIBRATION. IN ORDER TO PREVENT A REOCCURRENCE, ADDITIONAL BRACING WILL BE INCLUDED IN THE RETROFIT OF THE DRA CONNECTION TO REDUCE VIBRATION.
5/23/2022	2022	20220035	36691	ORIGINAL FINAL	22465	TARGA PIPELINE MID-CONTINENT WESTTEX LLC	811 LOUISIANA STREET, SUITE 2100 	HOUSTON	TX	77002	4/29/2022 3:00	CENTRAL	YES	32.431362	-101.57794	CRUDE OIL			25		25	NO						0	NO						0	OTHER	WELL PRODUCER EMPLOYEE		4/29/2022 2:00	ONSHORE	NO			4/29/2022 2:00		NRC NOTIFICATION NOT REQUIRED		NO						NO	NO			0	TX	Not Within a Municipality	HOWARD	NO	PIPELINE RIGHT-OF-WAY	NO																					OTHER			BASKET FILTER		CARBON STEEL		20	REPORTING-REGULATED GATHERING	NO				YES	NO	NO						NO									0	2800	5	1000	2500	0		6305	0	0	0	0	CORROSION FAILURE	INTERNAL CORROSION	JORDAN NORTH	SPECIALIST PIPELINE COMPLIANCE	jnorth@targaresources.com	432-221-6822		JORDAN NORTH	jnorth@targaresources.com	432-221-6822	"AROUND 1:30 AM TARGA WAS NOTIFIED BY SURGE OPERATING EMPLOYEE OF A POTENTIAL OIL LEAK COMING FROM OUR ABOVE GROUND EQUIPMENT. TARGA EMPLOYEE ARRIVED ON SITE AND VERIFIED LEAK WAS COMING FROM A CORRODED 1"" THREADED PLUG ON THE BOTTOM OF A BASKET FILTER. TARGA EMPLOYEE BLOCKED IN LEAKING SECTION USING MANUAL BLOCK VALVES TO STOP LEAK. AFTER LEAK WAS CONTAINED A NEW 1"" PLUG WAS INSTALLED ON BASKET FILTER. EMPLOYEE THEN BEGAN PROCESS OF ASSESSING LEAK AND BEGAN REMEDIATION PROCESS."
5/25/2022	2022	20220037	36945	SUPPLEMENTAL FINAL	31684	PHILLIPS 66 PIPELINE LLC	2331 CITYWEST BLVD 	HOUSTON	TX	77042	4/26/2022 12:00	CENTRAL	YES	33.00178243	-102.861323	CRUDE OIL			3.4		3.4	NO						0	NO						0	NOTIFICATION FROM PUBLIC			4/26/2022 2:00	ONSHORE	NO			4/26/2022 2:00		NRC NOTIFICATION NOT REQUIRED		NO						NO	NO			0	TX	Not Within a Municipality	YOAKUM	NO	TOTALLY CONTAINED ON OPERATOR-CONTROLLED PROPERTY	NO																					OTHER			PUMP		MATERIAL OTHER THAN CARBON STEEL	SEAL PACKING		REPORTING-REGULATED GATHERING	NO				YES	NO	YES			YES			NO									0	340	5000	0	32000	0		37340	0	0	0	0	EQUIPMENT FAILURE	PUMP OR PUMP-RELATED EQUIPMENT	JOSE RODRIGUEZ	DOT COORDINATOR	jose.l.rodriguez@p66.com	8063189269		MAURICIO GARCIA	mauricio.garcia@p66.com	8063189273	ON 04/26/2022 A THIRD PARTY CONTACTED THE THE CONTROL CENTER STATING THAT THERE WAS A RELEASE NEAR CORNELL JUNCTION. THE CONTROL CENTER DISABLED THE PUMP AND DISPATCHED LOCAL OPERATIONS. RELEASE WAS CONFIRMED AND SOURCE IDENTIFIED FROM THE PUMP PACKING GLAND. UPON FURTHER REVIEW, THE PACKING GLAND WAS MISSING AN ANTI-ROTATION PIN ALLOWING THE PACKING TO BACK OUT RESULTING IN THE RELEASE. THE ANTI-ROTATION PIN APPEARS TO HAVE COME LOOSE DUE TO VIBRATION AND PROBABLE INCORRECT INSTALLATION. PROCEDURES ARE BEING UPDATED TO INSURE PROPER INSTALLATION.   INITIATED A REVIEW OF ALL PD PUMPS IN THE SW REGION TO ENSURE ANTI-ROTATION PINS ARE INTACT
5/24/2022	2022	20220036	36693	ORIGINAL FINAL	30829	ENTERPRISE CRUDE PIPELINE LLC	1100 LOUISIANA STREET 	HOUSTON	TX	77002	4/25/2022 15:45	CENTRAL	YES	31.879411	-102.1258	CRUDE OIL			1		1	NO						0	NO						0	LOCAL OPERATING PERSONNEL, INCLUDING CONTRACTORS		OPERATOR EMPLOYEE	4/25/2022 15:45	ONSHORE	NO			4/25/2022 15:45		NRC NOTIFICATION NOT REQUIRED		NO						NO	NO			0	TX	Not Within a Municipality	MIDLAND	NO	TOTALLY CONTAINED ON OPERATOR-CONTROLLED PROPERTY	NO																					OTHER			AIR ELIMINATOR		MATERIAL OTHER THAN CARBON STEEL	STAINLESS STEEL		REPORTING-REGULATED GATHERING	NO				YES	NO	NO						NO									0	100	0	1500	0	0		1600	0	0	0	0	EQUIPMENT FAILURE	OTHER EQUIPMENT FAILURE	YAROSLAV BIL	PIPELINE COMPLIANCE ENGINEER	ybil@eprod.com	713-906-8726		YAROSLAV BIL	ybil@eprod.com	713-906-8726	ON 4/25/2022 AT 3:45 PM CST, DURING STATION ROUNDS, ENTERPRISE TECHNICIAN HAS DISCOVERED A FAILED AIR ELIMINATOR AT OLD BRYANT G STATION. THE FAILURE RESULTED IN A CRUDE SPILL OF 1 BARREL, REMEDIATION IS COMPLETE. AFTER INVESTIGATION, THE LEAK RESULTED FROM A SPLIT SEAM ON THE AIR ELIMINATOR ON THE MANIFOLD PIPING. THE AIR ELIMINATOR HAS BEEN REMOVED.    TRRC INCIDENT #2613
5/18/2022	2022	20220034	36675	ORIGINAL FINAL	32099	ENERGY TRANSFER COMPANY	1300 MAIN STREET 	HOUSTON	TX	77002	4/17/2022 14:42	CENTRAL	YES	31.67013	-103.66937	CRUDE OIL			1		0	NO						0	NO						0	SCADA-BASED INFORMATION (SUCH AS ALARM(S), ALERT(S), EVENT(S), AND/OR VOLUME OR PACK CALCULATIONS)			4/17/2022 14:42	ONSHORE	NO			4/17/2022 14:42		NRC NOTIFICATION NOT REQUIRED		NO						NO	NO			0	TX	MENTONE	REEVES	NO	TOTALLY CONTAINED ON OPERATOR-CONTROLLED PROPERTY	NO																					OTHER			SUMP		CARBON STEEL		2	REPORTING-REGULATED GATHERING	NO				YES	NO	YES			YES			NO									100	75	0	0	3400	0		3575	0	0	0	0	EQUIPMENT FAILURE	MALFUNCTION OF CONTROL/RELIEF EQUIPMENT	TODD NARDOZZI	DIRECTOR - REGULATORY COMPLIANCE	todd.nardozzi@energytransfer.com	713-989-7126					ON 04/17/22 AT APPROXIMATELY 14:42, APPROXIMATELY 1BBL OF CRUDE OIL WAS DISCOVERED TO HAVE OVERFLOWED FROM THE SUMP AT THE JUDITH GATHERING STATION.  THE INCOMING LACT UNIT WAS SHUT DOWN AND ADDITIONAL OPERATIONS PERSONNEL WERE DISPATCHED ALONG WITH A VAC TRUCK TO BEGIN CLEAN UP.  AFTER INVESTIGATION, IT WAS FOUND THAT THE FLOW CONTROL VALVE DID NOT OPEN QUICK ENOUGH WHICH CAUSED THE RELIEF VALVE TO OPEN.  THE RELIEF VALVE FLOW OVERFLOWED THE SUMP CAUSING THE 1BBL RELEASE.  THE FLOW CONTROL VALVE WAS INSPECTED TO RESTORE PROPER OPERATION.  ALL CONTAMINATED SOIL WAS REMEDIATED BY LAND FARMING ON SITE.
5/13/2022	2022	20220033	37607	SUPPLEMENTAL FINAL	39147	ENABLE GAS GATHERING, LLC	1300 MAIN STREET 	HOUSTON	TX	77002	4/14/2022 12:17	CENTRAL	YES	34.970555	-97.771111	CRUDE OIL			200		195	NO						0	NO						0	LOCAL OPERATING PERSONNEL, INCLUDING CONTRACTORS		OPERATOR EMPLOYEE	4/14/2022 12:17	ONSHORE	YES	OPERATOR	4/14/2022 12:30	4/14/2022 12:17	4/14/2022 14:08	1333582		NO						YES	YES	4/14/2022 12:20	4/14/2022 13:37	0	OK	ALEX	GRADY	NO	PIPELINE RIGHT-OF-WAY	NO																					PIPE	PIPE BODY			6	CARBON STEEL		8	REPORTING-REGULATED GATHERING	NO				YES	NO	YES			YES			NO									5000	20000	30000	35000	90000	0		180000	0	0	0	0	CORROSION FAILURE	INTERNAL CORROSION	TODD NARDOZZI	DIRECTOR - REGULATORY COMPLIANCE	todd.nardozzi@energytransfer.com	713-989-7126					ON APRIL 14, 2022 AT APPROXIMATELY 12:17 LOCAL OPERATIONS EMPLOYEE WAS PERFORMING SITE CHECKS AND NOTED THE ODOR OF CRUDE OIL IN THE AREA OF THE GOODMARTIN 6-INCH LATERAL TIE IN TO THE V-3 12-INCH MAINLINE. THE 12-INCH MAINLINE AND THE 6-INCH LATERAL WERE IMMEDIATELY SHUTDOWN AND BLOCKED IN. ADDITIONAL INTERNAL NOTIFICATIONS WERE MADE AND CLEAN UP AND REPAIR CREWS WERE DISPATCHED TO THE SITE. AT THE TIME OF DISCOVERY IT WAS UNDETERMINED IF THE LEAK WAS ON THE 6-INCH OR 12-INCH LINE. AN NRC REPORT WOULD HAVE BEEN REQUIRED IF THE LEAK WAS ON THE 12-INCH LINE DUE TO ANTICIPATED COSTS EXCEEDING $50,000 SO NRC WAS NOTIFIED OUT OF AN ABUNDANCE OF CAUTION AND REPORT NO. 1333582 WAS ISSUED. ALL FREE PRODUCT AND CONTAMINATED SOIL WAS COLLECTED.  UPON EXCAVATION IT WAS DETERMINED THAT THE RELEASE WAS CAUSED BY AN INTERNAL CORROSION PINHOLE FAILURE AT THE BOTTOM OF THE PIPE. A PLIDCO MECHANICAL REPAIR CLAMP WAS APPLIED AND THE LINE WAS RETURNED TO SERVICE. THE FAILED SECTION OF PIPE WILL BE CUT OUT AND REPLACED AT A FUTURE DATE AND EXAMINED TO CONFIRM FAILURE MECHANISM.    SUPPLEMENTAL/FINAL UPDATE - PIPE HAS BEEN CUT OUT AND REPLACED.  VISUAL EXAMINATION OF FAILED SEGMENT CONFIRMED INTERNAL CORROSION AS CAUSE OF FAILURE.
5/12/2022	2022	20220032	36832	SUPPLEMENTAL FINAL	31888	CENTURION PIPELINE L.P.	1300 MAIN STREET 	HOUSTON	TX	77002	4/12/2022 22:30	CENTRAL	YES	32.612809	-102.736561	CRUDE OIL			2		2	NO						0	NO						0	OTHER	OTHER OPERATOR'S EMPLOYEE		4/12/2022 22:30	ONSHORE	NO			4/12/2022 22:30		NRC NOTIFICATION NOT REQUIRED		NO						NO	NO			0	TX	Not Within a Municipality	GAINES	NO	TOTALLY CONTAINED ON OPERATOR-CONTROLLED PROPERTY	NO																					PIPE	PIPE BODY			4	CARBON STEEL		0.01	REPORTING-REGULATED GATHERING	NO				YES	NO	YES			YES			NO									0	200	5000	0	1500	0		6700	0	0	0	0	CORROSION FAILURE	EXTERNAL CORROSION	Y-VAN TY	PIPELINE COMPLIANCE PROGRAM ADVISOR	yvan_ty@centurionpl.com	346-803-2718					ON APRIL 12, 2022, AT 22:00 CST, CENTURION PIPELINE, L.P. (CPL) RECEIVED A NOTIFICATION OF A POTENTIAL LEAK FROM ANOTHER OPERATOR'S (OCCIDENTAL PETROLEUM) EMPLOYEE. CPL'S PERSONNEL ARRIVED ON-SITE AT 22:30 AND DISCOVERED A 2 BARREL LEAK ON THE 4'' OXY CRCU PIPELINE LOCATED IN GAINES COUNTY. CPL DETERMINED THE LEAK WAS ON THE SUCTION LINE AND ISOLATED THE SEGMENT. CPL REMEDIATED THE CONTAMINATED SOIL ON SITE. NO INJURIES, FATALITIES OR FIRES WERE ASSOCIATED WITH THIS INCIDENT. CPL'S INVESTIGATION IS STILL PENDING AND A SUPPLEMENTAL REPORT WILL FOLLOW UPON THE COMPLETION OF THE INVESTIGATION. THE SUPPLEMENTAL REPORT WILL INCLUDE THE ROOT CAUSE OF THE ACCIDENT AND ASSOCIATED P&M MEASURES.    SUPPLEMENTAL REPORT FILED ON JULY 6, 2022:  DURING THE ROOT CAUSE FAILURE ANALYSIS (RCFA), CPL IDENTIFIED TWO THROUGH-WALL CORROSION PITS IN THE 3 O'CLOCK AND 6 O'CLOCK POSITIONS THAT RESULTED IN A LEAK. CPL DETERMINED THE CAUSE OF THE LEAK TO BE EXTERNAL CORROSION RESULTING FROM COATING FAILURE. UPON EXCAVATION, CPL DISCOVERED THAT THE EXTERNAL CORROSION DAMAGE EXTENDED BEYOND THE IMMEDIATE LEAK LOCATION AND REPLACED THE DAMAGED SECTION WITH 123 FEET OF PIPE COATED WITH FUSION BONDED EPOXY (FBE). NO FURTHER ACTIONS ARE REQUIRED.
5/6/2022	2022	20220031	37645	SUPPLEMENTAL FINAL	15851	DELEK MARKETING AND SUPPLY, LP	12700 PARK CENTRAL DRIVE SUITE 700	DALLAS	TX	75251	4/7/2022 7:48	CENTRAL	NO	32.187283	-101.66836	CRUDE OIL			4		4	NO						0	NO						0	LOCAL OPERATING PERSONNEL, INCLUDING CONTRACTORS		CONTRACTOR WORKING FOR THE OPERATOR	4/7/2022 7:48	ONSHORE	NO			4/7/2022 8:20		NRC NOTIFICATION NOT REQUIRED		NO						NO	NO			0	TX	STANTON	MARTIN COUNTY	NO	TOTALLY CONTAINED ON OPERATOR-CONTROLLED PROPERTY	NO																					OTHER			LACT STATION		CARBON STEEL		35	REPORTING-REGULATED GATHERING	NO				NO	NO	NO						NO									0	0	11240	0	500	0		11740	0	0	0	0	EQUIPMENT FAILURE	DEFECTIVE OR LOOSE TUBING OR FITTING	CANDACE NORRIS		candace.noris@delekus.com						OIL WAS DETECTED LEAKING FROM DELEK NON-REGULATED GATHERING CHEVRON VIOLET EAST LACT STATION AT 7:48 AM ON APRIL 7, BY A 3RD PARTY PUMPER. PUMPER CONTACTED DELEK PIPELINE OPERATOR, WHO CONTACTED THE CONTROL CENTER. PUMP STATION WAS SHUTDOWN AT 8:13 AM. THE RELEASE SOURCE WAS A 3/8 TUBING CONNECTION THAT CAME LOOSE ON THE BACK PRESSURE SENSE VALVE LINE. VIBRATION THROUGH TUBING RUN IS BELIEVED TO BE THE PRIMARY CAUSE FOR THE CONNECTION FAILURE. THE TUBING RUN WAS REPLACED, WITH MULTIPLE BENDS ADDED TO ADD FLEXIBILITY TO THE TUBING. A NEW CONTROL VALVE ACTUATOR THAT UTILIZES NITROGEN VS PRODUCT PRESSURE HAS BEEN ORDERED TO REMOVE THE NEED FOR TUBING.