REPORT_RECEIVED_DATE	IYEAR	REPORT_NUMBER	SUPPLEMENTAL_NUMBER	REPORT_TYPE	OPERATOR_ID	NAME	OPERATOR_STREET_ADDRESS	OPERATOR_CITY_NAME	OPERATOR_STATE_ABBREVIATION	OPERATOR_POSTAL_CODE	LOCAL_DATETIME	TIME_ZONE	DAYLIGHT_SAVINGS_IND	LOCATION_LATITUDE	LOCATION_LONGITUDE	COMMODITY_RELEASED_TYPE	COMMODITY_SUBTYPE	COMMODITY_DETAILS	UNINTENTIONAL_RELEASE_BBLS	INTENTIONAL_RELEASE_BBLS	RECOVERED_BBLS	FATALITY_IND	NUM_EMP_FATALITIES	NUM_CONTR_FATALITIES	NUM_ER_FATALITIES	NUM_WORKER_FATALITIES	NUM_GP_FATALITIES	FATAL	INJURY_IND	NUM_EMP_INJURIES	NUM_CONTR_INJURIES	NUM_ER_INJURIES	NUM_WORKER_INJURIES	NUM_GP_INJURIES	INJURE	ACCIDENT_IDENTIFIER	ACCIDENT_DETAILS	OPERATOR_TYPE	INCIDENT_IDENTIFIED_DATETIME	ON_OFF_SHORE	COMMUNICATION_STATE_FED_IND	PARTY_INITIATED_COMMUNICATION	INITIAL_RESPONDER_COM_DATETIME	ON_SITE_DATETIME	NRC_RPT_DATETIME	NRC_RPT_NUM	ADDITIONAL_NRC_REPORT_NUMBERS	IGNITE_IND	IGNITE_DATETIME	HOW_EXTINGUISHED	HOW_EXTINGUISHED_OTHER_DETAIL	PRODUCT_CONSUMED_BY_FIRE_BBLS	EXPLODE_IND	OIL_SPILL_RESP_PLAN_IND	OSRO_MOBILIZED_IND	OSRO_OPERATOR_NOTIFIED_DT	OSRO_ARRIVED_ON_SITE_DT	NUM_PUB_EVACUATED	ONSHORE_STATE_ABBREVIATION	ONSHORE_CITY_NAME	ONSHORE_COUNTY_NAME	FEDERAL	LOCATION_TYPE	CROSSING	BRIDGE_CROSSING_IND	BRIDGE_TYPE	RAILROAD_CROSSING_IND	RAILROAD_TYPE	ROAD_CROSSING_IND	ROAD_TYPE	WATER_CROSSING_IND	WATER_TYPE	WATER_NAME	WATER_DEPTH	WATER_SUBTYPE	YEAR_RECENT_ENG_EVALUATION	OFF_ACCIDENT_ORIGIN	OFFSHORE_STATE_ABBREVIATION	OFF_INSTATE_AREA	OFF_INSTATE_BLOCK	OFFSHORE_COUNTY_NAME	OCS_TYPE	OFF_OCS_AREA	OFF_OCS_BLOCK	ITEM_INVOLVED	PIPE_TYPE	JOINT_SUBTYPE	ITEM_INVOLVED_DETAILS	PIPE_DIAMETER	MATERIAL_INVOLVED	MATERIAL_DETAILS	PERCENT_PIPE_SMYS	CLASSIFICATION_PIPELINE_SYSTEM	WILDLIFE_IMPACT_IND	FISH_AQUATIC_IMPACT_IND	BIRDS_IMPACT_IND	TERRESTRIAL_IMPACT_IND	SOIL_CONTAMINATION	LONG_TERM_ASSESSMENT	REMEDIATION_IND	SURFACE_WATER_REMED_IND	GROUNDWATER_REMED_IND	SOIL_REMED_IND	VEGETATION_REMED_IND	WILDLIFE_REMED_IND	WATER_CONTAM_IND	OCEAN_SEAWATER_IND	SURFACE_CONTAM_IND	GROUNDWATER_CONTAM_IND	DRINKING_WATER_CONTAM_IND	PRIVATE_WELL_CONTAM_IND	PUBLIC_WATER_CONTAM_IND	AMOUNT_RELEASED_BBLS	REL_WATER_NAME	EST_COST_OPER_PAID	EST_COST_GAS_RELEASED	EST_COST_PROP_DAMAGE	EST_COST_EMERGENCY	EST_COST_ENVIRONMENTAL	EST_COST_OTHER	EST_COST_OTHER_DETAILS	PRPTY	NUM_PERSONS_HOSP_NOT_OVNGHT	NUM_INJURED_TREATED_BY_EMT	NUM_RESIDENT_BUILDING_AFFCTD	NUM_BUSINESS_BUILDING_AFFCTD	CAUSE	CAUSE_DETAILS	PREPARER_NAME	PREPARER_TITLE	PREPARER_EMAIL	PREPARER_TELEPHONE	PREPARER_FAX	LOCAL_CONTACT_NAME	LOCAL_CONTACT_EMAIL	LOCAL_CONTACT_TELEPHONE	NARRATIVE
4/28/2022	2022	20220030	36623	ORIGINAL FINAL	32099	ENERGY TRANSFER COMPANY	1300 MAIN STREET 	HOUSTON	TX	77002	3/29/2022 7:30	CENTRAL	YES	32.3067	-101.89723	CRUDE OIL			10		4	NO						0	NO						0	LOCAL OPERATING PERSONNEL, INCLUDING CONTRACTORS		OPERATOR EMPLOYEE	3/29/2022 7:03	ONSHORE	YES	OPERATOR	4/1/2022 14:30	3/29/2022 11:20		NRC NOTIFICATION NOT REQUIRED		NO						NO	NO			0	TX	TARZAN	MARTIN	NO	ORIGINATED ON OPERATOR-CONTROLLED PROPERTY, BUT THEN FLOWED OR MIGRATED OFF THE PROPERTY	NO																					OTHER			STAINLESS STEEL TUBING		MATERIAL OTHER THAN CARBON STEEL	STAINLESS STEEL		REPORTING-REGULATED GATHERING	NO				YES	NO	YES			YES			NO									2500	600	1000	7500	5950	0		17550	0	0	0	0	EQUIPMENT FAILURE	NON-THREADED CONNECTION FAILURE	TODD NARDOZZI		todd.nardozzi@energytransfer.com	713-989-7126					AT APPROXIMATELY 7:03AM ON MARCH 29TH 2022, AN ENERGY TRANSFER EMPLOYEE OBSERVED CRUDE OIL ESCAPING FROM STAINLESS STEEL TUBING  ASSOCIATED WITH AN INJECTION PUMP. THE EMPLOYEE IMMEDIATELY CONTACTED THE CONTROL CENTER AND HAD THE PUMP SHUTDOWN. UPON INVESTIGATION THE STAINLESS-STEEL TUBING HAD BROKEN AT THE CONNECTION FITTING DUE TO VIBRATION FROM THE INJECTION PUMP. CLEAN UP CREW WAS DISPATCHED TO COLLECT ALL FREE PRODUCT AND CONTAMINATED SOIL.    LOCAL MECHANICS WERE CALLED OUT AND THE TUBING WAS REPLACED THE SAME DAY. TO PREVENT RECURRENCE, THE TUBING WAS REPLACED WITH A FLEXIBLE STAINLESS TYPE TUBING TO ABSORB ANY EXCESSIVE VIBRATION.
4/22/2022	2022	20220028	36595	ORIGINAL FINAL	39348	NUSTAR PERMIAN TRANSPORTATION AND STORAGE, LLC	19003 IH-10 WEST  	SAN ANTONIO	TX	78257	3/25/2022 9:07	CENTRAL	YES	32.39565	-101.52858	CRUDE OIL			2.38		2.38	NO						0	NO						0	NOTIFICATION FROM PUBLIC			3/25/2022 9:07	ONSHORE	NO			3/25/2022 9:07		NRC NOTIFICATION NOT REQUIRED		NO						NO	NO			0	TX	Not Within a Municipality	HOWARD	NO	PIPELINE RIGHT-OF-WAY	NO																					OTHER			FLANGE FACE		CARBON STEEL		6.8	REPORTING-REGULATED GATHERING	NO				YES	NO	NO						NO									0	0	18100	3800	0	7000	LABORATORY ANALYSIS	28900	0	0	0	0	CORROSION FAILURE	INTERNAL CORROSION	RUSSELL PESEK	PIPELINE SAFETY SUPERVISOR	russell.pesek@nustarenergy.com	3612499417					A THIRD-PARTY PUMPER NOTIFIED NUSTAR OPERATIONS PERSONNEL OF A CRUDE OIL RELEASE AT NUSTAR'S OXY-SHIELDS LACT FACILITY.  THE LEAK ORIGINATED AT AN ABOVE-GRADE 6-INCH VALVE FLANGE CONNECTION BETWEEN NUSTAR'S OXY-SHIELDS LATERAL AND THE LACT FACILITY AND WAS CAUSED BY INTERNAL CORROSION OF THE FLANGE FACE.  THE UPSTREAM PIPELINE WAS SHUT DOWN, AND THE LEAKING PIPE SEGMENT WAS ISOLATED.  THE PIPE SPOOL CONTAINING THE FLANGE WAS REPLACED, AND A NEW GASKET WAS INSTALLED.
4/13/2022	2022	20220027	36572	ORIGINAL FINAL	32099	ENERGY TRANSFER COMPANY	1300 MAIN STREET 	HOUSTON	TX	77002	3/16/2022 18:00	CENTRAL	YES	28.054	-99.660951	CRUDE OIL			1		1	NO						0	NO						0	LOCAL OPERATING PERSONNEL, INCLUDING CONTRACTORS		CONTRACTOR WORKING FOR THE OPERATOR	3/16/2022 18:00	ONSHORE	NO			3/16/2022 18:00		NRC NOTIFICATION NOT REQUIRED		NO						NO	NO			0	TX	CATARINA	WEBB	NO	PIPELINE RIGHT-OF-WAY	NO																					PIPE	PIPE BODY			6	CARBON STEEL		41	REPORTING-REGULATED GATHERING	NO				YES	YES	YES			YES			NO									5000	0	25000	0	25000	0		55000	0	0	0	0	CORROSION FAILURE	INTERNAL CORROSION	TIMOTHY BUNAG	ENGINEER - REGULATORY COMPLIANCE	timothy.bunag@energytranfser.com	832-294-5324					ON MARCH 16, 2022, AT APPROXIMATELY 6:00 PM, ENERGY TRANSFER OPERATION PERSONNEL IDENTIFIED A LEAK IN THE PIPELINE RIGHT-OF-WAY ON THE G6 TO BOLDT 6IN CONDENSATE MAINLINE. THIS PIPELINE IS A NON-JURISDICTIONAL LIQUID GATHERING PIPELINE IN A RURAL AREA LOCATED IN WEBB COUNTY, APPROXIMATELY 21 MILES SOUTH OF CATARINA, TX. A TEMPORARY CLAMP WAS INSTALLED AT 6:05 PM TO STOP CONDENSATE FROM LEAKING TO THE GROUND. ON MARCH 21ST, OPERATIONS PROCEEDED WITH LINE ISOLATION AND PIPELINE PIGGING PROCEDURES FOR DEWATERING THE LINE. BOTH UPSTREAM AND DOWNSTREAM VALVES WERE LOCKED OUT AND TAGGED OUT AT 8:00 AM. ONE BARREL OF CONDENSATE WAS RECOVERED FROM THE BELL HOLE AND TRANSPORTED TO THE STATION TANK. PERMANENT REPAIRS WERE MADE AND LINE WAS PUT BACK IN SERVICE AS OF 8:30 PM ON MARCH 24, 2022. INVESTIGATION REVEALED THAT THE APPARENT CAUSE OF THE INCIDENT WAS DUE TO INTERNAL CORROSION (MIC).    TO PREVENT RE-OCCURRENCE, ENERGY TRANSFER IS WORKING WITH BAKER HUGHES TO ADJUST CHEMICAL BATCH TREATMENTS AND IS PERFORMING 24-HOUR PRESSURE TESTS EVERY 3-6 MONTHS TO IDENTIFY ADDITIONAL INTERNAL CORROSION ISSUES.     THIS FACILITY IS UNDER THE JURISDICTION OF THE TEXAS RAILROAD COMMISSION.
4/1/2022	2022	20220024	36539	ORIGINAL FINAL	32619	HILAND CRUDE, LLC	1001 LOUISIANA ST, SUITE 1000 	HOUSTON	TX	77002	3/16/2022 11:05	CENTRAL	YES	48.227	-103.3747	CRUDE OIL			1.9		1.9	NO						0	NO						0	LOCAL OPERATING PERSONNEL, INCLUDING CONTRACTORS		OPERATOR EMPLOYEE	3/16/2022 11:05	ONSHORE	NO			3/16/2022 11:05		NRC NOTIFICATION NOT REQUIRED		NO						NO	NO			0	ND	EPPING	WILLIAMS	NO	TOTALLY CONTAINED ON OPERATOR-CONTROLLED PROPERTY	NO																					OTHER			VALVE		CARBON STEEL		0.069	REPORTING-REGULATED GATHERING	NO				NO	NO	NO						NO									0	0	1578	0	35280	0		36858	0	0	0	0	EQUIPMENT FAILURE	PUMP OR PUMP-RELATED EQUIPMENT	KENNETH C PETERS	SENIOR PIPELINE ENGINEER	ken_peters@kindermorgan.com	2058076163	2053253729	MATTHEW DIEPENHORST	matthew_diepenhorst@kindermorgan.com	7017130786	"LOCAL OPERATION PERSONNEL DISCOVERED APPROXIMATELY 1.9 BARRELS OF CRUDE OIL INSIDE LINED CONTAINMENT AREA.  INVESTIGATION REVEALED THE PUMP'S 6"" BALON ANSI 150 SUCTION VALVE BODY GASKET FAILED CAUSING A DRIZZLE LEAK OF CRUDE OIL.  CONTRACTOR WAS MOBILIZED FOR CLEANUP, RECOVERING ALL OF THE LEAKED PRODUCT FOR DISPOSAL.  FAILED VALVE WAS REMOVED WITH BLIND FLANGE INSTALLED.  DETERMINATION WAS MADE THAT THE PUMP IS NO LONGER NECESSARY AND IT WAS MADE AVAILABLE FOR POSSIBLE FUTURE USE AT ANOTHER LOCATION."
4/8/2022	2022	20220026	36998	SUPPLEMENTAL FINAL	32099	ENERGY TRANSFER COMPANY	1300 MAIN STREET 	HOUSTON	TX	77002	3/10/2022 9:30	CENTRAL	NO	32.24114	-103.62293	CRUDE OIL			22.7		22.7	NO						0	NO						0	LOCAL OPERATING PERSONNEL, INCLUDING CONTRACTORS		OPERATOR EMPLOYEE	3/10/2022 9:30	ONSHORE	NO			3/10/2022 9:30		NRC NOTIFICATION NOT REQUIRED		NO						NO	NO			0	NM	Not Within a Municipality	LEA	NO	TOTALLY CONTAINED ON OPERATOR-CONTROLLED PROPERTY	NO																					OTHER			CHEMICAL INJECTION LINE		MATERIAL OTHER THAN CARBON STEEL	STEEL BRAIDED HOSE		REPORTING-REGULATED GATHERING	NO				YES	NO	YES			YES			NO									0	2300	1000	1000	88000	0		92300	0	0	0	0	EQUIPMENT FAILURE	THREADED CONNECTION/COUPLING FAILURE	GARRETT RAY	MANAGER - DOT COMPLIANCE	garrett.ray@energytransfer.com	713-989-7225					AT APPROXIMATELY 0930 ON MARCH 10, 2022, A COMPANY EMPLOYEE NOTICED CRUDE OIL ESCAPING FROM A STEEL BRAIDED, CHEMICAL HOSE THAT WAS ATTACHED TO A FITTING ABOVE THE VALVE ON THE PIPELINE SIDE OF THE LAUNCHER AT THE SHURVESA 8-INCH INTERCONNECT STATION. APPROXIMATELY 22.7 BARRELS OF CRUDE OIL WAS RELEASED TO THE GROUND AROUND THE LAUNCHER. THE VALVE WAS CLOSED, WHICH STOPPED THE PRODUCT FROM LEAKING ONTO THE GROUND. ALL CONTAMINATED SOIL HAS BEEN COLLECTED AND SOIL REMEDIATION WILL BE COMPLETED.    TO PREVENT THIS EVENT FROM OCCURRING AGAIN, ALL STEEL BRAIDED FLEXIBLE INJECTION HOSES ARE GOING TO BE REMOVED AT THE FACILITY AND REPLACED WITH STAINLESS STEEL TUBING AND WILL BE HARD PLUMBED TO THE PIPE.
4/1/2022	2022	20220023	36537	ORIGINAL FINAL	31878	BRIDGER PIPELINE LLC	455 N. POPLAR ST. 	CASPER	WY	82602	3/3/2022 8:00	MOUNTAIN	NO	44.68877	-105.32642	CRUDE OIL			7		7	NO						0	NO						0	LOCAL OPERATING PERSONNEL, INCLUDING CONTRACTORS		OPERATOR EMPLOYEE	3/3/2022 8:00	ONSHORE	YES	OPERATOR	3/3/2022 11:20	3/3/2022 8:45		NRC NOTIFICATION NOT REQUIRED		NO						YES	NO			0	WY	Not Within a Municipality	CAMPBELL	YES	PIPELINE RIGHT-OF-WAY	NO																					PIPE	PIPE BODY			6	CARBON STEEL		3.2	REPORTING-REGULATED GATHERING	NO				YES	NO	NO						NO									88123	754	9820	33401	0	0		132098	0	0	0	0	CORROSION FAILURE	EXTERNAL CORROSION	DOUGLAS THACKER	COMPLIANCE COORDINATOR	doug.thacker@truecos.com	307-266-0320					ON MARCH 3, 2022 AT APPROXIMATELY 8:00 AM, A COMPANY EMPLOYEE WAS CHECKING WELLS WHEN THEY DISCOVERED CRUDE OIL ON THE RIGHT-OF-WAY OF THE DON ADAM WELL LINE.  THE COMPANY EMPLOYEE CALLED LOCAL OPERATIONS PERSONNEL TO REPORT THE RELEASE AND AT APPROXIMATELY 8:45 AM THE LOCAL COMPANY FIELD SUPERVISOR ARRIVED ON SITE, VERIFIED THE LOCATION OF THE RELEASE, CONTACTED OPERATIONS MANAGEMENT TO COMMUNICATE DETAILS OF THE RELEASE, AND SHUTDOWN AND ISOLATED THE LINE.    AT APPROXIMATELY 11:30 AM, LOCAL COMPANY PIPELINE MAINTENANCE PERSONNEL ARRIVED ON SITE AND BEGAN EXCAVATING THE PIPELINE.  UPON EXPOSING THE PIPE, IT WAS DETERMINED EXTERNAL CORROSION WAS THE CAUSE OF THE RELEASE.  APPROXIMATELY 10 FT. OF PIPE WAS REMOVED AND REPLACED.     SINCE THE RELEASE OCCURRED ON FOREST SERVICE PROPERTY, USFS WAS CONTACTED AND DISPATCHED PERSONNEL TO OVERSEE THE ENVIRONMENTAL REMEDIATION OF THE SITE.  ALL CONTAMINATED SOILS WERE EXCAVATED AND HAULED TO THE DONKEY CREEK STATION WHERE THEY WILL BE MANAGED IN ACCORDANCE WITH WYOMING DEQ REGULATIONS.  SOIL SAMPLES WERE TAKEN TO ENSURE ALL CONTAMINATED SOIL WAS REMOVED AND THE EXCAVATION WILL BE BACKFILLED WITH CLEAN FILL DIRT WHEN THE RESULTS OF THE SOIL SAMPLE ANALYSIS ARE RECEIVED.    THE RELEASE DID NOT IMPACT SURFACE WATER, GROUND WATER OR WILDLIFE.
3/25/2022	2022	20220021	36610	SUPPLEMENTAL FINAL	31888	CENTURION PIPELINE L.P.	1300 MAIN STREET 	HOUSTON	TX	77002	2/28/2022 15:09	CENTRAL	NO	32.02852	-102.51426	CRUDE OIL			1		1	NO						0	NO						0	LOCAL OPERATING PERSONNEL, INCLUDING CONTRACTORS		OPERATOR EMPLOYEE	2/28/2022 15:09	ONSHORE	NO			2/28/2022 14:37		NRC NOTIFICATION NOT REQUIRED		NO						NO	NO			0	TX	Not Within a Municipality	ECTOR	NO	PIPELINE RIGHT-OF-WAY	NO																					PIPE	PIPE BODY			8	CARBON STEEL		1.2	REPORTING-REGULATED GATHERING	NO				YES	NO	YES			YES			NO									0	95	17373	0	0	0		17468	0	0	0	0	CORROSION FAILURE	EXTERNAL CORROSION	YVAN TY	PIPELINE COMPLIANCE PROGRAM ADVISOR	yvan_ty@centurionpl.com	346-803-2718					"ON FEBRUARY 28, 2022, A CENTURION PIPELINE L.P. (CPL) EMPLOYEE WAS DRIVING NEAR THE RIGHT-OF-WAY (ROW) AND DISCOVERED A LEAK ON CPL'S ECTOR WEST TRUNK LOCATED NEAR CPL'S ECTOR STATION THAT IS LOCATED IN ECTOR COUNTY. CPL DETERMINED THE LEAK WAS A PINHOLE ON THE ECTOR WEST TRUNK 8'' PIPELINE. ONE (1) BARREL OF CRUDE OIL WERE RELEASED AND RECOVERED DURING THE PROCESS. NO INJURIES, FATALITIES OR FIRES WERE ASSOCIATED WITH THIS INCIDENT. CPL'S INVESTIGATION IS STILL PENDING AND A SUPPLEMENTAL REPORT WILL FOLLOW UPON THE COMPLETION OF THE INVESTIGATION. THE SUPPLEMENTAL REPORT WILL INCLUDE THE ROOT CAUSE OF THE ACCIDENT AND ASSOCIATED P&M MEASURES.    SUPPLEMENTAL FINAL REPORT FILED APRIL 25, 2022:  DURING THE ROOT CAUSE FAILURE ANALYSIS (RCFA) OF THE ECTOR WEST TRUNK (ECTOR HOLT) 8"" PIPELINE, CPL IDENTIFIED LOCALIZED PITTING DUE TO EXTERNAL CORROSION RESULTING IN A THROUGH-WALL PIT AT THE 7 O'CLOCK POSITION. UPON EXCAVATION, CPL DISCOVERED AN UNKNOWN PIPE CROSSING AT THE LEAK SITE. CPL ALSO DISCOVERED THAT THE ECTOR HOLT PIPELINE IS CONSTRUCTED WITH SCREW AND COLLAR CONNECTIONS AND FOUND DEBRIS ADJACENT TO THE PIPE AT THE LEAK LOCATION. CPL DETERMINED THE LEAK WAS CAUSED BY EXTERNAL CORROSION DUE TO CATHODIC PROTECTION (CP) INTERFERENCE FROM THE UNKNOWN PIPE CROSSING. THE SCREW AND COLLAR CONNECTION AND THE PRESENCE OF DEBRIS NEXT TO THE PIPE CONTRIBUTED TO THE CORROSION. CPL REPLACED THE DAMAGE SECTION WITH APPROXIMATELY 70 FEET OF PIPE COATED WITH FUSION BOND EPOXY (FBE) TO PREVENT FURTHER INTERFERENCE AND DETERMINED NO FURTHER ACTIONS ARE NEEDED."
7/18/2022	2022	20220063	36866	ORIGINAL FINAL	18718	SUNOCO PIPELINE L.P.	1300 MAIN STREET 	HOUSTON	TX	77002	2/26/2022 12:05	CENTRAL	NO	32.3066	-101.8971	CRUDE OIL			0.5		0.5	NO						0	NO						0	LOCAL OPERATING PERSONNEL, INCLUDING CONTRACTORS		OPERATOR EMPLOYEE	2/26/2022 12:05	ONSHORE	NO			2/26/2022 13:00		NRC NOTIFICATION NOT REQUIRED		NO						NO	NO			0	TX	LENORAH	MARTIN	NO	TOTALLY CONTAINED ON OPERATOR-CONTROLLED PROPERTY	NO																					OTHER			POSITIVE DISPLACEMENT PUMP		MATERIAL OTHER THAN CARBON STEEL	PACKING MATERIAL (838 PACKING)		REPORTING-REGULATED GATHERING	NO				YES	NO	YES			YES			NO									0	46	2000	1000	5000	0		8046	0	0	0	0	EQUIPMENT FAILURE	PUMP OR PUMP-RELATED EQUIPMENT	CHRISTOPHER PALAFOX	SPECIALIST REGULATORY COMPLIANCE	christopher.palafox@energytransfer.com	713-989-4464					ON FEBRUARY 26, 2022, AT APPROXIMATELY 12:05, A CRUDE OIL LEAK OCCURRED FROM A PUMP AT THE RC SMITH STATION, THIS STATION IS LOCATED 1.26 MILES WEST OF LENORAH, TX. THIS PUMP IS A NON-REGULATED GATHERING PUMP THAT DISCHARGES INTO THE 23025 12-INCH RC SMITH TO SUNOCO MIDLAND TERMINAL PIPELINE.    UPON ARRIVAL AT THE STATION, AN EMPLOYEE DISCOVERED A LEAK FROM A PUMP, SECURED THE LEAK AND NOTIFIED OPERATIONS.  A THIRD-PARTY COMPANY WAS CALLED TO CLEAN UP ALL FREE PRODUCT AND REMEDIATE THE SOIL AND A MECHANIC WAS DISPATCHED TO PERFORM REPAIRS ON THE PUMP.    THE CAUSE OF THE LEAK WAS DUE TO THE PACKING ON ONE OF THE PLUNGERS HAD GONE BAD CAUSING THE CRUDE OIL TO FILL THE SEAL BOX AND LEAK APPROXIMATELY .5 BARREL ONTO THE GROUND MEETING THE REPORTING CRITERIA OF OVER 5 GALLONS.    ON FEBRUARY 26, 2022, THE PUMP WAS REPAIRED AND AT APPROXIMATELY 17:30 THE PUMP WAS PUT BACK INTO SERVICE.     TO PREVENT FUTURE LEAKS, ADDITIONAL SITE VISITS, AND VERIFYING PLUNGER BOXES ARE DRAINING. CONTINUE PREVENTATIVE MAINTENANCE DUE TO NON-SEALED PLUNGER BOXES.
4/5/2022	2022	20220025	36738	SUPPLEMENTAL FINAL	15851	DELEK MARKETING AND SUPPLY, LP	12700 PARK CENTRAL DRIVE SUITE 700	DALLAS	TX	75251	2/24/2022 16:33	CENTRAL	NO	32.284269	-101.410268	CRUDE OIL			2		2	NO						0	NO						0	LOCAL OPERATING PERSONNEL, INCLUDING CONTRACTORS		OPERATOR EMPLOYEE	2/24/2022 16:33	ONSHORE	NO			2/24/2022 16:35		NRC NOTIFICATION NOT REQUIRED		NO						NO	NO			0	TX	BIG SPRING	HOWARD	NO	TOTALLY CONTAINED ON OPERATOR-CONTROLLED PROPERTY	NO																					OTHER			PUMP		MATERIAL OTHER THAN CARBON STEEL	SS		REPORTING-REGULATED GATHERING	NO				NO	NO	NO						NO									0	0	0	0	0	2500	OPERATOR CONDUCTED CLEAN-UP.	2500	0	0	0	0	INCORRECT OPERATION	VALVE LEFT OR PLACED IN WRONG POSITION, BUT NOT RESULTING IN A TANK, VESSEL, OR SUMP/SEPARATOR OVERFLOW OR FACILITY OVERPRESSURE	CANDACE NORRIS	REGULATORY AFFAIRS AND COMPLIANCE SPECIALIST	candace.norris@delekus.com	4322106152		CANDACE NORRIS	candace.norris@delekus.com	4322106152	OPERATOR CLOSED DRA VALVE ON A PUMP HOWEVER, DUE TO INCLEMENT WEATHER, FREEZING TEMPERATURES AND ICE BUILD UP AROUND THE SEAT, THE VALVE DID NOT FULLY SEAT RESULTING IN A LOSS OF 2 BBLS OF A DRA AND CRUDE OIL MIX. DURING DEEP FREEZE, FROZEN MATERIAL WAS IN THE VALVE AND DID NOT FULLY SEAT, LEADING OPERATOR TO BELIEVE VALVE WAS CLOSED. THE FAILURE WAS IDENTIFIED BY LOCAL OPERATING PERSONNEL. THE CONTROL CENTER WAS IMMEDIATELY CONTACTED AND THE UNIT SHUTDOWN. THE RELEASED DRA AND CRUDE OIL MIX WAS CONFINED TO OPERATOR PROPERTY, CLEANED UP PROMPTLY AND THE UNIT RESTARTED.
3/23/2022	2022	20220020	37624	SUPPLEMENTAL FINAL	18718	SUNOCO PIPELINE L.P.	1300 MAIN STREET 	HOUSTON	TX	77002	2/21/2022 14:00	CENTRAL	NO	32.4816	-94.8366	CRUDE OIL			10		10	NO						0	NO						0	LOCAL OPERATING PERSONNEL, INCLUDING CONTRACTORS		OPERATOR EMPLOYEE	2/21/2022 13:00	ONSHORE	YES	OPERATOR	2/21/2022 14:45	2/21/2022 13:00		NRC NOTIFICATION NOT REQUIRED		NO						NO	NO			0	TX	LONGVIEW	GREGG	NO	TOTALLY CONTAINED ON OPERATOR-CONTROLLED PROPERTY	NO																					PIPE	PIPE BODY			8	CARBON STEEL		15	REPORTING-REGULATED GATHERING	NO				YES	NO	NO						NO									0	1000	6000	30000	0	0		37000	0	0	0	0	CORROSION FAILURE	INTERNAL CORROSION	TODD NARDOZZI	DIRECTOR - REGULATORY COMPLIANCE	todd.nardozzi@energytransfer.com	713-989-7126					ON 02/21/2022, A COMPANY EMPLOYEE WAS DRIVING THROUGH THE TEXOMA FACILITY WHEN HE NOTICED CRUDE OIL LEAKING OUT OF THE BOTTOM OF AN ABOVE GROUND 8-INCH PIPE ASSOCIATED WITH THE 8-INCH LONGVIEW GATHERING 8-INCH MGL GATHERING EXTENSION.  INTERNAL AND EXTERNAL (TXRRC) NOTIFICATIONS WERE MADE AND A TEAM WAS ASSEMBLED TO IMMEDIATELY BEGIN CONTAINMENT AND CLEANUP ACTIVITIES. THE CLEANUP CONSISTED OF VACUUMING UP ALL FREE CRUDE OIL WITH A VAC TRUCK, PUTTING OUT BOOMS TO KEEP PRODUCT FROM MIGRATING OFFSITE, AND EXCAVATING THE CONTAMINATED SOIL. ALL CONTAMINATED SOIL AND MATERIALS WERE PROPERLY DISPOSED OF. THE FAILED SECTION OF PIPE WAS PIPE CUT, EXAMINED TO CONFIRM INTERNAL CORROSION, BLOWN DRY, CAPPED AND PERMANENTLY REMOVED FROM SERVICE.
3/3/2022	2022	20220015	37052	SUPPLEMENTAL FINAL	39649	IRONWOOD MIDSTREAM ENERGY PARTNERS, LLC	15727 ANTHEM PARKWAY, SUITE 510 	SAN ANTONIO	TX	78249	2/20/2022 15:16	CENTRAL	YES	28.560215	-99.156852	CRUDE OIL			0.48		0.36	NO						0	NO						0	LOCAL OPERATING PERSONNEL, INCLUDING CONTRACTORS		CONTRACTOR WORKING FOR THE OPERATOR	2/20/2022 11:30	ONSHORE	NO			2/20/2022 15:30		NRC NOTIFICATION NOT REQUIRED		NO						YES	NO			0	TX	COTULLA	LA SALLE	NO	TOTALLY CONTAINED ON OPERATOR-CONTROLLED PROPERTY	NO																					OTHER			PUMP		MATERIAL OTHER THAN CARBON STEEL	STAINLESS STEEL		REPORTING-REGULATED GATHERING	NO				YES	YES	YES			YES			NO									0	15	300	500	3000	0		3815	0	0	0	0	EQUIPMENT FAILURE	PUMP OR PUMP-RELATED EQUIPMENT	ROLANDO MORENO	DOT- PHMSA COMPLIANCE SPECIALIST	rolando.moreno@flatrockenergy.net	9569603070		GERON HENDRICKSON	geron.hendrickson@ironwoodmidstream.com	2108406622	AIR ELIMINATOR LEAKED AND WAS STUCK IN THE OPEN POSITION CAUSING THE OVERFILLING OF THE ENVIRONMENTAL BOX LEADING TO OIL BEING RELEASED TO THE SURROUNDINGS SOIL. REMEDIATION OF THE SOIL WAS COMPLETED, AND SOIL SAMPLES WILL BE TAKEN. IRONWOOD PLANS TO INSTALL AN AIR ELIMINATOR THAT IS BETTER SUITED FOR A PROPER MAINTENANCE SCHEDULE.