REPORT_RECEIVED_DATE	IYEAR	REPORT_NUMBER	SUPPLEMENTAL_NUMBER	REPORT_TYPE	OPERATOR_ID	NAME	OPERATOR_STREET_ADDRESS	OPERATOR_CITY_NAME	OPERATOR_STATE_ABBREVIATION	OPERATOR_POSTAL_CODE	LOCAL_DATETIME	TIME_ZONE	DAYLIGHT_SAVINGS_IND	LOCATION_LATITUDE	LOCATION_LONGITUDE	COMMODITY_RELEASED_TYPE	COMMODITY_SUBTYPE	COMMODITY_DETAILS	UNINTENTIONAL_RELEASE_BBLS	INTENTIONAL_RELEASE_BBLS	RECOVERED_BBLS	FATALITY_IND	NUM_EMP_FATALITIES	NUM_CONTR_FATALITIES	NUM_ER_FATALITIES	NUM_WORKER_FATALITIES	NUM_GP_FATALITIES	FATAL	INJURY_IND	NUM_EMP_INJURIES	NUM_CONTR_INJURIES	NUM_ER_INJURIES	NUM_WORKER_INJURIES	NUM_GP_INJURIES	INJURE	ACCIDENT_IDENTIFIER	ACCIDENT_DETAILS	OPERATOR_TYPE	INCIDENT_IDENTIFIED_DATETIME	ON_OFF_SHORE	COMMUNICATION_STATE_FED_IND	PARTY_INITIATED_COMMUNICATION	INITIAL_RESPONDER_COM_DATETIME	ON_SITE_DATETIME	NRC_RPT_DATETIME	NRC_RPT_NUM	ADDITIONAL_NRC_REPORT_NUMBERS	IGNITE_IND	IGNITE_DATETIME	HOW_EXTINGUISHED	HOW_EXTINGUISHED_OTHER_DETAIL	PRODUCT_CONSUMED_BY_FIRE_BBLS	EXPLODE_IND	OIL_SPILL_RESP_PLAN_IND	OSRO_MOBILIZED_IND	OSRO_OPERATOR_NOTIFIED_DT	OSRO_ARRIVED_ON_SITE_DT	NUM_PUB_EVACUATED	ONSHORE_STATE_ABBREVIATION	ONSHORE_CITY_NAME	ONSHORE_COUNTY_NAME	FEDERAL	LOCATION_TYPE	CROSSING	BRIDGE_CROSSING_IND	BRIDGE_TYPE	RAILROAD_CROSSING_IND	RAILROAD_TYPE	ROAD_CROSSING_IND	ROAD_TYPE	WATER_CROSSING_IND	WATER_TYPE	WATER_NAME	WATER_DEPTH	WATER_SUBTYPE	YEAR_RECENT_ENG_EVALUATION	OFF_ACCIDENT_ORIGIN	OFFSHORE_STATE_ABBREVIATION	OFF_INSTATE_AREA	OFF_INSTATE_BLOCK	OFFSHORE_COUNTY_NAME	OCS_TYPE	OFF_OCS_AREA	OFF_OCS_BLOCK	ITEM_INVOLVED	PIPE_TYPE	JOINT_SUBTYPE	ITEM_INVOLVED_DETAILS	PIPE_DIAMETER	MATERIAL_INVOLVED	MATERIAL_DETAILS	PERCENT_PIPE_SMYS	CLASSIFICATION_PIPELINE_SYSTEM	WILDLIFE_IMPACT_IND	FISH_AQUATIC_IMPACT_IND	BIRDS_IMPACT_IND	TERRESTRIAL_IMPACT_IND	SOIL_CONTAMINATION	LONG_TERM_ASSESSMENT	REMEDIATION_IND	SURFACE_WATER_REMED_IND	GROUNDWATER_REMED_IND	SOIL_REMED_IND	VEGETATION_REMED_IND	WILDLIFE_REMED_IND	WATER_CONTAM_IND	OCEAN_SEAWATER_IND	SURFACE_CONTAM_IND	GROUNDWATER_CONTAM_IND	DRINKING_WATER_CONTAM_IND	PRIVATE_WELL_CONTAM_IND	PUBLIC_WATER_CONTAM_IND	AMOUNT_RELEASED_BBLS	REL_WATER_NAME	EST_COST_OPER_PAID	EST_COST_GAS_RELEASED	EST_COST_PROP_DAMAGE	EST_COST_EMERGENCY	EST_COST_ENVIRONMENTAL	EST_COST_OTHER	EST_COST_OTHER_DETAILS	PRPTY	NUM_PERSONS_HOSP_NOT_OVNGHT	NUM_INJURED_TREATED_BY_EMT	NUM_RESIDENT_BUILDING_AFFCTD	NUM_BUSINESS_BUILDING_AFFCTD	CAUSE	CAUSE_DETAILS	PREPARER_NAME	PREPARER_TITLE	PREPARER_EMAIL	PREPARER_TELEPHONE	PREPARER_FAX	LOCAL_CONTACT_NAME	LOCAL_CONTACT_EMAIL	LOCAL_CONTACT_TELEPHONE	NARRATIVE
3/4/2022	2022	20220018	36424	ORIGINAL FINAL	39551	STAKEHOLDER MIDSTREAM CRUDE OIL PIPELINE, LLC	19122 US HWY 281 STE 113	SAN ANTONIO	TX	78258	2/14/2022 20:45	CENTRAL	YES	33.19696	-103.04055	CRUDE OIL			1.2		0.5	NO						0	NO						0	LOCAL OPERATING PERSONNEL, INCLUDING CONTRACTORS		OPERATOR EMPLOYEE	2/14/2022 20:40	ONSHORE	NO			2/14/2022 21:15		NRC NOTIFICATION NOT REQUIRED		NO						YES	NO			0	TX	PLAINS	YOAKUM	NO	PIPELINE RIGHT-OF-WAY	NO																					OTHER			LACT AIR ELIMINATOR		MATERIAL OTHER THAN CARBON STEEL	STAINLESS STEEL		REPORTING-REGULATED GATHERING	NO				YES	YES	YES			YES			NO									0	114	200	300	1500	0		2114	0	0	0	0	EQUIPMENT FAILURE	OTHER EQUIPMENT FAILURE	ROLANDO MORENO	DOT-PHMSA COMPLIANCE SPECIALIST	rolando.moreno@flatrockenergy.net	9569603070		TOM CUNNINGHAM	tcunningham@stakeholderms.com	2102602486	STEWARD FOREMAN SENT MESSAGE AT 8:45 PM THAT NO SOUP FOR YOU WAS LEAKING. FOREMAN HAD UNIT DISABLED FROM RUNNING. OPERATIONS LEFT FOR LOCATION, CALLED OUT STAKEHOLDER TEAM AND CALLED OUT VAC TRUCK. OPS ARRIVED AT 9:15 WITH TEAM MEMBERS AND VAC TRUCK SHORTLY AFTERWARDS. THEY BEGAN PICKING UP FLUIDS AND MIXING IN FRESH SOIL AS THEY WENT. ESTIMATED VARIOUS POOLS TO HAVE HELD 1.2 BBLS OF OIL. VAC TRUCK PICKED UP ABOUT 1/2 BBL. OPS FOUND LACT ARMSTRONG AIR ELIMINATOR WAS LEAKING FLUID INTO PROVING SUMP AND OVER-RAN ONTO SKID, AND THEN THE GROUND. OPS ISOLATED VALVE AND VERIFIED LEAKAGE STOPPED. FINISHED FRESH SOIL MIXING AND REMOVAL OF OIL FROM LACT SKID AND RETURNED LACT TO OPERATION AT 10:45PM. FAULTY ELIMINATOR WAS REPLACED THE NEXT MORNING AT 9:00 AM, CHECKED FOR PROPER OPERATION. MITIGATION WILL BE TO IMPLEMENT WEEKLY LACT MAINTENANCE CHECKLIST.
3/16/2022	2022	20220019	36464	ORIGINAL FINAL	39654	ORYX DELAWARE OIL TRANSPORT LLC	333 CLAY ST. SUITE 1900 	HOUSTON	TX	77002	2/14/2022 13:30	MOUNTAIN	NO	32.3424733	-104.062457	CRUDE OIL			12		12	NO						0	NO						0	LOCAL OPERATING PERSONNEL, INCLUDING CONTRACTORS		OPERATOR EMPLOYEE	2/14/2022 13:30	ONSHORE	YES	OPERATOR	2/14/2022 13:58	2/14/2022 13:30		NRC NOTIFICATION NOT REQUIRED		NO						NO	NO			0	NM	Not Within a Municipality	EDDY	NO	PIPELINE RIGHT-OF-WAY	NO																					PIPE	PIPE BODY			6	CARBON STEEL		8.7	REPORTING-REGULATED GATHERING	NO				YES	NO	NO						NO									0	90	45000	115000	0	0		160090	0	0	0	0	EXCAVATION DAMAGE	EXCAVATION DAMAGE BY THIRD PARTY	NICOLAS GONZALEZ	HSE COMPLIANCE SPECIALIST	nagonzalez@paalp.com	7136464376		NICOLAS GONZALEZ	nagonzalez@paalp.com	7136464376	APPROXIMATELY 12 BARRELS OF CRUDE OIL WERE RELEASED FROM THE ASTRO DOG 6 INCH LINE.  THE CAUSE OF THE RELEASE WAS ATTRIBUTED TO THIRD PARTY DAMAGE FROM A HYDRAULIC HAMMER DURING EXCAVATION ACTIVITIES.   TO PREVENT FUTURE INCIDENTS, PLAINS WILL HOLD A LESSONS LEARNED DISCUSSION WITH LINE LOCATORS IN THE AREA.
3/3/2022	2022	20220016	36419	SUPPLEMENTAL	39551	STAKEHOLDER MIDSTREAM CRUDE OIL PIPELINE, LLC	19122 US HWY 281 STE 113	SAN ANTONIO	TX	78258	2/14/2022 9:02	CENTRAL	YES	33.2121	-103.05944	CRUDE OIL			0.26		0.04	NO						0	NO						0	LOCAL OPERATING PERSONNEL, INCLUDING CONTRACTORS		OPERATOR EMPLOYEE	2/14/2022 8:50	ONSHORE	NO			2/14/2022 9:22		NRC NOTIFICATION NOT REQUIRED		NO						YES	NO			0	TX	PLAINS	YOAKUM	NO	ORIGINATED ON OPERATOR-CONTROLLED PROPERTY, BUT THEN FLOWED OR MIGRATED OFF THE PROPERTY	NO																					OTHER			LACT SOLENOID		MATERIAL OTHER THAN CARBON STEEL	STAINLESS & CARBON STEEL, VITON SEALS		REPORTING-REGULATED GATHERING	NO				YES	YES	YES			YES			NO									0	25	200	570	1500	0		2295	0	0	0	0	EQUIPMENT FAILURE	OTHER EQUIPMENT FAILURE	ROLANDO MORENO	DOT- PHMSA COMPLIANCE SPECIALIST	rolando.moreno@flatrockenergy.net	9569603070		TOM CUNNINGHAM	tcunningham@stakeholderms.com	12102602486	STEWARD CALLED MIS TO REPORT LEAK AT THEIR CHOP SUEY BATTERY, MESSAGE WAS THEN RELAYED TO OPERATIONS MANAGER WHO HAD UNIT DISABLED FROM RUNNING REMOTELY. MANAGER DISPATCHED TECH/ROUSTABOUT TO LOCATION AND CALLED FOR VAC TRUCK. THEY FOUND SAMPLE POT OVER RAN ONTO LACT SKID AND ONTO GROUND. OPERATORS DISCOVERED A MECHANICAL FAILURE OF LACT SOLENOID. VAC TRUCK ARRIVED, PICKED UP MINIMAL FREE OIL, LESS THAN WOULD SHOW ON HIS INDICATOR. DIMENSIONS INDICATE VOLUME OF 11 GALS ON THE GROUND. OPERATIONS THEN BEGAN TO MIX AREA WITH CLEAN SOIL. OPERATIONS CHECKED SOLENOID FOR PROPER OPERATION AND SAMPLE RATE. RETURNED TO OPERATION. MITIGATION WILL BE TO IMPLEMENT WEEKLY LACT MAINTENANCE CHECKLIST. STAKEHOLDER WILL REPLACE SOLENOID WITH A MORE ROBUST MODEL THAT IS RATED FOR HIGHER PRESSURE AT 240 PSIG.
3/3/2022	2022	20220014	36555	SUPPLEMENTAL FINAL	15851	DELEK MARKETING AND SUPPLY, LP	12700 PARK CENTRAL DRIVE SUITE 700	DALLAS	TX	75251	2/13/2022 20:35	CENTRAL	NO	32.187283	-101.66836	CRUDE OIL			4		4	NO						0	NO						0	LOCAL OPERATING PERSONNEL, INCLUDING CONTRACTORS		OPERATOR EMPLOYEE	2/13/2022 20:35	ONSHORE	NO			2/13/2022 20:35		NRC NOTIFICATION NOT REQUIRED		NO						NO	NO			0	TX	STANTON	MARTIN	NO	TOTALLY CONTAINED ON OPERATOR-CONTROLLED PROPERTY	NO																					OTHER			PUMP (TUBING)		MATERIAL OTHER THAN CARBON STEEL	SS		REPORTING-REGULATED GATHERING	NO				NO	NO	NO						NO									0	360	5000	5000	0	0		10360	0	0	0	0	EQUIPMENT FAILURE	DEFECTIVE OR LOOSE TUBING OR FITTING	CANDACE NORRIS	REGULATORY AFFAIRS AND COMPLIANCE SPECIALIST	candace.norris@delekus.com	4232106152		CANDACE NORRIS	candace.norris@delekus.com	4322106152	TUBING ON A PUMP FAILED RESULTING IN A LOSS OF APPROXIMATELY 4 BBLS. THE FAILURE WAS IDENTIFIED BY LOCAL OPERATING PERSONNEL. THE CONTROL CENTER WAS IMMEDIATELY CONTACTED THE UNIT SHUTDOWN. THE RELEASED CRUDE OIL WAS CONFINED TO OPERATOR PROPERTY AND CLEANED UP PROMPTLY. THE PUMP WAS REPAIRED AND THE UNIT RESTARTED.
3/4/2022	2022	20220017	36423	ORIGINAL FINAL	30829	ENTERPRISE CRUDE PIPELINE LLC	1100 LOUISIANA STREET 	HOUSTON	TX	77002	2/7/2022 7:30	CENTRAL	NO	31.88682	-101.9998	CRUDE OIL			1.5		1.5	NO						0	NO						0	OTHER	THIRD PARTY PRODUCER PIONEER PRODUCTION		2/7/2022 7:30	ONSHORE	NO			2/7/2022 8:00		NRC NOTIFICATION NOT REQUIRED		NO						NO	NO			0	TX	Not Within a Municipality	MIDLAND	NO	TOTALLY CONTAINED ON OPERATOR-CONTROLLED PROPERTY	NO																					OTHER			VALVE		MATERIAL OTHER THAN CARBON STEEL	CAST IRON		REPORTING-REGULATED GATHERING	NO				NO	NO	YES			YES			NO									0	0	0	5000	0	0		5000	0	0	0	0	OTHER ACCIDENT CAUSE	UNKNOWN	YAROSLAV BIL	PIPELINE COMPLIANCE ENGINEER	ybil@eprod.com	713-381-5650		YAROSLAV BIL	ybil@eprod.com	713-381-5650	ON 02/07/2022, AN ENTERPRISE SUPERVISOR WAS NOTIFIED BY A THIRD PARTY PRODUCER OF A CRUDE LEAK AT ENTERPRISE'S TEXAS TEN YY LACT UNIT. IT WAS OBSERVED THAT A 1/2 INCH BODY VALVE ON A BLOCK/BLEED VALVE WAS OPEN, ALLOWING OIL TO BE RELEASED. HOWEVER, THE CAUSE OF THE ACCIDENT COULD NOT BE DETERMINED.  THE LEAK SITE WAS CLEANED UP.
3/3/2022	2022	20220013	36554	SUPPLEMENTAL FINAL	15851	DELEK MARKETING AND SUPPLY, LP	12700 PARK CENTRAL DRIVE SUITE 700	DALLAS	TX	75251	2/2/2022 17:00	CENTRAL	NO	32.187283	-101.66836	CRUDE OIL			3		3	NO						0	NO						0	LOCAL OPERATING PERSONNEL, INCLUDING CONTRACTORS		OPERATOR EMPLOYEE	2/2/2022 17:00	ONSHORE	NO			2/2/2022 17:30		NRC NOTIFICATION NOT REQUIRED		NO						NO	NO			0	TX	STANTON	MARTIN	NO	TOTALLY CONTAINED ON OPERATOR-CONTROLLED PROPERTY	NO																					OTHER			PUMP (TUBING)		MATERIAL OTHER THAN CARBON STEEL	SS		REPORTING-REGULATED GATHERING	NO				NO	NO	NO						NO									0	270	5000	5000	0	0		10270	0	0	0	0	EQUIPMENT FAILURE	DEFECTIVE OR LOOSE TUBING OR FITTING	CANDACE NORRIS	REGULATORY AFFAIRS AND COMPLIANCE SPECIALIST	candace.norris@delekus.com	4322106152		CANDACE NORRIS	candace.norris@delekus.com	4322106152	TUBING ON A PUMP FAILED RESULTING IN A LOSS OF APPROXIMATELY 3 BBLS. THE FAILURE WAS IDENTIFIED BY LOCAL OPERATING PERSONNEL. THE CONTROL CENTER WAS IMMEDIATELY CONTACTED AND THE UNIT SHUTDOWN. THE RELEASED CRUDE OIL WAS CONFINED TO OPERATOR PROPERTY AND CLEANED UP PROMPTLY. THE PUMP WAS REPAIRED AND THE UNIT RESTARTED.
2/25/2022	2022	20220012	36760	SUPPLEMENTAL FINAL	40204	SCM OPERATIONS, LLC	5775 N SAM HOUSTON PKWY W SUITE 600	HOUSTON	TX	77086	1/28/2022 3:00	CENTRAL	NO	32.227889	-103.442389	CRUDE OIL			0.5		0.5	NO						0	NO						0	SCADA-BASED INFORMATION (SUCH AS ALARM(S), ALERT(S), EVENT(S), AND/OR VOLUME OR PACK CALCULATIONS)			1/28/2022 2:31	ONSHORE	NO			1/28/2022 3:00		NRC NOTIFICATION NOT REQUIRED		NO						YES	NO			0	NM	JAL	LEA COUNTY	NO	TOTALLY CONTAINED ON OPERATOR-CONTROLLED PROPERTY	NO																					OTHER			AIR ELIMINATOR		MATERIAL OTHER THAN CARBON STEEL	STAINLESS STEEL		REPORTING-REGULATED GATHERING	NO				YES	NO	YES			YES			NO									0	40	0	0	4400	0		4440	0	0	0	0	EQUIPMENT FAILURE	OTHER EQUIPMENT FAILURE	HAYDEN ACOSTA	EHS COORDINATOR	hayden.acosta@scmid.com	5052499506					AT 2:31 AM ON 01/28/2022 SCM OPERATIONS, LLC'S 3RD PARTY CONTROL ROOM (MIDSTREAM INTEGRITY SERVICES) RECEIVED A HIGH SUMP BOX ALARM FOR THE MANDELBAUM LACT. MIS IMMEDIATELY IMPLEMENTED SCM CALLOUT PROTOCOL AND SUCCESSFULLY REPORTED THE ALARM TO SCM CRUDE OPERATIONS. AT 3:00 AM SCM CRUDE OPERATIONS ARRIVED ON LOCATION AND CONFIRMED DISCOVERY OF THE CRUDE OIL SPILL. THE TOTAL VOLUME OF THE SPILL WAS APPROXIMATELY 20 GALLONS:10 GALLONS ON THE SKID AND 10 GALLONS ON THE GROUND.   THE SOURCE OF THE INCIDENT WAS DETERMINED TO BE THE AIR ELIMINATOR. THE LACT WAS SHUT DOWN, AND THE AIR ELIMINATOR WAS SUFFICIENTLY ISOLATED. BERMS AND ABSORBENTS CONTAINED THE SPILL TO A SMALL AREA. THE LACT WAS RESTARTED AT 4:00 AM. REMEDIATION OF THE CONTAMINATED SOIL BEGAN AT 8:00 AM ON 01/31/2022. SOIL WAS EXCAVATED OFF SITE, AERATED, AND MIXED WITH FRESH SOIL, THEN PUT BACK IN PLACE. SOIL SAMPLES WERE COLLECTED AND SENT OFF FOR ANALYSIS. LABORATORY ANALYTICAL RESULTS FROM THE CONFIRMATION SAMPLES INDICATE TPH AND BTEX CONCENTRATIONS DO NOT EXCEED NMOCD REMEDIATION GUIDELINES.   SCM'S INTERNAL INVESTIGATION RESULTS DETERMINED THAT THE IMMEDIATE CAUSE OF THE SPILL WAS THAT THE AIR ELIMINATOR FAILED AND CAUSED THE SUMP TO OVERFILL. DUE TO COLD AIR TEMPERATURES ON THE NIGHT OF THE INCIDENT, CRUDE OIL MOST LIKELY COAGULATED WITHIN THE DEVICE, CAUSING THE FLOAT TO STICK AND NOT DISCHARGE PROPERLY. SCM'S CORRECTIVE ACTION TO MITIGATE RECURRENCE OF AIR ELIMINATOR FAILURE IS TO SHUT THE DEVICES DURING THE WINTER MONTHS.
2/22/2022	2022	20220011	36739	SUPPLEMENTAL FINAL	15851	DELEK MARKETING AND SUPPLY, LP	12700 PARK CENTRAL DRIVE SUITE 700	DALLAS	TX	75251	1/23/2022 17:17	CENTRAL	NO	32.127376	-101.856511	CRUDE OIL			1.5		1.5	NO						0	NO						0	LOCAL OPERATING PERSONNEL, INCLUDING CONTRACTORS		OPERATOR EMPLOYEE	1/23/2022 17:17	ONSHORE	NO			1/23/2022 17:30		NRC NOTIFICATION NOT REQUIRED		NO						NO	NO			0	TX	STANTON	MARTIN	NO	TOTALLY CONTAINED ON OPERATOR-CONTROLLED PROPERTY	NO																					OTHER			PUMP (SEAL)		MATERIAL OTHER THAN CARBON STEEL	SS		REPORTING-REGULATED GATHERING	NO				NO	NO	NO						NO									0	120	3000	2000	0	0		5120	0	0	0	0	EQUIPMENT FAILURE	PUMP OR PUMP-RELATED EQUIPMENT	CANDACE NORRIS	REGULATORY AFFAIRS AND COMPLIANCE SPECIALIST	candace.norris@delekus.com	4322106152		CANDACE NORRIS	candace.norris@delekus.com	4322106152	A PUMP SEAL ON A LACT UNIT FAILED DUE TO PUMP CAVITATION AND RESULTING IN A LOSS OF APPROXIMATELY 1.5 BBLS.  THE FAILURE WAS IDENTIFIED BY LOCAL OPERATING PERSONNEL.  THE CONTROL CENTER WAS IMMEDIATELY CONTACTED AND THE UNIT SHUT DOWN.  THE RELEASED CRUDE OIL WAS CONFINED TO OPERATOR PROPERTY AND CLEANED UP PROMPTLY.  THE PUMP WAS REPAIRED AND THE UNIT RESTARTED.
2/10/2022	2022	20220010	36334	ORIGINAL FINAL	31888	CENTURION PIPELINE L.P.	1300 MAIN STREET 	HOUSTON	TX	77002	1/22/2022 11:04	CENTRAL	NO	32.365915	-102.350772	CRUDE OIL			2		2	NO						0	NO						0	NOTIFICATION FROM PUBLIC			1/22/2022 11:04	ONSHORE	NO			1/22/2022 11:04		NRC NOTIFICATION NOT REQUIRED		NO						NO	NO			0	TX	Not Within a Municipality	ANDREWS COUNTY	NO	PIPELINE RIGHT-OF-WAY	NO																					PIPE	PIPE BODY			4	CARBON STEEL		1	REPORTING-REGULATED GATHERING	NO				YES	NO	YES			YES			NO									0	166	15000	0	5000	0		20166	0	0	0	0	CORROSION FAILURE	EXTERNAL CORROSION	YVAN TY	PIPELINE COMPLIANCE PROGRAM ADVISOR	yvan_ty@centurionpl.com	346-803-2718					ON JANUARY 22, 2022, A CENTURION PIPELINE L.P. (CPL) EMPLOYEE WAS NOTIFIED BY A LANDOWNER THAT THERE WAS A LEAK ON CPL'S PIPELINE'S RIGHT-OF-WAY (ROW). THE CPL EMPLOYEE ARRIVED ON SITE AT 11:04AM AND CONFIRMED THE LEAK WAS ON CPL'S TITAN 36695 4'' PIPELINE LOCATED APPROXIMATELY 10 MILES EAST OF ANDREWS IN ANDREWS COUNTY, TEXAS. CPL TEMPORARILY REPAIRED LEAK WITH CLAMP AND LEAK WAS CONTAINED ENTIRELY IN PIPELINE'S ROW. CPL REMEDIATED THE CONTAMINATED SOIL AND TWO (2) BARRELS OF CRUDE OIL WERE RELEASED AND RECOVERED DURING THE PROCESS.  NO INJURIES, FATALITIES OR FIRES WERE ASSOCIATED WITH THIS INCIDENT.    CPL DETERMINED THE CAUSE OF THE LEAK TO BE EXTERNAL CORROSION DUE TO COATING FAILURE THAT RESULTED IN TWO THROUGH-WALL CORROSION PITS AT THE 8 O'CLOCK AND 10 O'CLOCK POSITIONS. UPON EXCAVATION, CPL DISCOVERED THAT THE EXTERNAL CORROSION DAMAGE EXTENDED BEYOND THE IMMEDIATE LEAK LOCATION AND REPLACED THE DAMAGED SECTION WITH 90 FEET OF PIPE COATED WITH FUSION BONDED EPOXY (FBE). NO FURTHER ACTIONS ARE REQUIRED.
2/10/2022	2022	20220009	36333	ORIGINAL FINAL	32099	ENERGY TRANSFER COMPANY	1300 MAIN STREET 	HOUSTON	TX	77002	1/21/2022 17:35	CENTRAL	NO	32.281973	-103.699384	CRUDE OIL			1		1	NO						0	NO						0	OTHER	THIRD PARTY PUMPER		1/21/2022 17:35	ONSHORE	NO			1/21/2022 17:35		NRC NOTIFICATION NOT REQUIRED		NO						NO	NO			0	NM	LOVING	LEA	NO	TOTALLY CONTAINED ON OPERATOR-CONTROLLED PROPERTY	NO																					OTHER			ELECTROMAGNETIC SAMPLE SOLENOID		MATERIAL OTHER THAN CARBON STEEL	STAINLESS STEEL		REPORTING-REGULATED GATHERING	NO				NO	NO	NO						NO									0	84	720	5000	0	0		5804	0	0	0	0	EQUIPMENT FAILURE	MALFUNCTION OF CONTROL/RELIEF EQUIPMENT	CHRISTOPHER PALAFOX	SPECIALIST REGULATORY COMPLIANCE	christopher.palafox@energytransfer.com	713-989-4464		CHRISTOPHER PALAFOX	christopher.palafox@energytransfer.com	713-989-4464	ON JANUARY 21, 2022, AT APPROXIMATELY 17:35, A CRUDE OIL LEAK OCCURRED ON THE CIMAREX JAMES 20 LACT UNIT SAMPLE POT AT THE CIMAREX JAMES 20 TANK BATTERY. THIS LACT UNIT MEASURES THE PRODUCER'S PRODUCT FROM THE TANK BATTERY TO THE CG124 CIMAREX NM DD5 PIPELINE, A NON-REGULATED GATHERING SYSTEM LOCATED 24 MILES EAST OF LOVING, NEW MEXICO.    WHILE A THIRD-PARTY PUMPER WAS WORKING AT THE TANK BATTERY, HE NOTICED THAT THE LACT UNIT SAMPLE POT WAS OVERFILLING AND CONTACTED OPERATIONS.    WHEN OPERATIONS ARRIVED, THEY SECURED THE LEAK AND ISOLATED THE LACT UNIT BY MANUALLY CLOSING THE SUCTION AND DISCHARGE VALVES.    THE CAUSE OF THE LEAK WAS THE ELECTROMAGNETIC SAMPLE SOLENOID STUCK OPEN THUS CAUSING THE SAMPLE POT TO OVERFILL AND SPILLING 1 BARREL OF CRUDE OIL ON THE LACT UNIT PAD.  ALL FREE PRODUCT WAS CLEANED UP FROM THE LACT UNIT PAD.    ON JANUARY 24, 2022, A NEW ELECTROMAGNETIC SAMPLE SOLENOID WAS INSTALLED AND AT APPROXIMATELY 11:00 THE LACT UNIT WAS PUT BACK INTO SERVICE.     ALL SAMPLE SYSTEMS ARE CHECKED ON A REGULAR BASIS AND IF ANY ISSUES ARE FOUND, THEY ARE RECTIFIED IMMEDIATELY TO PREVENT FUTURE SPILLS/LEAKS.
2/1/2022	2022	20220003	36286	ORIGINAL FINAL	32099	ENERGY TRANSFER COMPANY	1300 MAIN STREET 	HOUSTON	TX	77002	1/18/2022 9:47	CENTRAL	NO	32.238189	-103.622746	CRUDE OIL			1		1	NO						0	NO						0	LOCAL OPERATING PERSONNEL, INCLUDING CONTRACTORS		OPERATOR EMPLOYEE	1/18/2022 9:47	ONSHORE	NO			1/18/2022 9:47		NRC NOTIFICATION NOT REQUIRED		NO						NO	NO			0	NM	JAL	LEA	NO	TOTALLY CONTAINED ON OPERATOR-CONTROLLED PROPERTY	NO																					OTHER			3-INCH HOSE ON A LACT PROVER		MATERIAL OTHER THAN CARBON STEEL	STEEL BANDED RUBBER HOSE		REPORTING-REGULATED GATHERING	NO				YES	NO	YES			YES			NO									0	86	1000	500	5000	0		6586	0	0	0	0	EQUIPMENT FAILURE	OTHER EQUIPMENT FAILURE	CHRISTOPHER PALAFOX	SPECIALIST REGULATORY COMPLIANCE	christopher.palafox@energytransfer.com	713-989-4464		CHRIS PALAFOX	chris.palafox@energytransfer.com	713-989-4464	ON JANUARY 18, 2022 AT APPROXIMATELY 09:47, A CRUDE OIL LEAK OCCURRED AT THE DOS EQUIS 12 LACT UNIT ON THE CG120 CIMAREX NM B3 PIPELINE, A NON-REGULATED GATHERING SYSTEM, LOCATED 27 MILES WEST NORTH WEST OF JAL, NEW MEXICO.    WHILE A TECHNICIAN WAS PROVING THE LACT UNIT, A HOSE FAILED ON THE OUTLET SIDE OF THE PROVER.  THE TECHNICIAN ISOLATED AND SECURED THE LEAK.  A THIRD-PARTY COMPANY WAS CALLED TO CLEAN UP ALL FREE PRODUCT AND REMEDIATED THE SOIL.    THE HOSE FAILED DUE TO IMPROPER INSTALLATION OF BANDED FITTINGS, BANDS WERE NOT TIGHTENED AND CRIMPED PROPERLY.     ON JANUARY 10, 2022 AT APPROXIMATELY 11:30 THE FAILED HOSE WAS REPLACED WITH A NEW HOSE AND THE LACT UNIT WAS PUT BACK INTO SERVICE.    TO PREVENT THIS FROM OCCURRING ON THIS LACT UNIT IN THE FUTURE, WE WILL BE REPLACING ALL BANDED HOSES WITH FACTORY INSTALLED FITTING HOSES AND RE-PIPING INLET AND OUTLET PROVING LOOPS ON PROVING TRUCK.
2/8/2022	2022	20220006	36312	ORIGINAL FINAL	32619	HILAND CRUDE, LLC	1001 LOUISIANA ST, SUITE 1000 	HOUSTON	TX	77002	1/13/2022 11:10	CENTRAL	NO	48.225483	-103.165811	CRUDE OIL			1.4		1.4	NO						0	NO						0	LOCAL OPERATING PERSONNEL, INCLUDING CONTRACTORS		OPERATOR EMPLOYEE	1/13/2022 11:10	ONSHORE	NO			1/13/2022 11:10		NRC NOTIFICATION NOT REQUIRED		NO						NO	NO			0	ND	EPPING	WILLIAMS	NO	TOTALLY CONTAINED ON OPERATOR-CONTROLLED PROPERTY	NO																					OTHER			PUMP		MATERIAL OTHER THAN CARBON STEEL	KEVLAR PLUNGER CUPS		REPORTING-REGULATED GATHERING	NO				YES	NO	YES			YES			NO									0	0	110	260	4065	0		4435	0	0	0	0	EQUIPMENT FAILURE	PUMP OR PUMP-RELATED EQUIPMENT	JORGE LOPEZ	MANAGER ENGINEERING - CODES AND STANDARDS	jorge_lopez@kindermorgan.com	7134204675					ON 1/13/22 AT 11:10AM, WHILE PULLING ON LOCATION TO COMPLETE THE GAUGING PROCESS, A HILAND CRUDE LLC (HILAND) EMPLOYEE DISCOVERED OIL INSIDE THE LEASE SITE EARTHEN CONTAINMENT. AT 11:15AM, THE OPERATOR ISOLATED THE PUMP AND CONTACTED MANAGEMENT. AT 4:00PM, A VAC-TRUCK ARRIVED ON SITE TO REMOVE THE FREESTANDING LIQUID ON THE GROUND AT THE LEASE SITE. ON 1/14/2022, THE CONTAMINATED SOIL WAS REMOVED FROM THE LOCATION.     AFTER FURTHER INVESTIGATION IT WAS DETERMINED THAT THE KEVLAR PLUNGER CUPS ON THE PUMP HAD FAILED DUE TO SLIGHT WEAR AND SHRINKAGE BASED ON WINTER TEMPERATURES. THE CUPS WERE REPLACED AND THE PUMP WAS PLACED BACK INTO SERVICE ON 1/14/2022.