REPORT_RECEIVED_DATE	IYEAR	REPORT_NUMBER	SUPPLEMENTAL_NUMBER	REPORT_TYPE	OPERATOR_ID	NAME	OPERATOR_STREET_ADDRESS	OPERATOR_CITY_NAME	OPERATOR_STATE_ABBREVIATION	OPERATOR_POSTAL_CODE	LOCAL_DATETIME	TIME_ZONE	DAYLIGHT_SAVINGS_IND	LOCATION_LATITUDE	LOCATION_LONGITUDE	COMMODITY_RELEASED_TYPE	COMMODITY_SUBTYPE	COMMODITY_DETAILS	UNINTENTIONAL_RELEASE_BBLS	INTENTIONAL_RELEASE_BBLS	RECOVERED_BBLS	FATALITY_IND	NUM_EMP_FATALITIES	NUM_CONTR_FATALITIES	NUM_ER_FATALITIES	NUM_WORKER_FATALITIES	NUM_GP_FATALITIES	FATAL	INJURY_IND	NUM_EMP_INJURIES	NUM_CONTR_INJURIES	NUM_ER_INJURIES	NUM_WORKER_INJURIES	NUM_GP_INJURIES	INJURE	ACCIDENT_IDENTIFIER	ACCIDENT_DETAILS	OPERATOR_TYPE	INCIDENT_IDENTIFIED_DATETIME	ON_OFF_SHORE	COMMUNICATION_STATE_FED_IND	PARTY_INITIATED_COMMUNICATION	INITIAL_RESPONDER_COM_DATETIME	ON_SITE_DATETIME	NRC_RPT_DATETIME	NRC_RPT_NUM	ADDITIONAL_NRC_REPORT_NUMBERS	IGNITE_IND	IGNITE_DATETIME	HOW_EXTINGUISHED	HOW_EXTINGUISHED_OTHER_DETAIL	PRODUCT_CONSUMED_BY_FIRE_BBLS	EXPLODE_IND	OIL_SPILL_RESP_PLAN_IND	OSRO_MOBILIZED_IND	OSRO_OPERATOR_NOTIFIED_DT	OSRO_ARRIVED_ON_SITE_DT	NUM_PUB_EVACUATED	ONSHORE_STATE_ABBREVIATION	ONSHORE_CITY_NAME	ONSHORE_COUNTY_NAME	FEDERAL	LOCATION_TYPE	CROSSING	BRIDGE_CROSSING_IND	BRIDGE_TYPE	RAILROAD_CROSSING_IND	RAILROAD_TYPE	ROAD_CROSSING_IND	ROAD_TYPE	WATER_CROSSING_IND	WATER_TYPE	WATER_NAME	WATER_DEPTH	WATER_SUBTYPE	YEAR_RECENT_ENG_EVALUATION	OFF_ACCIDENT_ORIGIN	OFFSHORE_STATE_ABBREVIATION	OFF_INSTATE_AREA	OFF_INSTATE_BLOCK	OFFSHORE_COUNTY_NAME	OCS_TYPE	OFF_OCS_AREA	OFF_OCS_BLOCK	ITEM_INVOLVED	PIPE_TYPE	JOINT_SUBTYPE	ITEM_INVOLVED_DETAILS	PIPE_DIAMETER	MATERIAL_INVOLVED	MATERIAL_DETAILS	PERCENT_PIPE_SMYS	CLASSIFICATION_PIPELINE_SYSTEM	WILDLIFE_IMPACT_IND	FISH_AQUATIC_IMPACT_IND	BIRDS_IMPACT_IND	TERRESTRIAL_IMPACT_IND	SOIL_CONTAMINATION	LONG_TERM_ASSESSMENT	REMEDIATION_IND	SURFACE_WATER_REMED_IND	GROUNDWATER_REMED_IND	SOIL_REMED_IND	VEGETATION_REMED_IND	WILDLIFE_REMED_IND	WATER_CONTAM_IND	OCEAN_SEAWATER_IND	SURFACE_CONTAM_IND	GROUNDWATER_CONTAM_IND	DRINKING_WATER_CONTAM_IND	PRIVATE_WELL_CONTAM_IND	PUBLIC_WATER_CONTAM_IND	AMOUNT_RELEASED_BBLS	REL_WATER_NAME	EST_COST_OPER_PAID	EST_COST_GAS_RELEASED	EST_COST_PROP_DAMAGE	EST_COST_EMERGENCY	EST_COST_ENVIRONMENTAL	EST_COST_OTHER	EST_COST_OTHER_DETAILS	PRPTY	NUM_PERSONS_HOSP_NOT_OVNGHT	NUM_INJURED_TREATED_BY_EMT	NUM_RESIDENT_BUILDING_AFFCTD	NUM_BUSINESS_BUILDING_AFFCTD	CAUSE	CAUSE_DETAILS	PREPARER_NAME	PREPARER_TITLE	PREPARER_EMAIL	PREPARER_TELEPHONE	PREPARER_FAX	LOCAL_CONTACT_NAME	LOCAL_CONTACT_EMAIL	LOCAL_CONTACT_TELEPHONE	NARRATIVE
12/16/2021	2021	20210075	36141	ORIGINAL FINAL	31888	CENTURION PIPELINE L.P.	1300 MAIN STREET 	HOUSTON	TX	77002	11/22/2021 13:15	CENTRAL	NO	31.791823	-102.41719	CRUDE OIL			0.24		0.24	NO						0	NO						0	LOCAL OPERATING PERSONNEL, INCLUDING CONTRACTORS		OPERATOR EMPLOYEE	11/22/2021 13:15	ONSHORE	NO			11/22/2021 13:15		NRC NOTIFICATION NOT REQUIRED		NO						NO	NO			0	TX	ODESSA	ECTOR	NO	PIPELINE RIGHT-OF-WAY	NO																					PIPE	PIPE BODY			4	CARBON STEEL		1	REPORTING-REGULATED GATHERING	NO				YES	NO	YES			YES			NO									0	19	8969	1550	0	0		10538	0	0	0	0	CORROSION FAILURE	EXTERNAL CORROSION	Y-VAN TY	PIPELINE COMPLIANCE PROGRAM ADVISOR	yvan_ty@centurionpl.com	346-803-2718					"ON NOVEMBER 22, 2021, AT 13:15 CST, CENTURION PIPELINE LP (CPL) DISCOVERED A 10 GALLON LEAK ON THE WILLIAM CODY PAUL MOSS UNIT 4"" GATHERING PIPELINE NEAR ODESSA, TEXAS. UPON CONDUCTING A FIELD EXAMINATION, CPL ASSET INTEGRITY IDENTIFIED A THROUGH-WALL CORROSION PIT IN THE 12 O'CLOCK POSITION THAT RESULTED IN A LEAK. CPL DETERMINED THE CAUSE OF THE LEAK TO BE EXTERNAL CORROSION RESULTING FROM COATING FAILURE. UPON EXCAVATION, CPL DISCOVERED THAT THE EXTERNAL CORROSION DAMAGE EXTENDED BEYOND THE IMMEDIATE LEAK LOCATION AND REPLACED THE DAMAGED SECTION WITH 120 FEET OF PIPE COATED WITH FUSION BONDED EPOXY (FBE) ON DECEMBER 1, 2021."
12/20/2021	2021	20210077	36153	ORIGINAL FINAL	30829	ENTERPRISE CRUDE PIPELINE LLC	1100 LOUISIANA STREET 	HOUSTON	TX	77002	11/21/2021 14:35	CENTRAL	NO	31.6538	-102.3391	CRUDE OIL			2		2	NO						0	NO						0	NOTIFICATION FROM PUBLIC			11/21/2021 14:35	ONSHORE	NO			11/21/2021 15:20		NRC NOTIFICATION NOT REQUIRED		NO						NO	NO			0	TX	ODESSA	ECTOR	NO	TOTALLY CONTAINED ON OPERATOR-CONTROLLED PROPERTY	NO																					OTHER			VALVE		CARBON STEEL		0.01	REPORTING-REGULATED GATHERING	NO				NO	NO	NO						NO									0	130	1200	3600	0	0		4930	0	0	0	0	EQUIPMENT FAILURE	FAILURE OF EQUIPMENT BODY (EXCEPT PUMP), TANK PLATE, OR OTHER MATERIAL	YAROSLAV BIL	PIPELINE COMPLIANCE ENGINEER	ybil@eprod.com	7133815650		YAROSLAV BIL	ybil@eprod.com	7133815650	ON 11/21/2021 AT 14:35, ENTERPRISE RECEIVED A NOTIFICATION FROM PUBLIC OF STAINED SOIL ON THE LINE C92F SYSTEM AT THE SOUTH LAUNCH SITE. UPON ARRIVING TECHNICIAN LOCATED AN 8 INCH VALVE LEAKING FROM THE BONNET OF THE VALVE. THE VALVE WAS REPLACED.
12/31/2021	2021	20210080	38999	SUPPLEMENTAL FINAL	15851	DELEK MARKETING AND SUPPLY, LP	12700 PARK CENTRAL DRIVE SUITE 700	DALLAS	TX	75251	11/20/2021 20:15	CENTRAL	NO	32.16895	-101.74751	CRUDE OIL			50		50	NO						0	NO						0	LOCAL OPERATING PERSONNEL, INCLUDING CONTRACTORS		OPERATOR EMPLOYEE	11/20/2021 20:15	ONSHORE	YES	OPERATOR	11/20/2021 20:33	11/20/2021 23:00	11/20/2021 21:00	1322598		NO						YES	YES	11/20/2021 20:40	11/20/2021 23:00	0	TX	STANTON	MARTIN	NO	ORIGINATED ON OPERATOR-CONTROLLED PROPERTY, BUT THEN FLOWED OR MIGRATED OFF THE PROPERTY	NO																					OTHER			TUBING AND FITTINGS		MATERIAL OTHER THAN CARBON STEEL	SS		REPORTING-REGULATED GATHERING	NO				YES	NO	NO						NO									0	0	20000	50000	30000	0		100000	0	0	0	0	EQUIPMENT FAILURE	NON-THREADED CONNECTION FAILURE	MICHAEL ROBERT SANDERS	DIRECTOR ROW MANAGEMENT AND REG COMPLIANCE	michael.sanders@deleklogistics.com	6306498016		MICHAEL ROBERT SANDERS	michael.sanders@deleklogistics.com	6306498016	THE STANTON STATION INJECTION PUMPS RECEIVE CRUDE OIL FROM A PRODUCER'S LACT AND BOOST THE PRESSURE TO ALLOW INJECTION INTO THE GATHERING SYSTEM.  ONE OF THE LACT UNITS SHUT DOWN ON LOW FLOW.  WHILE INJECTING INTO THE SYSTEM, A PARAFFIN PLUG BROKE LOOSE AND BECAME LODGED IN THE PRESSURE CONTROL VALVE BLOCKING IN ONE OF THE INJECTION PUMPS, AND ITS RELIEF VALVE.  THE PRESSURE ON THE PUMP DISCHARGE PIPING RAPIDLY SPIKED RESULTING IN A FAILURE OF THE TUBING FITTINGS ON THE DISCHARGE LINE TO WHICH THE PRESSURE PROTECTION INSTRUMENTATION WAS FIXED.  A FAILURE OF A PANEL RELAY RESULTED IN THE INABILITY TO SHUTDOWN THE UNIT FROM THE CONTROL CENTER.  A TECHNICIAN WAS CALLED TO SITE AND THE UNIT LOCALLY SHUT DOWN.  OSRO RESOURCES WERE DISPATCHED TO SITE.
12/6/2021	2021	20210073	37198	SUPPLEMENTAL FINAL	39401	GREAT SALT PLAINS PIPELINE LLC	8301 E 21ST ST, SUITE 370 	WICHITA	KS	67206	11/4/2021 17:48	CENTRAL	YES	36.038661	-98.166401	CRUDE OIL			100		90	NO						0	NO						0	NOTIFICATION FROM PUBLIC			11/4/2021 17:48	ONSHORE	YES	OPERATOR	11/4/2021 19:30	11/4/2021 18:30	11/4/2021 19:30	1321146		NO						YES	NO			0	OK	LOYAL	KINGFISHER	NO	ORIGINATED ON OPERATOR-CONTROLLED PROPERTY, BUT THEN FLOWED OR MIGRATED OFF THE PROPERTY	NO																					PIPE	PIPE BODY			6	CARBON STEEL		34	REPORTING-REGULATED GATHERING	YES	YES			YES	NO	YES	YES	YES	YES	YES		YES		YES	YES				100	SMALL RAIN WATER STREAM	0	1000	24000	0	175000	0		200000	0	0	0	0	CORROSION FAILURE	INTERNAL CORROSION	ADAM COWART	MANAGER OF EHS	acowart@mvpipelines.com	6208860082		ADAM COWART	acowart@mvpipelines.com	6208860082	AT 17:48 GSPM RECEIVED A CALL FROM THE PUBLIC STATING HE IS SEEING OIL COMING OUT OF THE GROUND.  GSPM OPERATIONS REPORTED TO THE AREA IMMEDIATELY AND IDENTIFIED THE LEAK. EFFORTS TO CONTAIN THE SPILL WERE COMPLETED AROUND 1 AM ON 11/5/2021 AND CLEAN UP STARTED THE FOLLOWING MORNING. REGULATORY AGENCIES WERE NOTIFIED.  ESTIMATED 100 BARRELS RELEASED, 90 BARRELS RECOVERED.  CAUSE - INTERNAL CORROSION DUE TO MICROBIOLOGICAL CORROSION WHICH RESULTED IN PINHOLE LEAK.
12/8/2021	2021	20210074	36104	ORIGINAL FINAL	300	PLAINS PIPELINE, L.P.	333 CLAY STREET, SUITE 1900  	HOUSTON	TX	77002	10/29/2021 13:00	CENTRAL	NO	31.877148	-103.431422	CRUDE OIL			134		134	NO						0	NO						0	NOTIFICATION FROM PUBLIC			11/8/2021 11:00	ONSHORE	YES	OPERATOR	11/8/2021 14:39	11/8/2021 16:45		NRC NOTIFICATION NOT REQUIRED		NO						YES	NO			0	TX	N/A	LOVING	NO	PIPELINE RIGHT-OF-WAY	NO																					PIPE	PIPE BODY			8	CARBON STEEL		11.4	REPORTING-REGULATED GATHERING	NO				YES	NO	NO						NO									0	8000	270000	265000	0	0		543000	0	0	0	0	CORROSION FAILURE	INTERNAL CORROSION	NICOLAS GONZALEZ	HSE COMPLIANCE SPECIALIST	nagonzalez@paalp.com	7136464376		NICOLAS GONZALEZ	nagonzalez@paalp.com	7136464376	"APPROXIMATELY 134 BARRELS OF CRUDE OIL WERE RELEASED FROM THE RUDD DRAW 8"" PIPELINE. THE DATE AND TIME OF THE RELEASE (PART A Q4) IS INDICATIVE OF THE EARLIEST POSSIBLE TIME THE RELEASE COULD HAVE STARTED, AS IT WAS THE LAST TIME THE RIGHT-OF-WAY HAD BEEN INSPECTED.  THE CAUSE OF THE RELEASE WAS ATTRIBUTED TO INTERNAL CORROSION. PLAINS WILL INVESTIGATE PREVENTATIVE MEASURES TO PREVENT REOCCURRENCE."
11/22/2021	2021	20210071	36127	SUPPLEMENTAL FINAL	31888	CENTURION PIPELINE L.P.	1300 MAIN STREET 	HOUSTON	TX	77002	10/21/2021 14:15	CENTRAL	NO	31.666413	-101.828587	CRUDE OIL			1		1	NO						0	NO						0	LOCAL OPERATING PERSONNEL, INCLUDING CONTRACTORS		CONTRACTOR WORKING FOR THE OPERATOR	10/21/2021 14:15	ONSHORE	NO			10/21/2021 14:15		NRC NOTIFICATION NOT REQUIRED		NO						NO	NO			0	TX	MIDLAND	MIDLAND	NO	TOTALLY CONTAINED ON OPERATOR-CONTROLLED PROPERTY	NO																					OTHER			PUMP 44 AIR ELIMINATOR		MATERIAL OTHER THAN CARBON STEEL	COMPOSITE METAL ALLOY		REPORTING-REGULATED GATHERING	NO				YES	NO	YES			YES			NO									0	82	2550	500	2000	0		5132	0	0	0	0	EQUIPMENT FAILURE	PUMP OR PUMP-RELATED EQUIPMENT	Y-VAN TY	PIPELINE COMPLIANCE PROGRAM ADVISOR	yvan_ty@centurionpl.com	346-803-2718					ON OCTOBER 21, 2021, A CENTURION PIPELINE L.P. (CPL) CONTRACTOR NOTIFIED A CPL EMPLOYEE THAT A LEAK WAS DISCOVERED IN CPL'S PUMP 44 PUMP STATION LOCATED NEAR MIDLAND, TEXAS IN MIDLAND COUNTY, TEXAS. CPL EMPLOYEE ARRIVED ON-SITE AT 14:15 CST TO CONFIRMED DISCOVERY AND RESPONDED TO THE LEAK. CPL DETERMINED THE SOURCE OF THE LEAK TO BE FROM PUMP 44 AND ISOLATED THE LEAK. A VALVE WAS INSTALLED ON THE DRAIN LINE TO THE SUMP AND A NEW AIR ELIMINATOR AND LEVEL TRANSMITTER WAS INSTALLED. ONE (1) BARRELS OF CRUDE OIL WAS RELEASED AND RECOVERED DURING THE PROCESS. CPL REMEDIATED THE CONTAMINATED SOIL ON SITE. NO INJURIES, FATALITIES OR FIRES WERE ASSOCIATED WITH THIS INCIDENT.    CPL'S INVESTIGATION IS STILL PENDING AND A SUPPLEMENTAL REPORT WILL FOLLOW UPON THE COMPLETION OF THE INVESTIGATION. THE SUPPLEMENTAL REPORT WILL INCLUDED FINAL CAUSE OF THE ACCIDENT AND ASSOCIATED P&M MEASURES.    SUPPLEMENTAL REPORT FILED ON DECEMBER 13, 2021:  COSTS HAVE BEEN UPDATED IN PART D. UPON FURTHER INVESTIGATION, CPL DETERMINED THAT THE AIR ELIMINATOR FAILED AND SENT OIL TO THE SUMP, WHICH THEN OVERFLOWED. THE CRONKHITE AIR ELIMINATOR INTERNAL FLOAT VALVE WAS STUCK IN THE OPEN POSITION, WHICH WAS CAUSED BY NORMAL WEAR AFTER APPROXIMATELY 51 YEARS OF SERVICE.  DURING THE REPLACEMENT OF THE AIR ELIMINATOR, CPL FOUND THAT THE SUMP LEVEL TRANSMITTER WAS NOT WORKING PROPERLY. CPL DETERMINED THE LEVEL TRANSMITTER TO BE ONLY A CONTRIBUTING FACTOR. A PROPERLY WORKING SUMP LEVEL TRANSMITTER WOULD NOT HAVE ELIMINATED THE ROOT CAUSE OF THIS LEAK. BASED ON THE OUTCOME OF THE INVESTIGATION AND THE INSTALLATION OF A NEW AIR ELIMINATOR AND LEVEL TRANSMITTER, NO FURTHER P&M MEASURES ARE REQUIRED. THE NEW AIR ELIMINATOR AND LEVEL TRANSMITTER WERE INSTALLED ON OCTOBER 22, 2021.
11/16/2021	2021	20210070	35998	ORIGINAL FINAL	30829	ENTERPRISE CRUDE PIPELINE LLC	1100 LOUISIANA STREET 	HOUSTON	TX	77002	10/19/2021 11:00	CENTRAL	YES	31.5961	-102.1977	CRUDE OIL			3		3	NO						0	NO						0	NOTIFICATION FROM PUBLIC			10/19/2021 11:00	ONSHORE	NO			10/19/2021 11:00		NRC NOTIFICATION NOT REQUIRED		NO						NO	NO			0	TX	N/A	UPTON	NO	PIPELINE RIGHT-OF-WAY	NO																					PIPE	PIPE BODY			6	CARBON STEEL		0.01	REPORTING-REGULATED GATHERING	NO				YES	NO	NO						NO									5000	250	5000	2500	0	0		12750	0	0	0	0	CORROSION FAILURE	INTERNAL CORROSION	YAROSLAV BIL	PIPELINE COMPLIANCE ENGINEER	ybil@eprod.com	713-381-5650		YAROSLAV BIL	ybil@eprod.com	713-381-5650	ON 10/16/2021 AT 11:00 AM, ENTERPRISE RECEIVED A NOTIFICATION FROM PUBLIC OF STAINED SOIL ON THE ROW.  THE PIPELINE WAS NOT OPERATING AT THE TIME TO THE NOTIFICATION.  A PINHOLE WAS FOUND ON THE PIPE AND VISUAL EXAMINATION DETERMINED THE CAUSE WAS ATTRIBUTED TO INTERNAL CORROSION.  A CLAMP WAS INSTALLED TO REPAIR THE LEAK.
10/27/2021	2021	20210066	35933	SUPPLEMENTAL FINAL	18718	SUNOCO PIPELINE L.P.	1300 MAIN STREET 	HOUSTON	TX	77002	10/14/2021 13:45	CENTRAL	YES	32.24303	-101.91094	CRUDE OIL			1.3		1.3	NO						0	NO						0	LOCAL OPERATING PERSONNEL, INCLUDING CONTRACTORS		OPERATOR EMPLOYEE	10/14/2021 13:45	ONSHORE	NO			10/14/2021 13:45		NRC NOTIFICATION NOT REQUIRED		NO						NO	NO			0	TX	STANTON	MARTIN	NO	TOTALLY CONTAINED ON OPERATOR-CONTROLLED PROPERTY	NO																					OTHER			1IN THREADED FITTING ON BOTTOM OF PUMP		CARBON STEEL		0.01	REPORTING-REGULATED GATHERING	NO				YES	NO	YES			YES			NO									0	108	500	5000	5000	0		10608	0	0	0	0	CORROSION FAILURE	INTERNAL CORROSION	CHRISTOPHER PALAFOX	SPECIALIST REGULATORY COMPLIANCE	christopher.palafox@energytransfer.com	713-989-4464		CHRISTOPHER PALAFOX	christopher.palafox@energytransfer.com	713-989-4464	ON OCTOBER 14, 2021 AT APPROXIMATELY 13:45 COMPANY PERSONNEL DISCOVERED A CRUDE OIL LEAK AT THE SALE RANCH STATION, A NON-REGULATED GATHERING PUMP STATION OPERATED BY SUNOCO PIPELINE LP, LOCATED ON FM 829, APPROXIMATELY 10 MILES NORTHWEST OF STANTON, TX.     COMPANY PERSONNEL CONFIRMED THAT THE LEAK WAS ON THE BEAR TRIPLEX 75 HP INJECTION PUMP AND IMMEDIATELY CALLED THE CONTROL CENTER TO SHUT DOWN THE FACILITY, ISOLATED AND SECURED THE LEAK. A THIRD-PARTY COMPANY WAS CALLED TO CLEANUP ALL FREE PRODUCT AND REMEDIATE THE SOIL.     IT WAS DISCOVERED THAT A ONE-INCH THREADED FITTING ON THE BOTTOM OF THE INJECTION PUMP HAD FAILED RESULTING IN A RELEASE OF APPROXIMATELY 1.3 BARRELS OF CRUDE OIL. THE RELEASE WAS CONTAINED INSIDE OF THE CONTAINMENT BERM SURROUNDING THE INJECTION PUMP.     THE 633171 6 MARTIN LAT GATHERING LINE (RRC SUBSYSTEM NAME), SALE RANCH STATION DISCHARGE (RRC SYSTEM NAME), FEEDS CRUDE OIL TO THIS PUMP STATION.     THE CAUSE OF THE FAILED THREADED FITTING WAS INTERNAL CORROSION. TO PREVENT THE THREADED FITTING FROM FAILING AGAIN, THE THREADED FITTING WAS REMOVED, AND A ONE-INCH PLUG WAS INSTALLED IN ITS PLACE.     AT APPROXIMATELY 15:00, THE INJECTION PUMP WAS PUT BACK INTO SERVICE.
11/3/2021	2021	20210068	35997	SUPPLEMENTAL FINAL	4461	EOG RESOURCES, INC	1111 BAGBY ST. SKY LOBBY 2	HOUSTON	TX	77002	10/12/2021 10:00	CENTRAL	YES	29.1617	-97.6804	CRUDE OIL			3		3	NO						0	NO						0	CONTROLLER		OPERATOR EMPLOYEE	10/12/2021 10:00	ONSHORE	NO			10/12/2021 10:30		NRC NOTIFICATION NOT REQUIRED		NO						NO	NO			0	TX	GILLETT	KARNES	NO	PIPELINE RIGHT-OF-WAY	YES					YES	UNCASED, BORED/DRILLED															PIPE	PIPE BODY			8	CARBON STEEL		9.69	REPORTING-REGULATED GATHERING	NO				YES	NO	YES			YES			NO									0	240	30500	7300	46000	0		84040	0	0	0	0	CORROSION FAILURE	INTERNAL CORROSION	JARED LANE	PIPELINE FOREMAN	jared_lane@eogresources.com	210-775-8986		JARED LANE	jared_lane@eogresources.com	210-775-8986	"ON OCTOBER 12, 2021, OPERATOR'S CONTROLLER OBSERVED LEAK DETECTION VARIANCE ON PIPELINE SEGMENT (BUCKINGHAM UNIT TO SEGER PL 8"" OG) AND INITIATED SHUT-DOWN PROCEDURES AND NOTIFIED PIPELINE PERSONNEL. PIPELINE DEPARTMENT DISPATCHED TECHNICIANS TO INVESTIGATE POTENTIAL RELEASE. INVESTIGATION INCLUDED BAR-HOLING ALONG ENTIRE RIGHT-OF-WAY AND HYDRO-EXCAVATION AT THE COUNTY ROAD 277 ROAD CROSSING (BORE). DURING HYDRO-EXCAVATION ACTIVITIES, THE RELEASE WAS DISCOVERED. PIPELINE DEPARTMENT UTILIZED CONTRACT EXCAVATOR TO EXCAVATE THE AREA. DETERMINED 3 BBLS OF SWEET PETROLEUM CRUDE OIL WAS RELEASED FROM BODY OF PIPE DUE TO INTERNAL CORROSION. ALL CONTAMINATED SOIL WAS EXCAVATED AND PLACED ON-SITE FOR BIO-REMEDIATION. CORRODED PIPE SECTION WAS REMOVED AND REMAINING PIPELINE SEGMENT DISCONNECTED FROM ACTIVE SERVICE."
11/24/2021	2021	20210072	36043	ORIGINAL FINAL	300	PLAINS PIPELINE, L.P.	333 CLAY STREET, SUITE 1900  	HOUSTON	TX	77002	10/11/2021 12:00	MOUNTAIN	NO	32.181547	-103.420847	CRUDE OIL			42.7		42.7	NO						0	NO						0	LOCAL OPERATING PERSONNEL, INCLUDING CONTRACTORS		OPERATOR EMPLOYEE	10/25/2021 13:14	ONSHORE	YES	OPERATOR	10/26/2021 9:28	10/26/2021 3:00		NRC NOTIFICATION NOT REQUIRED		NO						YES	NO			0	NM	N/A	LEA	NO	PIPELINE RIGHT-OF-WAY	NO																					PIPE	PIPE BODY			6	CARBON STEEL		17.5	REPORTING-REGULATED GATHERING	NO				YES	NO	NO						NO									0	3501	0	20382	245696	0		269579	0	0	0	0	CORROSION FAILURE	INTERNAL CORROSION	NICOLAS GONZALEZ	HSE COMPLIANCE SPECIALIST	nagonzalez@paalp.com	7136464376		NICOLAS GONZALEZ	nagonzalez@paalp.com	7136464376	"APPROXIMATELY 42.7 BARRELS OF CRUDE OIL WERE RELEASED FROM THE ENDURANCE 6"" PIPELINE.  THE DATE AND TIME OF THE INCIDENT (PART A Q4) IS INDICATIVE OF THE EARLIEST POSSIBLE TIME THE RELEASE COULD HAVE STARTED, AS IT WAS THE LAST TIME THE LOCATION HAD BEEN VISITED AND CONFIRMED TO BE NO RELEASE OF CRUDE OIL.  THE CAUSE OF THE INCIDENT WAS ATTRIBUTED TO INTERNAL CORROSION. PLAINS IS EVALUATING STEPS THAT CAN BE TAKEN TO PREVENT FUTURE INCIDENTS FROM THE ENDURANCE 6"" PIPELINE."
11/5/2021	2021	20210069	35967	ORIGINAL FINAL	30829	ENTERPRISE CRUDE PIPELINE LLC	1100 LOUISIANA STREET 	HOUSTON	TX	77002	10/7/2021 12:30	CENTRAL	YES	31.4926	-103.191	CRUDE OIL			8		8	NO						0	NO						0	SCADA-BASED INFORMATION (SUCH AS ALARM(S), ALERT(S), EVENT(S), AND/OR VOLUME OR PACK CALCULATIONS)			10/7/2021 12:30	ONSHORE	NO			10/7/2021 12:30		NRC NOTIFICATION NOT REQUIRED		NO						YES	NO			0	TX	N/A	WARD	NO	TOTALLY CONTAINED ON OPERATOR-CONTROLLED PROPERTY	NO																					OTHER			PUMP PACKING PLATE		CARBON STEEL		70	REPORTING-REGULATED GATHERING	NO				YES	NO	NO						NO									0	626	5000	29500	0	0		35126	0	0	0	0	EQUIPMENT FAILURE	PUMP OR PUMP-RELATED EQUIPMENT	YAROSLAV BIL	PIPELINE COMPLIANCE ENGINEER	ybil@eprod.com	713-381-5650		YAROSLAV BIL	ybil@eprod.com	713-381-5650	ON 10/7/2021 AT 12:30 PM TECHNICIAN WAS DISPATCHED TO WILKESBORO STATION PER THE RECEIVED REPORTS OF A HIGH SUMP LEVEL ALARM. TECHNICIAN DISCOVERED THAT A PUMP PACKING PLATE BECAME LOOSE DUE TO WEAR AND TEAR, ALLOWING THE PISTON PACKING TO BE RELEASED, AND RESULTING IN A CRUDE SPILL. PUMP WAS ISOLATED, SOIL REMEDIATED, AND THE PUMP PACKING PLATE WAS REPLACED.