REPORT_RECEIVED_DATE	IYEAR	REPORT_NUMBER	SUPPLEMENTAL_NUMBER	REPORT_TYPE	OPERATOR_ID	NAME	OPERATOR_STREET_ADDRESS	OPERATOR_CITY_NAME	OPERATOR_STATE_ABBREVIATION	OPERATOR_POSTAL_CODE	LOCAL_DATETIME	TIME_ZONE	DAYLIGHT_SAVINGS_IND	LOCATION_LATITUDE	LOCATION_LONGITUDE	COMMODITY_RELEASED_TYPE	COMMODITY_SUBTYPE	COMMODITY_DETAILS	UNINTENTIONAL_RELEASE_BBLS	INTENTIONAL_RELEASE_BBLS	RECOVERED_BBLS	FATALITY_IND	NUM_EMP_FATALITIES	NUM_CONTR_FATALITIES	NUM_ER_FATALITIES	NUM_WORKER_FATALITIES	NUM_GP_FATALITIES	FATAL	INJURY_IND	NUM_EMP_INJURIES	NUM_CONTR_INJURIES	NUM_ER_INJURIES	NUM_WORKER_INJURIES	NUM_GP_INJURIES	INJURE	ACCIDENT_IDENTIFIER	ACCIDENT_DETAILS	OPERATOR_TYPE	INCIDENT_IDENTIFIED_DATETIME	ON_OFF_SHORE	COMMUNICATION_STATE_FED_IND	PARTY_INITIATED_COMMUNICATION	INITIAL_RESPONDER_COM_DATETIME	ON_SITE_DATETIME	NRC_RPT_DATETIME	NRC_RPT_NUM	ADDITIONAL_NRC_REPORT_NUMBERS	IGNITE_IND	IGNITE_DATETIME	HOW_EXTINGUISHED	HOW_EXTINGUISHED_OTHER_DETAIL	PRODUCT_CONSUMED_BY_FIRE_BBLS	EXPLODE_IND	OIL_SPILL_RESP_PLAN_IND	OSRO_MOBILIZED_IND	OSRO_OPERATOR_NOTIFIED_DT	OSRO_ARRIVED_ON_SITE_DT	NUM_PUB_EVACUATED	ONSHORE_STATE_ABBREVIATION	ONSHORE_CITY_NAME	ONSHORE_COUNTY_NAME	FEDERAL	LOCATION_TYPE	CROSSING	BRIDGE_CROSSING_IND	BRIDGE_TYPE	RAILROAD_CROSSING_IND	RAILROAD_TYPE	ROAD_CROSSING_IND	ROAD_TYPE	WATER_CROSSING_IND	WATER_TYPE	WATER_NAME	WATER_DEPTH	WATER_SUBTYPE	YEAR_RECENT_ENG_EVALUATION	OFF_ACCIDENT_ORIGIN	OFFSHORE_STATE_ABBREVIATION	OFF_INSTATE_AREA	OFF_INSTATE_BLOCK	OFFSHORE_COUNTY_NAME	OCS_TYPE	OFF_OCS_AREA	OFF_OCS_BLOCK	ITEM_INVOLVED	PIPE_TYPE	JOINT_SUBTYPE	ITEM_INVOLVED_DETAILS	PIPE_DIAMETER	MATERIAL_INVOLVED	MATERIAL_DETAILS	PERCENT_PIPE_SMYS	CLASSIFICATION_PIPELINE_SYSTEM	WILDLIFE_IMPACT_IND	FISH_AQUATIC_IMPACT_IND	BIRDS_IMPACT_IND	TERRESTRIAL_IMPACT_IND	SOIL_CONTAMINATION	LONG_TERM_ASSESSMENT	REMEDIATION_IND	SURFACE_WATER_REMED_IND	GROUNDWATER_REMED_IND	SOIL_REMED_IND	VEGETATION_REMED_IND	WILDLIFE_REMED_IND	WATER_CONTAM_IND	OCEAN_SEAWATER_IND	SURFACE_CONTAM_IND	GROUNDWATER_CONTAM_IND	DRINKING_WATER_CONTAM_IND	PRIVATE_WELL_CONTAM_IND	PUBLIC_WATER_CONTAM_IND	AMOUNT_RELEASED_BBLS	REL_WATER_NAME	EST_COST_OPER_PAID	EST_COST_GAS_RELEASED	EST_COST_PROP_DAMAGE	EST_COST_EMERGENCY	EST_COST_ENVIRONMENTAL	EST_COST_OTHER	EST_COST_OTHER_DETAILS	PRPTY	NUM_PERSONS_HOSP_NOT_OVNGHT	NUM_INJURED_TREATED_BY_EMT	NUM_RESIDENT_BUILDING_AFFCTD	NUM_BUSINESS_BUILDING_AFFCTD	CAUSE	CAUSE_DETAILS	PREPARER_NAME	PREPARER_TITLE	PREPARER_EMAIL	PREPARER_TELEPHONE	PREPARER_FAX	LOCAL_CONTACT_NAME	LOCAL_CONTACT_EMAIL	LOCAL_CONTACT_TELEPHONE	NARRATIVE
10/28/2021	2021	20210067	36194	SUPPLEMENTAL FINAL	31888	CENTURION PIPELINE L.P.	1300 MAIN STREET 	HOUSTON	TX	77002	9/30/2021 11:45	CENTRAL	NO	31.71799	-102.22018	CRUDE OIL			0.83		0.83	NO						0	NO						0	LOCAL OPERATING PERSONNEL, INCLUDING CONTRACTORS		CONTRACTOR WORKING FOR THE OPERATOR	9/30/2021 11:45	ONSHORE	NO			9/30/2021 11:45		NRC NOTIFICATION NOT REQUIRED		NO						YES	NO			0	TX	NOT WITHIN A MUNICIPALITY	MIDLAND	NO	TOTALLY CONTAINED ON OPERATOR-CONTROLLED PROPERTY	NO																					OTHER			PIG LAUNCHER BYPASS		CARBON STEEL		1.7	REPORTING-REGULATED GATHERING	NO				YES	NO	YES			YES			NO									0	62	9939	800	1050	0		11851	0	0	0	0	INCORRECT OPERATION	DAMAGE BY OPERATOR OR OPERATOR'S CONTRACTOR NOT RELATED TO EXCAVATION AND NOT DUE TO MOTORIZED VEHICLE/EQUIPMENT DAMAGE	Y-VAN TY	PIPELINE COMPLIANCE PROGRAM ADVISOR	yvan_ty@centurionpl.com	346-803-2718					"ON SEPTEMBER 30, 2021, AT 11:45 CST, A CENTURION PIPELINE L.P. (CPL) EMPLOYEE DISCOVERED A LEAK IN CPL'S DORA ROBERTS STATION IN MIDLAND COUNTY, TEXAS. CPL DETERMINED THE SOURCE OF THE LEAK TO BE THE DORA ROBERT WARSAN FIELD PIG LAUNCHER BYPASS AND IMMEDIATELY ISOLATED THE LEAK. HOWEVER, 0.83 BARRELS OF CRUDE OIL WERE RELEASED. CPL REMEDIATED THE CONTAMINATED SOIL ON SITE. NO INJURIES, FATALITIES, OR FIRES WERE ASSOCIATED WITH THIS INCIDENT.    THE ASSOCIATED PIPING IS CLASSIFIED AS A ""REPORTING REGULATED-ONLY GATHERING LINE."" CPL'S REPAIRS HAVE BEEN COMPLETED AND THE INVESTIGATION IS UNDERWAY. SAMPLES HAVE BEEN SENT TO A LABORATORY. FOLLOWING RETURN OF THE RESULTS AND THE INVESTIGATION, A SUPPLEMENTAL REPORT WILL FOLLOW.    SUPPLEMENTAL REPORT FILED ON DECEMBER 16, 2021:  THE COST HAS BEEN UPDATED AND THE TEXAS RAILROAD COMMISSION INCIDENT NUMBER IS 2533.    CPL'S ROOT CAUSE ANALYSIS INVESTIGATION DETERMINED THAT INCORRECT OPERATIONS CAUSED THE INTERNAL CORROSION LEAK ON THE DORA ROBERTS TRUNK B (WARSAN) PIG LAUNCHER BYPASS PIPING. CPL PROCEDURES REQUIRE THE BYPASS VALVE BE RETURNED TO THE NORMAL OPEN POSITION AFTER LAUNCHING THE MAINTENANCE PIG. THE STAGNANT CONDITIONS OCCURRING IN THE LAUNCHER BYPASS ARE DUE TO THE BYPASS VALVE REMAINING CLOSED DURING NORMAL OPERATIONS. WITH NO PRODUCT FLOWING THROUGH THE LAUNCHER BYPASS, ACCUMULATION OF WATER AND SOLIDS CONTRIBUTED TO AN INCREASED CORROSION RATE. THE SOLIDS DEPOSITS CAUSED A GALVANIC COUPLE BETWEEN THE DEPOSITS AND THE STEEL PIPE. THE SOLID DEPOSITS PREVENTED THE CORROSION MITIGATION CHEMICALS FROM REACHING THE STEEL SURFACE, THEREBY PREVENTING THE NORMAL ACTION OF THE CHEMICALS.    AS A RESULT OF THE INVESTIGATION, IT WAS DETERMINED THAT RETRAINING ON THE 'LAUNCHING AND RECEIVING SCRAPER' PROCEDURAL STEPS WILL BE CONDUCTED FOR ALL INDIVIDUALS IN THE OPERATING AREA. REPAIRS HAVE BEEN COMPLETED AND NO FURTHER P&M MEASURES ARE NEEDED.     SUPPLEMENTAL REPORT FILED ON JANUARY 03, 2022:  UPDATED PART A. 12.A. FROM 'COMPANY EMPLOYEE' TO 'CONTRACTOR WORKING FOR THE OPERATOR.' ADDITIONALLY, IT IS TO BE NOTED THAT IT WAS REPORTED THAT IT WAS ""DORA ROBERT'S STATION"" BUT SHOULD BE ""DORA ROBERTS WARSAN STATION"" WHICH IS ASSOCIATED WITH THE DORA ROBERTS TRUNK B GATHERING LINE."
10/14/2021	2021	20210065	35874	ORIGINAL FINAL	1248	BELLE FOURCHE PIPELINE CO	455 N POPLAR ST. 	CASPER	WY	82602	9/17/2021 13:15	MOUNTAIN	YES	44.36222	-105.22215	CRUDE OIL			8		8	NO						0	NO						0	NOTIFICATION FROM PUBLIC			9/17/2021 13:15	ONSHORE	NO			9/17/2021 14:00		NRC NOTIFICATION NOT REQUIRED		NO						YES	NO			0	WY	ROZET	CAMPBELL	NO	ORIGINATED ON OPERATOR-CONTROLLED PROPERTY, BUT THEN FLOWED OR MIGRATED OFF THE PROPERTY	NO																					PIPE	PIPE BODY			6	CARBON STEEL		12.58	REPORTING-REGULATED GATHERING	NO				YES	NO	NO						NO									0	504	13000	27066	0	0		40570	0	0	0	0	CORROSION FAILURE	EXTERNAL CORROSION	DOUG THACKER	COMPLIANCE COORDINATOR	doug.thacker@truecos.com	3072660320					LOCAL OPERATIONS EMPLOYEES WERE NOTIFIED ON SEPTEMBER 17, 2021 AT APPROXIMATELY 1:15 PM MDT OF A POTENTIAL CRUDE OIL RELEASE LOCATED NEAR THE NORTH ROZET 4 INCH GATHERING PIPELINE RECEIVER.  COMPANY PERSONNEL RESPONDED WHEN THEY RECEIVED THE NOTIFICATION AND ARRIVED AT THE LOCATION AT APPROXIMATELY 2:00 MDT.  UPON CONFIRMING CRUDE OIL WAS LEAKING FROM THE 6 INCH BARREL OF THE RECEIVER, THEY IMMEDIATELY ISOLATED IT TO STOP THE LEAK AND CONTAINED THE RELEASED CRUDE OIL.  A FIELD INVESTIGATION OF THE RECEIVER DETERMINED THE RELEASE WAS DUE TO EXTERNAL CORROSION.    NO SURFACE WATER, GROUNDWATER OR WILDLIFE WERE IMPACTED BY THE RELEASE; HOWEVER, AN APPROXIMATE 300 FT. X 10 FT. AREA OF SOILS WERE CONTAMINATED TO AN AVERAGE DEPTH OF 3 INCHES.  ALL CONTAMINATED SOILS WERE REMOVED AND TRANSPORTED TO THE DONKEY CREEK STATION WHERE THEY WILL BE MANAGED IN ACCORDANCE WITH WYOMING DEQ REQUIREMENTS.    THE RELEASE DID NOT MEET NRC OR STATE OF WYOMING REPORTING REQUIREMENTS; THEREFORE, NO NOTIFICATIONS WERE MADE TO THE NRC OR WYOMING DEQ.
9/29/2021	2021	20210063	35875	SUPPLEMENTAL FINAL	31878	BRIDGER PIPELINE LLC	455 N. POPLAR ST. 	CASPER	WY	82602	9/8/2021 9:00	MOUNTAIN	NO	45.89504	-103.54805	CRUDE OIL			2		2	NO						0	NO						0	LOCAL OPERATING PERSONNEL, INCLUDING CONTRACTORS		CONTRACTOR WORKING FOR THE OPERATOR	9/8/2021 9:00	ONSHORE	YES	OPERATOR	9/8/2021 2:10	9/8/2021 9:30		NRC NOTIFICATION NOT REQUIRED		NO						NO	NO			0	SD	NOT WITHIN A MUNICIPALITY	HARDING	NO	TOTALLY CONTAINED ON OPERATOR-CONTROLLED PROPERTY	NO																					OTHER			VALVE ON PUMP		MATERIAL OTHER THAN CARBON STEEL	VALVE		REPORTING-REGULATED GATHERING	NO				YES	NO	NO						NO									0	140	500	1000	0	0		1640	0	0	0	0	INCORRECT OPERATION	VALVE LEFT OR PLACED IN WRONG POSITION, BUT NOT RESULTING IN A TANK, VESSEL, OR SUMP/SEPARATOR OVERFLOW OR FACILITY OVERPRESSURE	KEVIN PENA	PIPELINE COMPLIANCE COORDINATOR	kevin.pena@truecos.com	4069393133					AN OPERATOR EMPLOYEE WAS WORKING TO PURCHASE A TANK OF OIL AT THE LEASE LOCATION.  AS PART OF HIS NORMAL OPERATION, SAID EMPLOYEE OPENED A VALVE IN ORDER TO BLEED AIR OFF THE SUCTION LINE INTO THE SUMP OF THE PUMP.  WHILE THIS OPERATION WAS ONGOING, THE EMPLOYEE ALSO WORKED TO LAUNCH A PIG AT THE SITE.  AFTER SUCCESSFULLY LAUNCHING THE PIG, THE EMPLOYEE LEFT THE SITE, HAVING FORGOTTEN TO SHUT THE VALVE ORIGINALLY OPENED TO BLEED OFF AIR.  AS A RESULT, THE OIL GRAVITY FED FROM THE TANK THROUGH THE SUCTION LINE AND OUT THE OPEN VALVE.      APPROXIMATELY 2 BBLS OF OIL REACHED THE GROUND BEFORE A LUFF EMPLOYEE ARRIVED ON SCENE AND IDENTIFIED THE RELEASE.  A TOTAL OF 1.5 BBLS WERE RECOVERED AND REINJECTED INTO THE SYSTEM.  THE REMAINING 0.5 BBLS WAS REMOVED WITH CONTAMINATED SOIL FROM THE SITE AND WILL BE DISPOSED OF AS REQUIRED BY THE SOUTH DAKOTA DEPARTMENT OF ENVIRONMENT AND NATURAL RESOURCES.
9/23/2021	2021	20210062	36279	SUPPLEMENTAL FINAL	31684	PHILLIPS 66 PIPELINE LLC	2331 CITYWEST BLVD 	HOUSTON	TX	77042	8/26/2021 7:39	CENTRAL	YES	33.396009	-98.457006	CRUDE OIL			12		12	NO						0	NO						0	CPM LEAK DETECTION SYSTEM			8/26/2021 8:30	ONSHORE	YES	OPERATOR	8/26/2021 9:53	8/26/2021 8:30		NRC NOTIFICATION NOT REQUIRED		NO						NO	NO			0	TX	NOT WITHIN A MUNICIPALITY	YOUNG	NO	PIPELINE RIGHT-OF-WAY	NO																					PIPE	PIPE BODY			8	CARBON STEEL		6	REPORTING-REGULATED GATHERING	NO				YES	NO	YES			YES			NO									5000	900	20000	2500	15000	0		43400	0	0	0	0	CORROSION FAILURE	EXTERNAL CORROSION	JEFF BLATCHFORD		jeff.m.blatchford@p66.com	580-767-4206		JEFF BLATCHFORD	jeff.m.blatchford@p66.com	580-767-4206	"ON 8-26, THE CONTROL CENTER RECEIVED RTTM ALARM ON NT-70.  THE LINE WAS SHUTDOWN AND ISOLATED.  P66 PERSONNEL AND AERIAL PATROL WERE DISPATCHED TO THE AREA.  CRUDE OIL WAS DISCOVERED IN A REMOTE FIELD AT APP. 08:30.  LINE WAS EXCAVATED AND CLAMPED AND RETURNED TO SERVICE AT 16:45 ON 8-26.  CAUSE IS SUSPECTED TO BE INTERNAL/EXTERNAL CORROSION AND WILL BE FORMALLY DETERMINED WHEN PIPE IS REMOVED AND SENT FOR ANALYSIS.    2021-10-07 - PER PHMSA REQUEST, UPDATED PART C, ITEM 1A TO 8"" INSTEAD OF 8.625"".  UPDATED PART E WITH SUSPECTED CAUSE INFORMATION.  EXACT CAUSE IS PENDING PIPE ANALYSIS.  UPDATED PART F WITH SUSPECTED CAUSE INFORMATION.    2022-01-27 - FINALIZED REPORT BASED ON INFORMATION RECEIVED FROM THE METALLURGICAL ANALYSIS REPORT RECEIVED ON 1-18-2022.   CAUSE WAS CONFIRMED TO BE EXTERNAL CORROSION."
9/17/2021	2021	20210061	36322	SUPPLEMENTAL FINAL	300	PLAINS PIPELINE, L.P.	333 CLAY STREET, SUITE 1900  	HOUSTON	TX	77002	8/18/2021 14:58	CENTRAL	NO	39.077189	-99.186222	CRUDE OIL			53		4.5	NO						0	NO						0	AIR PATROL		CONTRACTOR WORKING FOR THE OPERATOR	8/18/2021 14:58	ONSHORE	YES	OPERATOR	8/19/2021 9:41	8/18/2021 17:50		NRC NOTIFICATION NOT REQUIRED		NO						YES	NO			0	KS	CATHERINE	ELLIS	NO	PIPELINE RIGHT-OF-WAY	NO																					JOINT, INCLUDING HEAT-AFFECTED ZONE		OTHER BUTT JOINT			MATERIAL OTHER THAN CARBON STEEL	POLYETHYLENE PIPE		REPORTING-REGULATED GATHERING	NO				YES	YES	YES		YES	YES	YES		YES			YES				3	UNKNOWN	0	3201	1400	1400	143000	0		149001	0	0	0	0	MATERIAL FAILURE OF PIPE OR WELD	DESIGN-, CONSTRUCTION-, INSTALLATION-, OR FABRICATION-RELATED	NICOLAS GONZALEZ	HSE COMPLIANCE SPECIALIST	nagonzalez@paalp.com	7136464376		NICOLAS GONZALEZ	nagonzalez@paalp.com	7136464376	APPROXIMATELY 53 BBLS OF CRUDE OIL WERE RELEASED FROM THE HALL B TO ML 3 INCH PIPELINE.  THE CAUSE OF THE RELEASE WAS ATTRIBUTED TO FAILURE OF A FUSION WELD ON A TEE DURING ORIGINAL CONSTRUCTION.  REGARDING THE REMAINING 48.5 BBLS OF CRUDE OIL RELEASED, PLAINS WILL REMEDIATE THE SITE ACCORDING TO THE KANSAS DEPARTMENT OF HEALTH AND ENVIRONMENT (KDHE) VOLUNTARY CLEANUP AND PROPERTY REDEVELOPMENT PROGRAM.     SUPPLEMENTAL NARRATIVE: UPDATE APPLIED TO PART A Q15C; 08/19/2012 WAS UPDATED TO 08/19/2021.
8/27/2021	2021	20210060	35677	SUPPLEMENTAL FINAL	30829	ENTERPRISE CRUDE PIPELINE LLC	1100 LOUISIANA STREET 	HOUSTON	TX	77002	8/1/2021 20:00	CENTRAL	YES	31.8924	-102.0728	CRUDE OIL			0.14		0.14	NO						0	NO						0	OTHER	THIRD PARTY PRODUCER		8/1/2021 20:00	ONSHORE	NO			8/1/2021 21:00		NRC NOTIFICATION NOT REQUIRED		NO						NO	NO			0	TX	MIDLAND	MIDLAND	NO	TOTALLY CONTAINED ON OPERATOR-CONTROLLED PROPERTY	NO																					OTHER			LACT PUMP		MATERIAL OTHER THAN CARBON STEEL	SILICON CARBIDE		REPORTING-REGULATED GATHERING	NO				YES	NO	YES			YES			NO									0	10	900	1500	0	0		2410	0	0	0	0	EQUIPMENT FAILURE	PUMP OR PUMP-RELATED EQUIPMENT	YAROSLAV BIL	PIPELINE COMPLIANCE ENGINEER	ybil@eprod.com	713-381-5650		YAROSLAV BIL	ybil@eprod.com	713-381-5650	ON 8/1/2021 AT 8:00 PM CST ENTERPRISE OPERATOR HAS BEEN NOTIFIED BY A THIRD PARTY PRODUCER THAT THERE HAS BEEN A PUMP SEAL FAILURE LEAK ON LACT UNIT 1000 AT TEXAS TEN ZZ STATION. THE PUMP WAS ISOLATED AND THE SEAL REPLACED. IT WAS DETERMINED THAT THE FRAC SAND FROM THE PRODUCER'S OIL GOT BY THE STRAINER AND WENT INTO PUMP'S SEAL, CAUSING THE SEAL TO FAIL. TO PREVENT RECURRENCE, A FINER MESH STRAINER WAS INSTALLED UPSTREAM OF THE AFFECTED PUMP.
8/24/2021	2021	20210059	35664	ORIGINAL FINAL	31888	CENTURION PIPELINE L.P.	1300 MAIN STREET 	HOUSTON	TX	77002	7/26/2021 13:42	CENTRAL	YES	32.67274	-102.09709	CRUDE OIL			1.5		1.5	NO						0	NO						0	LOCAL OPERATING PERSONNEL, INCLUDING CONTRACTORS		OPERATOR EMPLOYEE	7/26/2021 13:42	ONSHORE	NO			7/26/2021 13:42		NRC NOTIFICATION NOT REQUIRED		NO						YES	NO			0	TX	NOT WITHIN MUNICIPALITY	MIDLAND	NO	TOTALLY CONTAINED ON OPERATOR-CONTROLLED PROPERTY	NO																					OTHER			SUMP OVERFLOW		MATERIAL OTHER THAN CARBON STEEL	STAINLESS STEEL FLOAT & ELECTRIC SWITCH		REPORTING-REGULATED GATHERING	NO				YES	NO	YES			YES			NO									0	108	4550	1749	550	0		6957	0	0	0	0	EQUIPMENT FAILURE	PUMP OR PUMP-RELATED EQUIPMENT	JOSHUA MCCULLOCH	PROJECT ENGINEER - ASSET INTEGRITY	joshua_mcculloch@centurionpl.com	346-803-2869					ON JULY 26, 2021, AT APPROXIMATELY 13:42 CST, A CENTURION PIPELINE L.P. (CPL) EMPLOYEE DISCOVERED A LEAK IN CPL'S PEGASUS STATION NEAR MIDKIFF, TEXAS IN MIDLAND COUNTY, TEXAS. CPL DETERMINED THE SOURCE OF THE LEAK TO BE THE PEGASUS STATION SUMP AND IMMEDIATELY ISOLATED THE LEAK. HOWEVER, 1.5 BARRELS OF CRUDE OIL WERE RELEASED. CPL REMEDIATED THE CONTAMINATED SOIL ON SITE. NO INJURIES, FATALITIES, OR FIRES WERE ASSOCIATED WITH THIS INCIDENT.    CPL'S DETAILED INVESTIGATION DETERMINED THE FLOAT, OR DISPLACER, OF THE DISPLACER TYPE LIQUID LEVEL SWITCH ON THE PEGASUS STATION SUMP PUMP DID NOT ASCEND PROPERLY WITH THE RISING FLUID LEVELS IN THE SUMP. RECENT HEAVY RAINS FILLED THE SUMP WITH WATER AND THE SUMP OVERFLOWED WITH AN OIL AND WATER MIXTURE. CPL OPERATIONS FOUND SOLIDS ATTACHED TO THE STAINLESS-STEEL DISPLACER, WHICH REDUCED THE BUOYANCY AND PREVENTED THE DISPLACER TYPE LIQUID LEVEL SWITCH FROM RISING AND STARTING THE PUMP AS THE FLUID IN THE SUMP REACHED A HIGH LEVEL. CPL CLEANED THE FLOAT AND REPLACED THE SWITCH BEFORE RETURNING THE SUMP PUMP TO SERVICE. IN ORDER TO PREVENT REPEAT INCIDENTS, CPL WITH INSTALL A RADAR TYPE LEVEL SWITCH WHICH PREVENTS SOLIDS BUILDUP FROM INHIBITING THE FUNCTION OF THE SUMP PUMP LEVEL SWITCH.
8/16/2021	2021	20210057	35636	ORIGINAL FINAL	4461	EOG RESOURCES, INC	1111 BAGBY ST. SKY LOBBY 2	HOUSTON	TX	77002	7/23/2021 23:50	CENTRAL	YES	29.247	-97.5571	CRUDE OIL			20		20	NO						0	NO						0	CONTROLLER		CONTRACTOR WORKING FOR THE OPERATOR	7/23/2021 23:29	ONSHORE	NO			7/24/2021 0:13		NRC NOTIFICATION NOT REQUIRED		NO						NO	NO			0	TX	SMILEY	GONZALES	NO	TOTALLY CONTAINED ON OPERATOR-CONTROLLED PROPERTY	NO																					PIPE	PIPE BODY			8.625	CARBON STEEL		11.18	REPORTING-REGULATED GATHERING	NO				YES	NO	YES			YES			NO									0	1500	3500	0	25000	0		30000	0	0	0	0	CORROSION FAILURE	INTERNAL CORROSION	JARED LANE	PIPELINE FOREMAN	jared_lane@eogresources.com	210-775-8986		JARED LANE	jared_lane@eogresources.com	210-775-8986	"ON 7/23/2021, CONTROLLER NOTICED PIPELINE IRREGULARITY IN LEAK DETECTION SYSTEM ON THE THERIOT UNIT TO LANDGREBE 8"" OIL GATHERING PIPELINE. CONTROLLER DISPATCHED PERSONNEL TO SITE WHERE TECHNICIAN VERIFIED PRODUCT VISIBLE ON SURFACE OF PIPELINE RIGHT-OF-WAY. PIPELINE PERSONNEL CONTRACTED A VACUUM TRUCK WHICH REMOVED 17 BBLS OF SWEET CRUDE OIL FROM SURFACE. ADDITIONAL 3 BBLS OF PRODUCT WAS ESTIMATED TO BE IN CONTAMINATED SOIL, WHICH WAS REMEDIATED BY OPERATOR. TOTAL PRODUCT RELEASE WAS 20 BBLS AND WAS FOUND TO BE DUE TO INTERNAL CORROSION. REMEDIATION ACTIVITIES ARE COMPLETED AND ACCEPTED BY THE TEXAS RAILROAD COMMISSION OIL & GAS DIVISION. INTERNAL CORROSION WAS REMEDIATED BY PIPE REPLACEMENT."
8/23/2021	2021	20210058	35658	ORIGINAL FINAL	31878	BRIDGER PIPELINE LLC	455 N. POPLAR ST. 	CASPER	WY	82602	7/23/2021 8:00	MOUNTAIN	NO	47.54671	-102.95726	CRUDE OIL			0.5		0.5	NO						0	NO						0	LOCAL OPERATING PERSONNEL, INCLUDING CONTRACTORS		OPERATOR EMPLOYEE	7/23/2021 8:00	ONSHORE	NO			7/23/2021 8:00		NRC NOTIFICATION NOT REQUIRED		NO						NO	NO			0	ND	KILLDEER	DUNN COUNTY	NO	TOTALLY CONTAINED ON OPERATOR-CONTROLLED PROPERTY	NO																					OTHER			PUMP SEAL		MATERIAL OTHER THAN CARBON STEEL	SEAL GASKET		REPORTING-REGULATED GATHERING	NO				YES	NO	NO						NO									0	30	370	430	0	0		830	0	0	0	0	EQUIPMENT FAILURE	PUMP OR PUMP-RELATED EQUIPMENT	KEVIN PENA	PIPELINE COMPLIANCE COORDINATOR	kevin.pena@truecos.com	4069393133					COMPANY PERSONNEL ARRIVED ON SCENE AT APPROXIMATELY 8:00 AM ON 7/23/21 AS PART OF NORMAL WORKING ROUTE AND NOTICED THE SHIPPING PUMP HAD A SEAL LEAK.  APPROXIMATELY 15-20 GALLONS OF CRUDE OIL HAD LEAKED OUT ONTO THE PUMP SKID AND ONTO THE GROUND.  THE PUMP WAS SHUT DOWN AND ADDITIONAL PERSONNEL WERE CALLED TO THE SCENE.  ALL FREE LIQUIDS WERE RECOVERED AND RE-INJECTED BACK INTO THE SYSTEM.  THE SEAL WAS CHANGED AND THE PUMP WAS PUT BACK INTO SERVICE LATER THAT DAY.    THE RELEASE DID NOT IMPACT SURFACE WATER, GROUND WATER, OR WILDLIFE.  CONTAMINATED SOILS WERE REMOVED FROM THE SCENE, AND WILL BE DISPOSED OF IN ACCORDANCE WITH NORTH DAKOTA DEQ REQUIREMENTS.
8/13/2021	2021	20210056	35625	ORIGINAL FINAL	40136	IRONWOOD GARDENDALE PIPELINE, LLC	15727 ANTHEM PARKWAY STE 510 	SAN ANTONIO	TX	78249	7/21/2021 15:30	CENTRAL	YES	28.5206242	-99.3637918	CRUDE OIL			11.14		8	NO						0	NO						0	OTHER	NOTIFICATION BY 3RD PARTY OPERATOR.		7/21/2021 15:30	ONSHORE	NO			7/21/2021 15:30		NRC NOTIFICATION NOT REQUIRED		NO						NO	NO			0	TX	NA	LA SALLE	NO	TOTALLY CONTAINED ON OPERATOR-CONTROLLED PROPERTY	NO																					OTHER			1.5-INCH BALL VALVE.		CARBON STEEL		15	REPORTING-REGULATED GATHERING	NO				YES	NO	YES			YES			NO									0	685	250	1000	8000	0		9935	0	0	0	0	EQUIPMENT FAILURE	THREADED CONNECTION/COUPLING FAILURE	CHRIS WILLIAMS	SR. REGULATORY COMPLINACE PROFESSIONAL	chris.williams@flatrockenergy.net	8067596499		GERON HENDRICKSON	geron.hendrickson@ironwoodmidstream.com	210-840-6622	ON JULY 21, 2021, AT APPROXIMATELY 13:30, IRONWOOD MIDSTREAM WAS NOTIFIED BY A THIRD-PARTY OPERATOR OF A POSSIBLE RELEASE AT A LACT UNIT AT THE HUMAN C FACILITY. IRONWOOD OPERATIONS IMMEDIATELY DISPATCHED AN OPERATOR TO THE SITE TO INVESTIGATE THE NOTIFICATION. AT ARRIVAL THE OPERATOR NOTICED CRUDE ON THE GROUND AND ISOLATED THE PIPING THAT WAS THE CAUSE OF THE RELEASE. IT WAS DETERMINED THAT A 1.5-INCH BALL VALVE WITH A THREADED BODY HAD FAILED AT THE THREADS AND PARTED. IRONWOOD DISPATCHED A VACUUM TRUCK TO THE SITE TO REMOVE ALL FREE-STANDING LIQUIDS SO THEY COULD BEGIN THE SOIL REMEDIATION BY CHEMICAL TREATMENT.   IRONWOOD INSPECTED THE ENTIRE PIPELINE SYSTEM FOR THE SAME TYPE OF THREADED BODY BALL VALVE, WITH THE INTENTIONS OF REMOVING LIKE VALVES FROM THE SYSTEM, AND NO OTHER LOCATIONS WERE IDENTIFIED WITH THE SAME TYPE OF VALVE.
8/12/2021	2021	20210055	35614	ORIGINAL FINAL	32099	ENERGY TRANSFER COMPANY	1300 MAIN STREET 	HOUSTON	TX	77002	7/14/2021 14:40	CENTRAL	NO	28.065577	-99.926992	CRUDE OIL			35		35	NO						0	NO						0	LOCAL OPERATING PERSONNEL, INCLUDING CONTRACTORS		CONTRACTOR WORKING FOR THE OPERATOR	7/14/2021 14:40	ONSHORE	NO			7/14/2021 16:00		NRC NOTIFICATION NOT REQUIRED		NO						NO	NO			0	TX	CATARINA	WEBB	NO	PIPELINE RIGHT-OF-WAY	NO																					PIPE	PIPE BODY			6	CARBON STEEL		42	REPORTING-REGULATED GATHERING	NO				YES	YES	YES			YES			NO									0	645	100000	0	150000	0		250645	0	0	0	0	CORROSION FAILURE	INTERNAL CORROSION	TIMOTHY BUNAG	ENGINEER - REGULATORY COMPLIANCE	timothy.bunag@energytransfer.com	832-294-5324		CHRIS KRESTA	chris.kresta@energytransfer.com	719-989-7077	ON JULY 14, 2021, AT APPROXIMATELY 2:40 PM, ENERGY TRANSFER CONTRACTORS IDENTIFIED A LEAK IN THE PIPELINE RIGHT-OF-WAY ON THE B3E TO E6 6INCH CONDENSATE PIPELINE. THIS PIPELINE IS A NON-JURISDICTIONAL LIQUID GATHERING PIPELINE IN A RURAL AREA LOCATED IN WEBB COUNTY NEAR CATARINA, TEXAS. OPERATIONS CREW ARRIVED AT 4:00PM AND PROCEEDED WITH LINE ISOLATION AND PIPELINE PIGGING PROCEDURES FOR DEWATERING THE LINE. BOTH UPSTREAM AND DOWNSTREAM VALVES WERE LOCKED OUT AND TAGGED OUT AT 6:00PM. TWENTY-FIVE BARRELS OF CONDENSATE WERE RECOVERED FROM THE BELL HOLE AND TRANSPORTED TO THE STATION GUN BARREL. REPAIRS WERE MADE AND LINE WAS PUT BACK IN SERVICE AS OF 5:30PM ON JULY 22, 2021. INVESTIGATION REVEALED THAT THE APPARENT CAUSE OF THE INCIDENT WAS DUE TO INTERNAL CORROSION (MIC).    TO PREVENT RE-OCCURRENCE, ENERGY TRANSFER HAS WORKED WITH BAKER HUGHES TO ADJUST CHEMICAL BATCH TREATMENTS AND PLAN TO RUN A SMART TOOL (ILI) TO IDENTIFY ANY ADDITIONAL CORROSION ISSUES.    THIS FACILITY IS UNDER THE JURISDICTION OF THE TEXAS RAILROAD COMMISSION.