REPORT_RECEIVED_DATE	IYEAR	REPORT_NUMBER	SUPPLEMENTAL_NUMBER	REPORT_TYPE	OPERATOR_ID	NAME	OPERATOR_STREET_ADDRESS	OPERATOR_CITY_NAME	OPERATOR_STATE_ABBREVIATION	OPERATOR_POSTAL_CODE	LOCAL_DATETIME	TIME_ZONE	DAYLIGHT_SAVINGS_IND	LOCATION_LATITUDE	LOCATION_LONGITUDE	COMMODITY_RELEASED_TYPE	COMMODITY_SUBTYPE	COMMODITY_DETAILS	UNINTENTIONAL_RELEASE_BBLS	INTENTIONAL_RELEASE_BBLS	RECOVERED_BBLS	FATALITY_IND	NUM_EMP_FATALITIES	NUM_CONTR_FATALITIES	NUM_ER_FATALITIES	NUM_WORKER_FATALITIES	NUM_GP_FATALITIES	FATAL	INJURY_IND	NUM_EMP_INJURIES	NUM_CONTR_INJURIES	NUM_ER_INJURIES	NUM_WORKER_INJURIES	NUM_GP_INJURIES	INJURE	ACCIDENT_IDENTIFIER	ACCIDENT_DETAILS	OPERATOR_TYPE	INCIDENT_IDENTIFIED_DATETIME	ON_OFF_SHORE	COMMUNICATION_STATE_FED_IND	PARTY_INITIATED_COMMUNICATION	INITIAL_RESPONDER_COM_DATETIME	ON_SITE_DATETIME	NRC_RPT_DATETIME	NRC_RPT_NUM	ADDITIONAL_NRC_REPORT_NUMBERS	IGNITE_IND	IGNITE_DATETIME	HOW_EXTINGUISHED	HOW_EXTINGUISHED_OTHER_DETAIL	PRODUCT_CONSUMED_BY_FIRE_BBLS	EXPLODE_IND	OIL_SPILL_RESP_PLAN_IND	OSRO_MOBILIZED_IND	OSRO_OPERATOR_NOTIFIED_DT	OSRO_ARRIVED_ON_SITE_DT	NUM_PUB_EVACUATED	ONSHORE_STATE_ABBREVIATION	ONSHORE_CITY_NAME	ONSHORE_COUNTY_NAME	FEDERAL	LOCATION_TYPE	CROSSING	BRIDGE_CROSSING_IND	BRIDGE_TYPE	RAILROAD_CROSSING_IND	RAILROAD_TYPE	ROAD_CROSSING_IND	ROAD_TYPE	WATER_CROSSING_IND	WATER_TYPE	WATER_NAME	WATER_DEPTH	WATER_SUBTYPE	YEAR_RECENT_ENG_EVALUATION	OFF_ACCIDENT_ORIGIN	OFFSHORE_STATE_ABBREVIATION	OFF_INSTATE_AREA	OFF_INSTATE_BLOCK	OFFSHORE_COUNTY_NAME	OCS_TYPE	OFF_OCS_AREA	OFF_OCS_BLOCK	ITEM_INVOLVED	PIPE_TYPE	JOINT_SUBTYPE	ITEM_INVOLVED_DETAILS	PIPE_DIAMETER	MATERIAL_INVOLVED	MATERIAL_DETAILS	PERCENT_PIPE_SMYS	CLASSIFICATION_PIPELINE_SYSTEM	WILDLIFE_IMPACT_IND	FISH_AQUATIC_IMPACT_IND	BIRDS_IMPACT_IND	TERRESTRIAL_IMPACT_IND	SOIL_CONTAMINATION	LONG_TERM_ASSESSMENT	REMEDIATION_IND	SURFACE_WATER_REMED_IND	GROUNDWATER_REMED_IND	SOIL_REMED_IND	VEGETATION_REMED_IND	WILDLIFE_REMED_IND	WATER_CONTAM_IND	OCEAN_SEAWATER_IND	SURFACE_CONTAM_IND	GROUNDWATER_CONTAM_IND	DRINKING_WATER_CONTAM_IND	PRIVATE_WELL_CONTAM_IND	PUBLIC_WATER_CONTAM_IND	AMOUNT_RELEASED_BBLS	REL_WATER_NAME	EST_COST_OPER_PAID	EST_COST_GAS_RELEASED	EST_COST_PROP_DAMAGE	EST_COST_EMERGENCY	EST_COST_ENVIRONMENTAL	EST_COST_OTHER	EST_COST_OTHER_DETAILS	PRPTY	NUM_PERSONS_HOSP_NOT_OVNGHT	NUM_INJURED_TREATED_BY_EMT	NUM_RESIDENT_BUILDING_AFFCTD	NUM_BUSINESS_BUILDING_AFFCTD	CAUSE	CAUSE_DETAILS	PREPARER_NAME	PREPARER_TITLE	PREPARER_EMAIL	PREPARER_TELEPHONE	PREPARER_FAX	LOCAL_CONTACT_NAME	LOCAL_CONTACT_EMAIL	LOCAL_CONTACT_TELEPHONE	NARRATIVE
4/21/2021	2021	20210032	35198	ORIGINAL FINAL	32099	ENERGY TRANSFER COMPANY	1300 MAIN STREET 	HOUSTON	TX	77002	3/30/2021 10:19	CENTRAL	YES	31.782061	-102.122981	CRUDE OIL			0.8		0.8	NO						0	NO						0	OTHER	THIRD PARTY		3/30/2021 10:19	ONSHORE	NO			3/30/2021 12:36		NRC NOTIFICATION NOT REQUIRED		NO						NO	NO			0	TX	ODESSA	MIDLAND	NO	TOTALLY CONTAINED ON OPERATOR-CONTROLLED PROPERTY	NO																					OTHER			APACHE 3/4 INCH BALL VALVE		MATERIAL OTHER THAN CARBON STEEL	STAINLESS STEEL		REPORTING-REGULATED GATHERING	NO				YES	NO	YES			YES			NO									0	51	1000	500	1000	0		2551	0	0	0	0	EQUIPMENT FAILURE	OTHER EQUIPMENT FAILURE	CHRISTOPHER PALAFOX	SPECIALIST REGULATORY COMPLIANCE	christopher.palafox@energytransfer.com	7139894464		CHRIS KRESTA	chris.kresta@energytransfer.com	7139897077	ON MARCH 30, 2021 AT APPROXIMATELY 10:39 A THIRD PARTY DISCOVERED A CRUDE OIL SPILL AT THE CONCHO WAMPA PUMP SITE. AT 12:36 COMPANY PERSONNEL ARRIVED ON SITE AND CONFIRMED THAT THE SPILL CAME FROM AN APACHE 3/4 INCH STAINLESS STEEL BALL VALVE WITH A WELDED SEAL ON THE CT203 COG WAMPA 6 INCH NON-REGULATED GATHERING PIPELINE AND SECURED THE SPILL. A THIRD-PARTY COMPANY WAS CALLED TO CLEAN UP ALL FREE PRODUCT AND REMEDIATE THE SOIL. A NEW APACHE BALL VALVE WAS INSTALLED AND AT APPROXIMATELY 15:30 THE LINE WAS BACK IN SERVICE. THE CAUSE OF THE SPILL WAS A DEFECTIVE VALVE. TO PREVENT FUTURE SPILLS, A NEW APACHE BALL VALVE WAS INSTALLED, AND EMPLOYEES WILL PERFORM ROUTINE VISUAL INSPECTIONS ON THIS PUMP STATION.
4/26/2021	2021	20210035	35211	ORIGINAL FINAL	31888	CENTURION PIPELINE L.P.	1300 MAIN STREET 	HOUSTON	TX	77002	3/28/2021 15:50	CENTRAL	YES	32.68446	-102.72189	CRUDE OIL			2		2	NO						0	NO						0	NOTIFICATION FROM PUBLIC			3/28/2021 15:50	ONSHORE	NO			3/28/2021 16:17		NRC NOTIFICATION NOT REQUIRED		NO						YES	NO			0	TX	NOT WITHIN MUNICIPALITY	GAINES	NO	PIPELINE RIGHT-OF-WAY	NO																					PIPE	PIPE BODY			4	CARBON STEEL		6.8	REPORTING-REGULATED GATHERING	NO				YES	NO	YES			YES			NO									13	123	4641	500	6000	0		11277	0	0	0	0	CORROSION FAILURE	EXTERNAL CORROSION	JOSHUA MCCULLOCH	PROJECT ENGINEER	joshua_mcculloch@centurionpl.com	346-803-2869	713-215-7455				"ON MARCH 28, 2021, AT APPROXIMATELY 15:50 CST, A LANDOWNER DISCOVERED A POSSIBLE LEAK WHILE FLYING OVER THE RILEY 4"" WTS NON-REGULATED GATHERING LINE NEAR SEMINOLE, TEXAS IN GAINES COUNTY, TEXAS. THE LANDOWNER NOTIFIED CENTURION PIPELINE L.P. (CPL), AND CPL IMMEDIATELY DISPATCHED A COMPANY EMPLOYEE TO THE LOCATION. ON MARCH 28, 2021, AT APPROXIMATELY 16:17 CST, CPL RESOURCES ARRIVED ON-SITE AND DETERMINED THE SOURCE OF THE LEAK TO BE THE RILEY 4"" WTS PIPELINE. CPL PROMPTLY ISOLATED THE LEAK AND BEGAN CLEAN UP EFFORTS. HOWEVER, TWO (2) BARRELS OF CRUDE OIL WERE RELEASED. CPL REPLACED THE CONTAMINATED SOIL WITH CLEAN SOIL AND REMEDIATED THE CONTAMINATED SOIL OFF SITE. NO INJURIES, FATALITIES, OR FIRES WERE ASSOCIATED WITH THIS INCIDENT.    DURING THE ROOT CAUSE ANALYSIS, CPL DETERMINED THE CAUSE OF LEAK TO BE EXTERNAL CORROSION ON THE BARE STEEL PIPELINE. UPON EXCAVATION, CPL IDENTIFIED THE EXTERNAL CORROSION DAMAGE EXTENDED BEYOND THE IMMEDIATE LEAK LOCATION AND REPLACED THE DAMAGED SECTION WITH 84 FEET OF PIPE COATED WITH FUSION BONDED EPOXY (FBE)."
4/9/2021	2021	20210030	35158	ORIGINAL FINAL	32619	HILAND CRUDE, LLC	1001 LOUISIANA ST, SUITE 1000 	HOUSTON	TX	77002	3/10/2021 10:55	CENTRAL	NO	48.083	-103.3803	CRUDE OIL			3.2		3.2	NO						0	NO						0	LOCAL OPERATING PERSONNEL, INCLUDING CONTRACTORS		OPERATOR EMPLOYEE	3/10/2021 10:55	ONSHORE	NO			3/10/2021 10:55		NRC NOTIFICATION NOT REQUIRED		NO						NO	NO			0	ND	EPPING	WILLIAMS	NO	PIPELINE RIGHT-OF-WAY	NO																					OTHER			OVERFILL OF VAC TRUCK		MATERIAL OTHER THAN CARBON STEEL	VAC TRUCK VESSEL		REPORTING-REGULATED GATHERING	NO				YES	NO	YES			YES			NO									0	160	0	0	2256	650	LAB ANALYSIS FOR PROPER DISPOSAL AND DISPOSAL FEES AT KM APPROVED DISPOSAL SITE	3066	0	0	0	0	INCORRECT OPERATION	EQUIPMENT NOT INSTALLED PROPERLY	SHELLEY DIETZ	PIPELINE ENGINEER	shelley_dietz@kindermorgan.com						DURING A ROUTINE PIGGING MAINTENANCE ACTIVITY INVOLVING CORROSION INHIBITOR INJECTION, A HILAND CRUDE, LLC. (HC) OPERATOR CHANGED THE CONNECTION POINT FROM A HOT OIL TRUCK TO A 2IN VALVE LOCATED ON THE PIG LAUNCHER AT THE WELL PAD. FLOW FROM THE PIPELINE ENTERED THE VAC-TRUCK THROUGH THIS CONNECTION POINT UPON THE OPENING OF THE 2IN VALVE. THE VAC-TRUCK WAS ALREADY NEAR FULL CAPACITY  AND THIS ACTION QUICKLY OVERFILLED THE TRUCK. A SECOND HC OPERATOR WITNESSED THE TANK OVERFLOWING AND IMMEDIATELY HAD THE FIRST OPERATOR TO SHUT THE 2IN VALVE AND PERFORMED STOP WORK. A TOTAL OF 3.2BBLS OF CRUDE OIL WAS RELEASE FROM THE PIPELINE; HOWEVER, THE ENTIRE PRODUCT WAS RECOVERED.    IN ORDER TO PREVENT THIS ACCIDENT FROM RECURRENCE, HC WILL IMPLEMENT A THOROUGH REVIEW OF SITE SPECIFIC AND WORK PLAN PROCEDURES PRIOR TO COMMENCE ANY SIMILAR PROJECTS, EMPHASIZING THE PROJECT RISK ASSESSMENT AND OPERATOR TRAINING.    THIS RELEASE OCCURRED FROM A REPORTING-REGULATED-GATHERING LINE THAT FALLS UNDER 195.15 CRITERIA. NO NRC NOTIFICATION WAS REQUIRED DUE TO THE EXCEPTION OUTLINED IN 49 CFR 195.15(C)(2); HOWEVER, A 30 DAY ACCIDENT REPORT IS REQUIRED PER 195.15.
3/31/2021	2021	20210029	35188	SUPPLEMENTAL FINAL	40136	IRONWOOD GARDENDALE PIPELINE, LLC	15727 ANTHEM PARKWAY STE 510 	SAN ANTONIO	TX	78249	3/4/2021 9:00	CENTRAL	YES	28.4772	-99.4694	CRUDE OIL			0.3		0	NO						0	NO						0	LOCAL OPERATING PERSONNEL, INCLUDING CONTRACTORS		CONTRACTOR WORKING FOR THE OPERATOR	3/4/2021 9:00	ONSHORE	NO			3/4/2021 9:00		NRC NOTIFICATION NOT REQUIRED		NO						NO	NO			0	TX	NA	DIMMIT	NO	TOTALLY CONTAINED ON OPERATOR-CONTROLLED PROPERTY	NO																					OTHER			VALVE		CARBON STEEL		10.3	REPORTING-REGULATED GATHERING	NO				YES	NO	NO						NO									0	20	3000	0	500	0		3520	0	0	0	0	EQUIPMENT FAILURE	FAILURE OF EQUIPMENT BODY (EXCEPT PUMP), TANK PLATE, OR OTHER MATERIAL	CHRIS WILLIAMS	SR. PIPELINE COMPLIANCE PROFESSIONAL	chris.williams@flatrockenergy.net	806-759-6499		GERON HENDRICKSON	geron.hendrickson@ironwoodmidstream.com	210-840-6622	ON MARCH 04, 2021, AT APPROXIMATELY 09:00, CONTRACTORS WORKING ON ROW FOR IRONWOOD FOUND A VALVE THAT IS AT A PLANNED FUTURE SITE TO BE SEEPING CRUDE FROM THE GEAR BOX ON THE VALVE. THE AFFECTED VALVE IS PART OF A NON-REGULATED GATHERING SYSTEM OPERATED BY IRONWOOD MIDSTREAM. THE VALVE DOES NOT SEEP OR LEAK ANY CRUDE WHILE THE SYSTEM IS OPERATING AT NORMAL PRESSURES ONLY WHEN THE SYSTEM IS SHUT-IN. THE SYSTEM HAD BEEN PREVIOUSLY SHUT-IN DUE TO WINTER STORM URI AND IT IS BELIEVED THAT AT SOME POINT AFTER THAT IT SEEPED APPROXIMATELY .24 BARRELS OF CRUDE FROM THE VALVES GEAR BOX. AT THE TIME OF DISCOVERY, THE VALVE WAS NOT SEEPING AND HAD NO APPARENT DAMAGE OR DEFECT. A VALVE MAINTENANCE TECHNICIAN WAS NOTIFIED AND COULD NOT FIND ANY ISSUES WITH THE VALVE AT THE TIME. IRONWOOD OPERATIONS DECIDED TO REPLACE THE VALVE AS A PRECAUTION TO PREVENT A RE-OCCURRENCE OF THE RELEASE.
3/30/2021	2021	20210028	35180	SUPPLEMENTAL FINAL	32099	ENERGY TRANSFER COMPANY	1300 MAIN STREET 	HOUSTON	TX	77002	3/2/2021 11:38	CENTRAL	NO	32.268691	-103.618306	CRUDE OIL			37.1		37.1	NO						0	NO						0	OTHER	LOCAL PRODUCER		3/2/2021 11:38	ONSHORE	NO			3/2/2021 12:15		NRC NOTIFICATION NOT REQUIRED		NO						NO	NO			0	NM	JAL	LEA	NO	TOTALLY CONTAINED ON OPERATOR-CONTROLLED PROPERTY	NO																					PIPE	PIPE BODY			6	CARBON STEEL		4	REPORTING-REGULATED GATHERING	NO				YES	NO	YES			YES			NO									0	1855	13000	1000	34000	0		49855	0	0	0	0	CORROSION FAILURE	INTERNAL CORROSION	CHRISTOPHER PALAFOX	REGULATORY COMPLIANCE SPECIALIST	christopher.palafox@energytransfer.com	713-989-4464		CHRISTOPHER PALAFOX	christopher.palafox@energytransfer.com	713-989-4464	ON MARCH 2, 2021 AT APPROXIMATELY 11:38 A LOCAL PRODUCER DISCOVERED A CRUDE OIL LEAK NEAR THE TRISTE DRAW 30 6 INCH LATERAL PIPELINE AND CALLED COMPANY OPERATIONS PERSONNEL. AT APPROXIMATELY 12:15 COMPANY PERSONNEL ARRIVED ONSITE AND CONFIRMED THAT THE LEAK WAS FROM THE TRISTE DRAW 30 6INCH LATERAL PIPELINE, A NON-REGULATED GATHERING PIPELINE ON THE SHURVESA GATHERING SYSTEM, AND SECURED THE LEAK. AT 12:30 A THIRD PARTY COMPANY WAS CALLED TO CLEAN UP ALL FREE PRODUCT AND REMEDIATE THE SOIL.  THE CAUSE OF THE LEAK WAS CAUSED BY INTERNAL CORROSION. THE TRISTE LINE HAS BEEN ISOLATED FROM THE PRODUCER WITH SKILLET BLINDS AND WILL NOT RETURN TO SERVICE UNTIL FURTHER NOTICE. ETC IS WORKING WITH PRODUCER TO PUT BATTERY VOLUMES ON TRUCKS RATHER THAN PIPELINE DUE TO VERY LOW VOLUMES.
3/29/2021	2021	20210027	35098	ORIGINAL FINAL	26085	PLAINS MARKETING, L.P.	333 CLAY STREET, SUITE 1900 	HOUSTON	TX	77002	2/27/2021 12:00	CENTRAL	NO	32.09855	-101.41144	CRUDE OIL			0.4		0.2	NO						0	NO						0	AIR PATROL		CONTRACTOR WORKING FOR THE OPERATOR	2/28/2021 12:06	ONSHORE	NO			2/28/2021 13:05		NRC NOTIFICATION NOT REQUIRED		NO						NO	YES	2/28/2021 13:10	2/28/2021 14:25	0	TX	FORSAN	HOWARD	NO	PIPELINE RIGHT-OF-WAY	NO																					JOINT, INCLUDING HEAT-AFFECTED ZONE		PIPE GIRTH JOINT		3	CARBON STEEL		2.5	REPORTING-REGULATED GATHERING	NO				YES	NO	NO						NO									0	25	2500	1200	0	0		3725	0	0	0	0	NATURAL FORCE DAMAGE	TEMPERATURE	NICOLAS GONZALEZ	HSE COMPLIANCE SPECIALIST	nagonzalez@paalp.com	7136464376		NICOLAS GONZALEZ	nagonzalez@paalp.com	7136464376	"APPROXIMATELY 17 GALLONS OF CRUDE OIL WERE RELEASED FROM THE SETTLES WEST 3"" INCH PIPELINE.  THE DATE AND TIME OF THE RELEASE (PART A Q4) IS INDICATIVE OF THE EARLIEST POSSIBLE TIME THE RELEASE COULD HAVE STARTED, AS IT WAS THE LAST TIME THE SEGMENT HAD BEEN INSPECTED.  THE CAUSE OF THE RELEASE FROM THE PIPE-GIRTH JOINT WAS ATTRIBUTED TO NATURAL FORCE DAMAGE AS A RESULT OF COLD TEMPERATURES.  TO PREVENT FUTURE RELEASES, PLAINS REPLACED THIS SECTION OF PIPE WITH NEW WELDS AND FITTINGS, AND ADDED COATING."
3/25/2021	2021	20210026	35083	ORIGINAL FINAL	39348	NUSTAR PERMIAN TRANSPORTATION AND STORAGE, LLC	19003 IH-10 WEST  	SAN ANTONIO	TX	78257	2/23/2021 10:55	CENTRAL	NO	32.27968	-101.88682	CRUDE OIL			242		235	NO						0	NO						0	LOCAL OPERATING PERSONNEL, INCLUDING CONTRACTORS		OPERATOR EMPLOYEE	2/23/2021 10:55	ONSHORE	NO			2/23/2021 10:55		NRC NOTIFICATION NOT REQUIRED		NO						NO	NO			0	TX	LENORAH	MARTIN	NO	ORIGINATED ON OPERATOR-CONTROLLED PROPERTY, BUT THEN FLOWED OR MIGRATED OFF THE PROPERTY	NO																					OTHER			TANK		CARBON STEEL		0.01	REPORTING-REGULATED GATHERING	NO				YES	NO	YES			YES			NO									0	431	0	14527	3630	0		18588	0	0	0	0	INCORRECT OPERATION	TANK, VESSEL, OR SUMP/SEPARATOR ALLOWED OR CAUSED TO OVERFILL OR OVERFLOW	ALONSO RODRIGUEZ	MANAGER PIPELINE SAFETY	alonso.rodriguez@nustarenergy.com	8063360712		JAMES ROBERTSON	james.robertson@nustarenergy.com	18063711304	A NUSTAR OPERATOR DISCOVERED A LEAK AT THE CQ TARZAN CDP. THE TANK AT THIS LOCATION HAD OVERFILLED AND RELEASED CRUDE OIL ONTO THE GROUND DUE TO LOSS OF COMMUNICATIONS.��    THE INVESTIGATION DETERMINED THAN AN EMPLOYEE DISABLED THE POWER TO THE SITE AS PART OF ADVERSE WEATHER PREPARATIONS.��PRIOR TO STARTING THE SYSTEM BACK UP, THE NUSTAR EMPLOYEE FAILED TO RESTORE THE POWER TO THE PLC.��THE PLC AT THIS SITE IS EQUIPPED WITH A BATTERY BACKUP SYSTEM THAT ALLOWED THE PLC TO COMMUNICATE TEMPORARILY FOLLOWING START-UP. POST STARTUP, POWER TO THE PLC WAS LOST WHICH RESULTED IN LOSS OF COMMUNICATIONS TO THE CONTROL ROOM. THE SOIL REMEDIATION IS ONGOING. �
3/19/2021	2021	20210023	35289	SUPPLEMENTAL FINAL	30829	ENTERPRISE CRUDE PIPELINE LLC	1100 LOUISIANA STREET 	HOUSTON	TX	77002	2/22/2021 12:30	CENTRAL	NO	32.1623	-102.1507	CRUDE OIL			80		80	NO						0	NO						0	OTHER	THE PRODUCER PERSONNEL NOTIFIED OPERATOR		2/22/2021 13:00	ONSHORE	NO			2/22/2021 13:00		NRC NOTIFICATION NOT REQUIRED		NO						NO	NO			0	TX	N/A	MARTIN	NO	PIPELINE RIGHT-OF-WAY	NO																					PIPE	PIPE BODY			4	MATERIAL OTHER THAN CARBON STEEL	HIGH DENSITY POLYETHYLENE		REPORTING-REGULATED GATHERING	NO				YES	NO	YES			YES			NO									5000	5165	200000	42000	0	0		252165	0	0	0	0	MATERIAL FAILURE OF PIPE OR WELD	DESIGN-, CONSTRUCTION-, INSTALLATION-, OR FABRICATION-RELATED	YAROSLAV BIL	PIPELINE COMPLIANCE ENGINEER	ybil@eprod.com	713-381-5650		YAROSLAV BIL	ybil@eprod.com	713-381-5650	ON 2/22/2021 AT 12:30 PM, A THIRD PARTY PRODUCER NOTIFIED AN ENTERPRISE TECHNICIAN OF THE CRUDE OIL SPOT ON LID C95A RIGHT OF WAY.  UPON ARRIVAL, THE TECHNICIAN SHUT DOWN AND ISOLATED THE PIPELINE. ALL SOIL WAS REMEDIATED, AND THE FAILED SEGMENT WAS CUT OUT AND REPLACED. THE FAILURE WAS DUE TO DAMAGE SUSTAINED ON THE PIPE WHEN BACKFILLING DURING CONSTRUCTION.
3/23/2021	2021	20210025	35065	ORIGINAL FINAL	39348	NUSTAR PERMIAN TRANSPORTATION AND STORAGE, LLC	19003 IH-10 WEST  	SAN ANTONIO	TX	78257	2/21/2021 10:10	CENTRAL	NO	31.71014	-102.12163	CRUDE OIL			0.34		0.34	NO						0	NO						0	LOCAL OPERATING PERSONNEL, INCLUDING CONTRACTORS		OPERATOR EMPLOYEE	2/21/2021 10:10	ONSHORE	NO			2/21/2021 10:10		NRC NOTIFICATION NOT REQUIRED		NO						NO	NO			0	TX	MIDLAND	MIDLAND	NO	TOTALLY CONTAINED ON OPERATOR-CONTROLLED PROPERTY	NO																					PIPE	PIPE BODY			8.625	CARBON STEEL		1.91	REPORTING-REGULATED GATHERING	NO				YES	NO	NO						NO									0	19	5620	0	472	0		6111	0	0	0	0	CORROSION FAILURE	INTERNAL CORROSION	ALONSO RODRIGUEZ	MANAGER PIPELINE SAFETY	alonso.rodriguez@nustarenergy.com	8063360712		JAMES ROBERTSON	james.robertson@nustarenergy.com	18063711304	A NUSTAR EMPLOYEE DISCOVERED A LEAK AT THE CONCHO WINDHAM TXL SITE. A PINHOLE WAS DISCOVERED ON THE 6 O'CLOCK POSITION OF THE PIG LAUNCHER. THE LAUNCHER WAS ISOLATED, DRAINED DOWN, AND REMOVED FOR REPAIR. THE CONTAMINATED SOIL WAS PLACED INTO A DRUM.
3/17/2021	2021	20210020	35016	ORIGINAL FINAL	32619	HILAND CRUDE, LLC	1001 LOUISIANA ST, SUITE 1000 	HOUSTON	TX	77002	2/20/2021 16:55	CENTRAL	NO	48.077459	-102.613639	CRUDE OIL			32.9		32.9	NO						0	NO						0	OTHER	PRODUCER ALARM THAT OUR FACILITIES WERE UNAVAILABLE FOR DELIVERY.		2/20/2021 17:13	ONSHORE	NO			2/20/2021 17:13		NRC NOTIFICATION NOT REQUIRED		NO						NO	NO			0	ND	NEW TOWN	MOUNTRAIL	YES	TOTALLY CONTAINED ON OPERATOR-CONTROLLED PROPERTY	NO																					OTHER			ANSI #150 FLANGE BOLTS/SUCTION DAMPENER.		CARBON STEEL		30	REPORTING-REGULATED GATHERING	NO				NO	NO	NO						NO									0	0	1000	12990	6600	0		20590	0	0	0	0	EQUIPMENT FAILURE	NON-THREADED CONNECTION FAILURE	STEPHEN R. DINES	ENGINEER	stephen_dines@kindermorgan.com	(719) 351-4199		TYLER HENGEL	tyler_hengel@kindermorgan.com	(701) 269-4745	ON FEBRUARY 20, AT 16:55 LOCAL TIME, HILAND CRUDE, LLC RECEIVED NOTICE OF A 32.9 BBL CRUDE OIL SPILL AT THE CORSICAN CENTRAL TANK BATTERY, OPERATED BY CONTINENTAL RESOURCES IN MOUNTRAIL COUNTY, NORTH DAKOTA. THE RELEASE WAS ENTIRELY CONTAINED IN THE PRODUCER'S LINED CONTAINMENT.  THE SPILL RESULTED FROM A FAILURE OF TWO ANSI 150 FLANGE BOLTS ON THE HILAND CRUDE, LLC SUCTION DAMPENER DOWNSTREAM OF THE LEASE AUTOMATIC CUSTODY TRANSFER (LACT). THE SUCTION PRESSURE AT THE TIME OF THE RELEASE WAS ESTIMATED TO BE 60-65 PSIG.  THE ANSI 150 PIPING HAD ADEQUATE THERMAL RELIEF AND WAS OPERATING NORMALLY PRIOR TO THE RELEASE. NO INJURIES REPORTED AND HILAND CRUDE, LLC RECOVERED ALL RELEASED PRODUCT.      INVESTIGATION OF THE CAUSE OF THE EVENT DETERMINED THAT VIBRATION FROM THE SUCTION DAMPENER BROKE TWO MOUNTING BOLTS ON THE UNIT CAUSING A LEAK OF CRUDE OIL.  THE APPARENT CAUSE OF THE VIBRATION WAS THE INADEQUATE INSPECTION OF INTERNAL SOFT GOODS (I.E., BLADDER/SEALS) WITHIN THE SUCTION DAMPENER.  WHEN THE SOFT GOODS FAILED, THIS CAUSED THE UNIT TO BEGIN VIBRATING BREAKING TWO OF THE FOUR MOUNTING BOLTS.  THE SUCTION DAMPENER WAS REPAIRED AND RETURNED TO SERVICE.  HILAND CRUDE, LLC HAS INITIATED A REVIEW OF SIMILAR DEVICES AT OTHER LOCATIONS TO IDENTIFY AND CORRECT ANY VIBRATION ISSUES.
4/27/2021	2021	20210036	35218	ORIGINAL FINAL	39606	CR PERMIAN CRUDE LLC	303 VETERANS AIRPARK LANE, SUITE 2000 	MIDLAND	TX	79705	2/20/2021 16:18	CENTRAL	NO	31.58955	-103.54805	CRUDE OIL			2600		2600	NO						0	NO						0	LOCAL OPERATING PERSONNEL, INCLUDING CONTRACTORS		OPERATOR EMPLOYEE	2/20/2021 16:18	ONSHORE	YES	OPERATOR	2/22/2021 9:45	2/20/2021 17:30		NRC NOTIFICATION NOT REQUIRED		NO						NO	NO			0	TX	NOT WITHIN A MUNICIPALITY	REEVES	NO	PIPELINE RIGHT-OF-WAY	NO																					OTHER			VALVE		CARBON STEEL		0.048	REPORTING-REGULATED GATHERING	NO				YES	NO	YES			YES	YES		NO									20000	143000	2200	1000	106925	0		273125	0	0	0	0	NATURAL FORCE DAMAGE	TEMPERATURE	KEVIN RITCH	PIPELINE SAFETY COMPLIANCE SPECIALIST	kritch@eagleclawmidstream.com	2144783969					SYSTEM WAS IMPACTED BY COLD WEATHER AND ELECTRICAL OUTAGES.  CR PERMIAN CRUDE(CR) PERFORMED A GROUND PATROL 2/19/2021 PRIOR TO RESTARTING THE SYSTEM AND JUST SO HAPPENED OUR AERIAL PATROL ALSO FLEW THAT DAY.  THE SYSTEM STARTED FLOWING 2/19/2021 AND CR RECEIVED NOTIFICATION FROM THE PRODUCERS' PUMPER WHO HAD BEEN NOTIFIED BY THEIR AERIAL PATROL, ON 2/20/201 THAT THERE WAS A VALVE LEAKING.  A CR OPERATOR WENT TO THE LOCATION AND ISOLATED THE LINE SEGMENT AND CONTACTED THE CR ENVIRONMENTAL CONTACT.  A VACUUM TRUCK WAS CALLED AND RECOVERED APPROXIMATELY 40 BARRELS OF CRUDE.  THE SPILL AREA WOUND UP BEING APPROXIMATELY 6 ACRES AND THE AREA HAS BEEN REMEDIATED AND RESEEDED.