REPORT_RECEIVED_DATE	IYEAR	REPORT_NUMBER	SUPPLEMENTAL_NUMBER	REPORT_TYPE	OPERATOR_ID	NAME	OPERATOR_STREET_ADDRESS	OPERATOR_CITY_NAME	OPERATOR_STATE_ABBREVIATION	OPERATOR_POSTAL_CODE	LOCAL_DATETIME	TIME_ZONE	DAYLIGHT_SAVINGS_IND	LOCATION_LATITUDE	LOCATION_LONGITUDE	COMMODITY_RELEASED_TYPE	COMMODITY_SUBTYPE	COMMODITY_DETAILS	UNINTENTIONAL_RELEASE_BBLS	INTENTIONAL_RELEASE_BBLS	RECOVERED_BBLS	FATALITY_IND	NUM_EMP_FATALITIES	NUM_CONTR_FATALITIES	NUM_ER_FATALITIES	NUM_WORKER_FATALITIES	NUM_GP_FATALITIES	FATAL	INJURY_IND	NUM_EMP_INJURIES	NUM_CONTR_INJURIES	NUM_ER_INJURIES	NUM_WORKER_INJURIES	NUM_GP_INJURIES	INJURE	ACCIDENT_IDENTIFIER	ACCIDENT_DETAILS	OPERATOR_TYPE	INCIDENT_IDENTIFIED_DATETIME	ON_OFF_SHORE	COMMUNICATION_STATE_FED_IND	PARTY_INITIATED_COMMUNICATION	INITIAL_RESPONDER_COM_DATETIME	ON_SITE_DATETIME	NRC_RPT_DATETIME	NRC_RPT_NUM	ADDITIONAL_NRC_REPORT_NUMBERS	IGNITE_IND	IGNITE_DATETIME	HOW_EXTINGUISHED	HOW_EXTINGUISHED_OTHER_DETAIL	PRODUCT_CONSUMED_BY_FIRE_BBLS	EXPLODE_IND	OIL_SPILL_RESP_PLAN_IND	OSRO_MOBILIZED_IND	OSRO_OPERATOR_NOTIFIED_DT	OSRO_ARRIVED_ON_SITE_DT	NUM_PUB_EVACUATED	ONSHORE_STATE_ABBREVIATION	ONSHORE_CITY_NAME	ONSHORE_COUNTY_NAME	FEDERAL	LOCATION_TYPE	CROSSING	BRIDGE_CROSSING_IND	BRIDGE_TYPE	RAILROAD_CROSSING_IND	RAILROAD_TYPE	ROAD_CROSSING_IND	ROAD_TYPE	WATER_CROSSING_IND	WATER_TYPE	WATER_NAME	WATER_DEPTH	WATER_SUBTYPE	YEAR_RECENT_ENG_EVALUATION	OFF_ACCIDENT_ORIGIN	OFFSHORE_STATE_ABBREVIATION	OFF_INSTATE_AREA	OFF_INSTATE_BLOCK	OFFSHORE_COUNTY_NAME	OCS_TYPE	OFF_OCS_AREA	OFF_OCS_BLOCK	ITEM_INVOLVED	PIPE_TYPE	JOINT_SUBTYPE	ITEM_INVOLVED_DETAILS	PIPE_DIAMETER	MATERIAL_INVOLVED	MATERIAL_DETAILS	PERCENT_PIPE_SMYS	CLASSIFICATION_PIPELINE_SYSTEM	WILDLIFE_IMPACT_IND	FISH_AQUATIC_IMPACT_IND	BIRDS_IMPACT_IND	TERRESTRIAL_IMPACT_IND	SOIL_CONTAMINATION	LONG_TERM_ASSESSMENT	REMEDIATION_IND	SURFACE_WATER_REMED_IND	GROUNDWATER_REMED_IND	SOIL_REMED_IND	VEGETATION_REMED_IND	WILDLIFE_REMED_IND	WATER_CONTAM_IND	OCEAN_SEAWATER_IND	SURFACE_CONTAM_IND	GROUNDWATER_CONTAM_IND	DRINKING_WATER_CONTAM_IND	PRIVATE_WELL_CONTAM_IND	PUBLIC_WATER_CONTAM_IND	AMOUNT_RELEASED_BBLS	REL_WATER_NAME	EST_COST_OPER_PAID	EST_COST_GAS_RELEASED	EST_COST_PROP_DAMAGE	EST_COST_EMERGENCY	EST_COST_ENVIRONMENTAL	EST_COST_OTHER	EST_COST_OTHER_DETAILS	PRPTY	NUM_PERSONS_HOSP_NOT_OVNGHT	NUM_INJURED_TREATED_BY_EMT	NUM_RESIDENT_BUILDING_AFFCTD	NUM_BUSINESS_BUILDING_AFFCTD	CAUSE	CAUSE_DETAILS	PREPARER_NAME	PREPARER_TITLE	PREPARER_EMAIL	PREPARER_TELEPHONE	PREPARER_FAX	LOCAL_CONTACT_NAME	LOCAL_CONTACT_EMAIL	LOCAL_CONTACT_TELEPHONE	NARRATIVE
3/2/2021	2021	20210012	35478	SUPPLEMENTAL FINAL	31878	BRIDGER PIPELINE LLC	455 N. POPLAR ST. 	CASPER	WY	82602	2/2/2021 14:15	MOUNTAIN	NO	47.51705	-102.85477	CRUDE OIL			260		260	NO						0	NO						0	LOCAL OPERATING PERSONNEL, INCLUDING CONTRACTORS		OPERATOR EMPLOYEE	2/2/2021 14:15	ONSHORE	YES	OPERATOR	2/3/2021 8:24	2/2/2021 14:15		NRC NOTIFICATION NOT REQUIRED		NO						YES	NO			0	ND	KILLDEER	DUNN COUNTY	NO	ORIGINATED ON OPERATOR-CONTROLLED PROPERTY, BUT THEN FLOWED OR MIGRATED OFF THE PROPERTY	NO																					PIPE	PIPE BODY			6.625	CARBON STEEL		9.25	REPORTING-REGULATED GATHERING	NO				YES	NO	NO						NO									2000	600	500	43100	0	0		46200	0	0	0	0	INCORRECT OPERATION	PIPELINE OR EQUIPMENT OVERPRESSURED	KEVIN PENA	PIPELINE COMPLIANCE COORDINATOR	kevin.pena@truecos.com	4066873304					"ON FEBRUARY 2, 2021, AT 2:15 PM, OPERATOR PERSONNEL WERE TRAVELING NEAR THE BRANDVICK STATION LOCATION WHEN THEY NOTICED CRUDE OIL ON THE RIGHT OF WAY.  SUPERVISORS WERE IMMEDIATELY NOTIFIED AND ACTIONS WERE TAKEN TO SHUT IN THE FACILITIES ON SITE.  THE LEAK WAS ISOLATED AT APPROXIMATELY 2:21 PM, AND RESOURCES WERE BROUGHT TO THE SITE TO COMPLETE REMEDIATION.    A SECTION OF 6"" ABOVE GROUND PIPING WAS FOUND TO BE THE SOURCE OF THE SPILL, AND A TOTAL OF 11' OF PIPE WAS REMOVED.  TWO 6"" - 600# BLIND FLANGES WERE INSTALLED, AND ARE CURRENTLY STILL IN PLACE.  THE DAMAGED PIPE WAS TRANSPORTED TO COMPANY HEADQUARTERS AND WILL BE SUBJECT TO ADDITIONAL ANALYSIS TO IDENTIFY THE ROOT CAUSE OF THE FAILURE.    NOTE: FURTHER ANALYSIS CONFIRMED THAT THE SECTION OF ISOLATED ABOVE GROUND PIPING FAILED FROM OVERPRESSURIZATION.    THE RELEASE DID NOT IMPACT SURFACE WATER, GROUND WATER, OR WILDLIFE.  CONTAMINATED SOILS WERE EXCAVATED AND REPLACED WITH CLEAN FILL DIRT. THOSE SOILS WILL BE DISPOSED OF IN ACCORDANCE WITH NORTH DAKOTA DEQ REQUIREMENTS."
2/9/2021	2021	20210006	34831	ORIGINAL FINAL	32099	ENERGY TRANSFER COMPANY	1300 MAIN STREET 	HOUSTON	TX	77002	1/26/2021 11:38	CENTRAL	NO	32.20703	-103.452612	CRUDE OIL			3		3	NO						0	NO						0	LOCAL OPERATING PERSONNEL, INCLUDING CONTRACTORS		OPERATOR EMPLOYEE	1/26/2021 11:20	ONSHORE	NO			1/26/2021 11:45		NRC NOTIFICATION NOT REQUIRED		NO						NO	NO			0	NM	JAL	LEA	NO	TOTALLY CONTAINED ON OPERATOR-CONTROLLED PROPERTY	NO																					PIPE	PIPE BODY			8.625	CARBON STEEL		2	REPORTING-REGULATED GATHERING	NO				YES	NO	YES			YES			NO									0	250	25000	0	20000	0		45250	0	0	0	0	CORROSION FAILURE	INTERNAL CORROSION	CHRISTOPHER PALAFOX	SPECIALIST REGULATORY COMPLIANCE	christopher.palafox@energytransfer.com	7139894464					ON JANUARY 26, 2021 AT APPROXIMATELY 11:20 AT THE LEA STATION, A COMPANY EMPLOYEE NOTICED A RELEASE DURING HIS DAILY CHECKS.  AT 11:38 THE SPILL WAS CONFIRMED THAT CRUDE OIL WAS LEAKING FROM THE CG105 CIMAREX TRUNKLINE 8 INCH (NON-REGULATED GATHERING LINE) ON THE SHURVESA GATHERING SYSTEM. THE CONTROL CENTER SHUT DOWN ALL LACT UNITS ON THE SHURVESA SYSTEM. A THIRD PARTY WAS CALLED IN TO PICK UP ALL FREE PRODUCT AND THE SOIL WAS REMEDIATED. IT WAS DETERMINED THAT INTERNAL CORROSION CAUSED THE LEAK AT THE 5:30 POSITION ON THE PIPE BODY. A PLIDCO CLAMP WAS INSTALLED ON THE AFFECTED PORTION OF THE PIPE. TO PREVENT FUTURE SPILLS, SAMPLING OF THE PRODUCT, INCREASE PIG RUNS AND ADDING ADDITIONAL CORROSION MONITORING WILL BE IMPLEMENTED. ON JANUARY 27, 2021 AT APPROXIMATELY 18:31 THE CONTROL CENTER STARTED THE LINE BACK UP AND BRING THE LACT UNITS BACK ONLINE SLOWLY. THE PLIDCO CLAMP WAS MONITORED THROUGH THE NIGHT TO ENSURE INTEGRITY OF THE CLAMP.
2/25/2021	2021	20210010	34915	ORIGINAL FINAL	1248	BELLE FOURCHE PIPELINE CO	455 N POPLAR ST. 	CASPER	WY	82602	1/26/2021 9:00	MOUNTAIN	NO	44.90565	-105.52335	CRUDE OIL			5		5	NO						0	NO						0	LOCAL OPERATING PERSONNEL, INCLUDING CONTRACTORS		OPERATOR EMPLOYEE	1/26/2021 9:00	ONSHORE	YES	OPERATOR	1/26/2021 13:20	1/26/2021 9:00		NRC NOTIFICATION NOT REQUIRED		NO						YES	NO			0	WY	WESTON	CAMPBELL	NO	PIPELINE RIGHT-OF-WAY	NO																					PIPE	PIPE BODY			6	CARBON STEEL		41	REPORTING-REGULATED GATHERING	NO				YES	NO	NO						NO									3000	260	5376	9403	0	0		18039	0	0	0	0	CORROSION FAILURE	INTERNAL CORROSION	DOUGLAS THACKER	COMPLIANCE COORDINATOR	doug.thacker@truecos.com	3072660320					ON JANUARY 26, 2021, AN OPERATIONS EMPLOYEE WAS RECORDING LACT METER READINGS AT TWO LOCATIONS IN THE AREA.  AT APPROXIMATELY 9:00 AM MST HE WAS COMING OUT OF THE LOCATIONS WHEN HE NOTICED CRUDE OIL ON THE RIGHT OF WAY.  HE IMMEDIATELY NOTIFIED SUPERVISORS AND INFORMED THEM THAT OIL WAS LOCATED ON OUR RIGHT OF WAY AND THEN BEGAN TO SHUT IN FACILITIES IN THE AREA.  A COMPANY ROUSTABOUT CREW WAS THEN CONTACTED AND RESPONDED TO THE RELEASE LOCATION AND CONTAINED IT.    ONCE THE RELEASE WAS CONTAINED, THE ROUSTABOUT CREW EXPOSED THE PIPELINE TO DETERMINE THE LOCATION OF THE LEAK AND SUBSEQUENTLY REPLACED A SECTION OF PIPE APPROXIMATELY 73 FT. IN LENGTH. THE LINE WAS THEN PLACED BACK INTO SERVICE.      INITIAL FIELD EXAMINATION OF THE REMOVED PIPE INDICATED THE RELEASE WAS DUE TO INTERNAL CORROSION.  THE REMOVED SECTION OF PIPE WILL NOT BE SUBMITTED FOR METALLURGICAL ANALYSIS; HOWEVER, INTERNAL INSPECTION OF THE PIPELINE WITH AN ILI TOOL IS PLANNED.    ALTHOUGH THE RELEASE WAS NOT REQUIRED TO BE REPORTED TO THE NRC OR THE STATE OF WYOMING, A COURTESY TELEPHONIC NOTIFICATION WAS MADE TO THE WYOMING DEQ SPILL COORDINATOR ADVISING THEM OF THE RELEASE.    THE RELEASE DID NOT IMPACT SURFACE WATER, GROUND WATER OR WILDLIFE; HOWEVER AN APPROXIMATE 120 FT. BY 30 FT. AREA OF SOILS WERE CONTAMINATED TO ABOUT 1 INCH IN DEPTH.  THE CONTAMINATED SOILS WERE EXCAVATED AND REPLACED WITH CLEAN FILL DIRT.  THE CONTAMINATED SOILS WILL BE DISPOSED OF IN ACCORDANCE WITH WYOMING DEQ REQUIREMENTS.
2/26/2021	2021	20210011	35011	SUPPLEMENTAL FINAL	32011	HOLLY ENERGY PARTNERS - OPERATING, L.P.	2828 N. HARWOOD SUITE 1300	DALLAS	TX	75201	1/25/2021 13:00	MOUNTAIN	NO	32.4925	-103.2564	CRUDE OIL			821		548.16	NO						0	NO						0	LOCAL OPERATING PERSONNEL, INCLUDING CONTRACTORS		OPERATOR EMPLOYEE	1/26/2021 10:55	ONSHORE	NO			1/26/2021 10:55	1/26/2021 11:50	1296745	1296838	NO						NO	NO			0	NM	NOT WITHIN A MUNICIPALITY	LEA	NO	ORIGINATED ON OPERATOR-CONTROLLED PROPERTY, BUT THEN FLOWED OR MIGRATED OFF THE PROPERTY	NO																					PIPE	PIPE BODY			6.625	CARBON STEEL		14	REPORTING-REGULATED GATHERING	NO				YES	NO	YES			YES	YES		NO									0	22675	4200	40000	26500	0		93375	0	0	0	0	CORROSION FAILURE	EXTERNAL CORROSION	BRIDGETTE TAYLOR	PIPELINE REGULATORY MANAGER	bridgette.taylor@hollyenergy.com	214-954-6652		BRIDGETTE TAYLOR	bridgette.taylor@hollyenergy.com	214-954-6652	"ON JANUARY 26, 2021, A FIELD TECHNICIAN WAS PERFORMING DAILY GAUGING ALONG THE 6"" EMSC TO MONUMENT LINE AND, UPON COMPLETING THEIR REPORT, IDENTIFIED AN IMBALANCE IN THEIR FINAL NUMBERS (BEING SHORT 821 BBLS). THE TECHNICIAN IMMEDIATELY BEGAN DRIVING THE LINE WHEN THEY CAME ACROSS THE POINT OF RELEASE. THE TECHNICIAN THEN CONTACTED BOTH THE CONTROL CENTER (IN ARTESIA, NM) AND THEIR IMMEDIATE SUPERVISOR AT APPX. 10:55 MST TO CONFIRM A PRODUCT RELEASE OF SOUR CRUDE. THE TECHNICIAN THEN BEGAN SHUTTING DOWN MOVS ALONG THE IMPACTED AREAS OF THE LINE; ALL OF WHICH WAS COMPLETED BY APPX. 11:52 MST. SHORTLY THEREAFTER, VAC TRUCKS BEGAN TO ARRIVE ONSITE TO START REMOVAL OF FREE LIQUIDS.     TO NOTE, WHILE THIS IS A NON-REGULATED ASSET, DUE TO INITIAL INTERPRETATION OF NEW LANGUAGE WITHIN 49 CFR 195.15 THAT TOOK EFFECT ON JANUARY 1, 2021; THIS INCIDENT WAS REPORTED TO THE NRC AT APPX. 11:50 MST. SUBSEQUENTLY, IT WAS CLARIFIED (BY DOT/PHMSA) THAT IMMEDIATE NOTIFICATION WAS NOT REQUIRED AND ONLY A 30-DAY WRITTEN REPORT WOULD NEED TO BE SUBMITTED. ADDITIONALLY, AT APPX. 12:36 MST, TELEPHONIC NOTIFICATION WAS ALSO MADE TO THE NEW MEXICO OIL CONVERSATION DISTRICT (NMOCD).    ROOT CAUSE IS DETERMINED TO BE AS A RESULT OF EXTERNAL CORROSION."
2/18/2021	2021	20210008	34877	ORIGINAL FINAL	31888	CENTURION PIPELINE L.P.	1300 MAIN STREET 	HOUSTON	TX	77002	1/22/2021 15:58	CENTRAL	NO	32.29922	-102.57645	CRUDE OIL			3		3	NO						0	NO						0	OTHER	THIRD PARTY OPERATOR PERSONNEL		1/22/2021 15:04	ONSHORE	NO			1/22/2021 15:58		NRC NOTIFICATION NOT REQUIRED		NO						YES	NO			0	TX	NOT WITHIN MUNICIPALITY	ANDREWS	NO	PIPELINE RIGHT-OF-WAY	NO																					PIPE	PIPE BODY			4	CARBON STEEL		0.01	REPORTING-REGULATED GATHERING	NO				YES	NO	YES			YES			NO									31	157	6506	1750	1626	0		10070	0	0	0	0	CORROSION FAILURE	INTERNAL CORROSION	JOSHUA MCCULLOCH	PROJECT ENGINEER	joshua_mcculloch@centurionpl.com	346-803-2869	713-215-7455				"ON JANUARY 22, 2021, AT APPROXIMATELY 15:04 CST, A THIRD PARTY OPERATOR EMPLOYEE DISCOVERED A POSSIBLE LEAK ON THE JAKE HAMON PARKER 4"" NON-REGULATED GATHERING LINE NEAR ANDREWS, TEXAS IN ANDREWS COUNTY, TEXAS. THE THIRD PARTY OPERATOR EMPLOYEE NOTIFIED CENTURION PIPELINE L.P. (CPL), AND CPL IMMEDIATELY DISPATCHED A COMPANY EMPLOYEE TO THE LOCATION. ON JANUARY 22, 2021, AT APPROXIMATELY 15:58 CST, CPL RESOURCES ARRIVED ON-SITE AND DETERMINED THE SOURCE OF THE LEAK TO BE THE JAKE HAMON PARKER 4"" PIPELINE. CPL PROMPTLY ISOLATED THE LEAK AND BEGAN CLEAN UP EFFORTS. HOWEVER, 3 BARRELS OF CRUDE OIL WERE RELEASED. CPL REMOVED THE CONTAMINATED SOIL AND PERFORMED THE REMEDIATION OFF SITE. NO INJURIES, FATALITIES, OR FIRES WERE ASSOCIATED WITH THIS INCIDENT.    DURING THE ROOT CAUSE FAILURE ANALYSIS, CPL DETERMINED THE CAUSE OF LEAK TO BE INTERNAL CORROSION DUE TO LIMITED FLOW. AS A RESULT, CPL WILL EVALUATE THE POTENTIAL FOR PURGING AND IDLING THIS PIPELINE. CPL BELIEVES IDLING THIS PIPELINE DUE TO LIMITED FLOW WILL PREVENT SIMILAR LEAKS IN THE FUTURE."
2/9/2021	2021	20210005	34830	ORIGINAL FINAL	32099	ENERGY TRANSFER COMPANY	1300 MAIN STREET 	HOUSTON	TX	77002	1/21/2021 12:45	CENTRAL	NO	32.3115885	-103.6377833	CRUDE OIL			3.6		3.6	NO						0	NO						0	LOCAL OPERATING PERSONNEL, INCLUDING CONTRACTORS		OPERATOR EMPLOYEE	1/21/2021 11:59	ONSHORE	NO			1/21/2021 14:08		NRC NOTIFICATION NOT REQUIRED		NO						NO	NO			0	NM	JAL	LEA	NO	PIPELINE RIGHT-OF-WAY	NO																					PIPE	PIPE BODY			6.625	CARBON STEEL		4	REPORTING-REGULATED GATHERING	NO				YES	NO	YES			YES			NO									0	300	25000	0	15000	0		40300	0	0	0	0	CORROSION FAILURE	INTERNAL CORROSION	CHRISTOPHER PALAFOX	SPECIALIST REGULATORY COMPLIANCE	christopher.palafox@energytransfer.com	713-989-4464					ON JANUARY 21, 2021 AT APPROXIMATELY 11:59 NEAR THE CUERVO LACT UNIT, A FIELD TECHNICIAN DISCOVERED A SPILL DURING HIS DAILY ROUNDS AND NOTIFIED OPERATIONS. OPERATIONS NOTIFIED THE CONTROL CENTER TO SHUT DOWN THE SHURVESA LACT UNITS. IT WAS CONFIRMED AT 12:45 THAT THE CRUDE OIL SPILL CAME FROM THE CG126 CIMAREX NM D9 ON THE SHURVESA GATHERING SYSTEM. THE LEAK WAS DUE INTERNAL CORROSION AT THE 6 O'CLOCK POSITION ON THE PIPE BODY. THE LEAK WAS ISOLATED BY DOWNSTREAM BLOCK VALVES AND A SKILLET BLIND FLANGE WAS INSTALLED TO ISOLATE FROM GATHERING SYSTEM. A PLIDCO CLAMP WAS INSTALLED ON THE AFFECTED SECTION OF PIPE. A THIRD-PARTY COMPANY WAS CALLED TO CLEAN UP ALL THE FREE PRODUCT AND REMEDIATE THE SOIL. AT 19:00 THE CONTROL CENTER RESTARTED THE SHURVESA SYSTEM. THE CG126 CIMAREX NM D9 WILL REMAIN OUT OF SERVICE AND ISOLATED FROM THE SHURVESA SYSTEM UNTIL A DETERMINATION FOR BEST PERMANENT REPAIR. TO PREVENT FURTHER SPILLS FROM THIS LINE, INSPECTIONS ARE BEING CONDUCTED ON THE AFFECTED SECTION AND ADDITIONAL 40 FEET ON EACH SIDE FOR ADDITIONAL ANOMALIES AND A HYDRO FORM SCAN WILL BE CONDUCTED TO DETERMINE THE BEST PERMANENT REPAIR.
2/19/2021	2021	20210009	35254	SUPPLEMENTAL FINAL	300	PLAINS PIPELINE, L.P.	333 CLAY STREET, SUITE 1900  	HOUSTON	TX	77002	1/21/2021 10:45	MOUNTAIN	NO	32.594895	-103.550685	CRUDE OIL			8		8	NO						0	NO						0	OTHER	NOTIFICATION FROM THIRD PARTY		1/21/2021 11:00	ONSHORE	NO			1/21/2021 11:00		NRC NOTIFICATION NOT REQUIRED		NO						NO	NO			0	NM	HOBBS	EDDY	NO	PIPELINE RIGHT-OF-WAY	NO																					JOINT, INCLUDING HEAT-AFFECTED ZONE		OTHER BUTT JOINT			MATERIAL OTHER THAN CARBON STEEL	POLYETHYLENE PIPE		REPORTING-REGULATED GATHERING	NO				YES	NO	NO						NO									0	210	5000	48000	60000	0		113210	0	0	0	0	MATERIAL FAILURE OF PIPE OR WELD	DESIGN-, CONSTRUCTION-, INSTALLATION-, OR FABRICATION-RELATED	NICOLAS GONZALEZ	HSE COMPLIANCE SPECIALIST	nagonzalez@paalp.com	7136464376		NICOLAS GONZALEZ	nagonzalez@paalp.com	7136464376	"APPROXIMATELY 8 BARRELS OF CRUDE OIL WERE RELEASED FROM THE HUDSON FEDERAL 4"" REPORTING-REGULATED-ONLY POLYETHYLENE PIPELINE.  THE CAUSE OF THE INCIDENT IS UNDER INVESTIGATION AND A SUPPLEMENTAL REPORT WILL BE SUBMITTED ONCE THE INVESTIGATION HAS BEEN COMPLETED.     SUPPLEMENTAL NARRATIVE:  THE CAUSE OF THE INCIDENT WAS DETERMINED TO BE A MATERIAL FAILURE OF THE WELD DURING ORIGINAL CONSTRUCTION.  TO PREVENT FUTURE RELEASES, PLAINS REPAIRED THE SECTION OF PIPING THAT FAILED."
2/12/2021	2021	20210007	34950	SUPPLEMENTAL FINAL	30829	ENTERPRISE CRUDE PIPELINE LLC	1100 LOUISIANA STREET 	HOUSTON	TX	77002	1/14/2021 11:00	CENTRAL	NO	32.1986	-103.5491	CRUDE OIL			0.12		0.12	NO						0	NO						0	LOCAL OPERATING PERSONNEL, INCLUDING CONTRACTORS		OPERATOR EMPLOYEE	1/14/2021 11:00	ONSHORE	NO			1/14/2021 11:00		NRC NOTIFICATION NOT REQUIRED		NO						NO	YES	1/14/2021 11:52	1/14/2021 13:30	0	NM	N/A	LEA	YES	TOTALLY CONTAINED ON OPERATOR-CONTROLLED PROPERTY	NO																					OTHER			VALVE		CARBON STEEL		0.04	REPORTING-REGULATED GATHERING	NO				YES	NO	YES			YES			NO									0	6	4000	5500	0	0		9506	0	0	0	0	INCORRECT OPERATION	OTHER INCORRECT OPERATION 	YAROSLAV BIL	PIPELINE COMPLIANCE ENGINEER	ybil@eprod.com	713-381-5650		YAROSLAV BIL	ybil@eprod.com	713-381-5650	ON 01/14/2021 AT 11:00 AM, A CONTRACTOR WAS AT THE BLUE KRAIT LACT SKID PERFORMING MAINTENANCE ON A VALVE ACTUATOR.  UPON REMOVAL OF THE VALVE STEM PACKING GLAND, THE PACKING EXPELLED FROM THE VALVE, CAUSING A SPRAY OF CRUDE OIL.  IT WAS DETERMINED THAT THE 3RD PARTY VALVE TECHNICIAN MAY NOT HAVE REFERENCED THE MANUFACTURER'S IOM (INSTALLATION, OPERATION, MAINTENANCE) MANUAL AND MISUNDERSTOOD THE DESIGN OF THE VALVE'S DESIGN BEING WORKED ON.  THE IOM CONTAINED A WARNING STATEMENT TO NOT REMOVE THE PACKING GLAND WHILE THE LINE IS UNDER PRESSURE.  THE LINE HAD APPROXIMATELY 95 PSIG OF PRESSURE AT THE TIME OF RELEASE.    THE LEAK WAS IMMEDIATELY ISOLATED AND CLEANED UP.  THE VALVE WAS REPAIRED AND THE SYSTEM WAS RETURNED TO SERVICE.     ALL SOIL WAS REMEDIATED. NO FREE LIQUID AVAILABLE FOR RECOVERY.
2/4/2021	2021	20210004	35194	SUPPLEMENTAL FINAL	1248	BELLE FOURCHE PIPELINE CO	455 N POPLAR ST. 	CASPER	WY	82602	1/11/2021 10:56	MOUNTAIN	NO	47.6013	-103.500958	CRUDE OIL			5		5	NO						0	NO						0	AIR PATROL		CONTRACTOR WORKING FOR THE OPERATOR	1/11/2021 10:56	ONSHORE	NO			1/11/2021 12:45		NRC NOTIFICATION NOT REQUIRED		NO						YES	NO			0	ND	WATFORD CITY	MCKENZIE COUNTY	NO	PIPELINE RIGHT-OF-WAY	NO																					PIPE	PIPE BODY			6	CARBON STEEL		2.05	REPORTING-REGULATED GATHERING	NO				YES	NO	YES			YES			NO									0	261	500	34500	0	0		35261	0	0	0	0	CORROSION FAILURE	INTERNAL CORROSION	KEVIN PENA	PIPELINE COMPLIANCE COORDINATOR	kevin.pena@truecos.com	4066873304					"ROUTINE AIR PATROL CALLED IN THE LEAK ON THE MORNING OF 01/11/2021 AT 10:56 AM MST, INCLUDING APPROXIMATE LATITUDE/LONGITUDE COORDINATES.  UPON REPORT OF THE LEAK, CONTACT WAS MADE WITH THE PUMPER, WHO WAS ABLE TO SHUT THE LINE DOWN BY 11:15 AM.  LOCAL COMPANY RESPONSE PERSONNEL ARRIVED AT APPROXIMATELY 12:45 PM ON THE SAME DAY.  FOLLOWING CONFIRMATION OF THE LINE ISOLATION, THE LINE WAS EXPOSED AND CLAMPED OVERNIGHT.  REPAIR OF THE LINE WAS COMPLETED USING PRE-TESTED PIPE ON 01/12/2021, AND THE LINE WAS RESTARTED AT APPROXIMATELY 4:00 PM ON THE AFTERNOON OF 01/13/2021.    THERE ARE NO CHANGES OR ADDITIONAL INFORMATION INCLUDED IN THE SUPPLEMENTAL REPORT.  THE ORIGINAL SUBMITTAL SHOULD HAVE ALSO BEEN CHECKED AS ""FINAL,"" BUT THAT SELECTION WAS INADVERTENTLY MISSED DURING THE INITIAL SUBMISSION."
2/3/2021	2021	20210003	34974	SUPPLEMENTAL FINAL	31888	CENTURION PIPELINE L.P.	1300 MAIN STREET 	HOUSTON	TX	77002	1/4/2021 11:50	CENTRAL	NO	33.38734	-101.44324	CRUDE OIL			20		15	NO						0	NO						0	AIR PATROL		CONTRACTOR WORKING FOR THE OPERATOR	1/4/2021 11:50	ONSHORE	NO			1/4/2021 12:50		NRC NOTIFICATION NOT REQUIRED		NO						YES	NO			0	TX	NOT WITHIN MUNICIPALITY	GARZA	NO	PIPELINE RIGHT-OF-WAY	NO																					PIPE	PIPE BODY			3	CARBON STEEL		8.3	REPORTING-REGULATED GATHERING	NO				YES	NO	YES			YES			NO									80	238	15000	2500	10000	0	REPLACEMENT PIPE FABRICATED, SCHEDULED FOR HYDRO, AND INSTALLATION SCHEDULED.	27818	0	0	0	0	CORROSION FAILURE	EXTERNAL CORROSION	JOSHUA MCCULLOCH	PROJECT ENGINEER	joshua_mcculloch@centurionpl.com	346-803-2869	713-215-7455				ON JANUARY 4, 2021, AT APPROXIMATELY 11:50 CST, AN AIR PATROL PILOT DISCOVERED A POSSIBLE LEAK ON THE FORBES TO SOUTHLAND 3'' NON-REGULATED GATHERING LINE NEAR POST, TEXAS IN GARZA COUNTY, TEXAS. THE AIR PATROL PILOT NOTIFIED CENTURION PIPELINE L.P. (CPL), AND CPL IMMEDIATELY DISPATCHED A COMPANY EMPLOYEE TO THE LOCATION. ON JANUARY 4, 2021, AT APPROXIMATELY 12:50 CST, CPL RESOURCES ARRIVED ON-SITE AND DETERMINED THE SOURCE OF THE LEAK TO BE THE FORBES TO SOUTHLAND 3'' PIPELINE. CPL PROMPTLY ISOLATED THE LEAK AND BEGAN CLEAN UP EFFORTS. HOWEVER, 20 BARRELS OF CRUDE OIL WERE RELEASED. CPL RECOVERED 15 BARRELS OF CRUDE OIL IN LIQUID FORM AND REMEDIATED THE CONTAMINATED SOIL ON SITE. NO INJURIES, FATALITIES, OR FIRES WERE ASSOCIATED WITH THIS INCIDENT.    AT THE TIME OF THIS WRITING, THE PERMANENT REPAIR OF THE PIPELINE SEGMENT IS SCHEDULED AND THE ROOT CAUSE FAILURE ANALYSIS WILL BE CONDUCTED PENDING THE REMOVAL OF THE DAMAGED PIPE. THE REPLACEMENT PIPE HAS BEEN FABRICATED, SCHEDULED FOR HYDRO, AND INSTALLATION SCHEDULED FOR THE 2ND WEEK OF FEBRUARY. THE RESULTING INFORMATION RELATED TO THE CAUSE OF THE LEAK AND COSTS ASSOCIATED WITH REPAIRING THE PIPELINE WILL BE SUBMITTED VIA SUPPLEMENTAL REPORT(S).    SUPPLEMENTAL FILED ON 03/10/2021:  UPDATED PART A4, D6A, AND D6C. DURING THE ROOT CAUSE ANALYSIS, CPL IDENTIFIED THE LEAK AS EXTERNAL CORROSION CAUSED BY DISBONDED COATING WHICH SHIELDED THE PIPELINE FROM CATHODIC PROTECTION AND ALLOWED A CORROSION CELL TO FORM. UPON EXCAVATION, CPL DISCOVERED THE POORLY ADHERED COAL TAR COATING, CAUSED BY AGE AND SOIL STRESS, EXTENDED BEYOND THE IMMEDIATE LEAK LOCATION. CPL REPLACED 700 FEET OF PIPE AFFECTED BY THE DISBONDED COATING AND BELIEVES THE PIPE REPLACEMENT WILL PREVENT THE OCCURRENCE OF SIMILAR ACCIDENTS.