REPORT_RECEIVED_DATE	IYEAR	REPORT_NUMBER	SUPPLEMENTAL_NUMBER	REPORT_TYPE	OPERATOR_ID	NAME	OPERATOR_STREET_ADDRESS	OPERATOR_CITY_NAME	OPERATOR_STATE_ABBREVIATION	OPERATOR_POSTAL_CODE	LOCAL_DATETIME	TIME_ZONE	DAYLIGHT_SAVINGS_IND	LOCATION_LATITUDE	LOCATION_LONGITUDE	COMMODITY_RELEASED_TYPE	COMMODITY_SUBTYPE	COMMODITY_DETAILS	UNINTENTIONAL_RELEASE_BBLS	INTENTIONAL_RELEASE_BBLS	RECOVERED_BBLS	FATALITY_IND	NUM_EMP_FATALITIES	NUM_CONTR_FATALITIES	NUM_ER_FATALITIES	NUM_WORKER_FATALITIES	NUM_GP_FATALITIES	FATAL	INJURY_IND	NUM_EMP_INJURIES	NUM_CONTR_INJURIES	NUM_ER_INJURIES	NUM_WORKER_INJURIES	NUM_GP_INJURIES	INJURE	ACCIDENT_IDENTIFIER	ACCIDENT_DETAILS	OPERATOR_TYPE	INCIDENT_IDENTIFIED_DATETIME	ON_OFF_SHORE	COMMUNICATION_STATE_FED_IND	PARTY_INITIATED_COMMUNICATION	INITIAL_RESPONDER_COM_DATETIME	ON_SITE_DATETIME	NRC_RPT_DATETIME	NRC_RPT_NUM	ADDITIONAL_NRC_REPORT_NUMBERS	IGNITE_IND	IGNITE_DATETIME	HOW_EXTINGUISHED	HOW_EXTINGUISHED_OTHER_DETAIL	PRODUCT_CONSUMED_BY_FIRE_BBLS	EXPLODE_IND	OIL_SPILL_RESP_PLAN_IND	OSRO_MOBILIZED_IND	OSRO_OPERATOR_NOTIFIED_DT	OSRO_ARRIVED_ON_SITE_DT	NUM_PUB_EVACUATED	ONSHORE_STATE_ABBREVIATION	ONSHORE_CITY_NAME	ONSHORE_COUNTY_NAME	FEDERAL	LOCATION_TYPE	CROSSING	BRIDGE_CROSSING_IND	BRIDGE_TYPE	RAILROAD_CROSSING_IND	RAILROAD_TYPE	ROAD_CROSSING_IND	ROAD_TYPE	WATER_CROSSING_IND	WATER_TYPE	WATER_NAME	WATER_DEPTH	WATER_SUBTYPE	YEAR_RECENT_ENG_EVALUATION	OFF_ACCIDENT_ORIGIN	OFFSHORE_STATE_ABBREVIATION	OFF_INSTATE_AREA	OFF_INSTATE_BLOCK	OFFSHORE_COUNTY_NAME	OCS_TYPE	OFF_OCS_AREA	OFF_OCS_BLOCK	ITEM_INVOLVED	PIPE_TYPE	JOINT_SUBTYPE	ITEM_INVOLVED_DETAILS	PIPE_DIAMETER	MATERIAL_INVOLVED	MATERIAL_DETAILS	PERCENT_PIPE_SMYS	CLASSIFICATION_PIPELINE_SYSTEM	WILDLIFE_IMPACT_IND	FISH_AQUATIC_IMPACT_IND	BIRDS_IMPACT_IND	TERRESTRIAL_IMPACT_IND	SOIL_CONTAMINATION	LONG_TERM_ASSESSMENT	REMEDIATION_IND	SURFACE_WATER_REMED_IND	GROUNDWATER_REMED_IND	SOIL_REMED_IND	VEGETATION_REMED_IND	WILDLIFE_REMED_IND	WATER_CONTAM_IND	OCEAN_SEAWATER_IND	SURFACE_CONTAM_IND	GROUNDWATER_CONTAM_IND	DRINKING_WATER_CONTAM_IND	PRIVATE_WELL_CONTAM_IND	PUBLIC_WATER_CONTAM_IND	AMOUNT_RELEASED_BBLS	REL_WATER_NAME	EST_COST_OPER_PAID	EST_COST_GAS_RELEASED	EST_COST_PROP_DAMAGE	EST_COST_EMERGENCY	EST_COST_ENVIRONMENTAL	EST_COST_OTHER	EST_COST_OTHER_DETAILS	PRPTY	NUM_PERSONS_HOSP_NOT_OVNGHT	NUM_INJURED_TREATED_BY_EMT	NUM_RESIDENT_BUILDING_AFFCTD	NUM_BUSINESS_BUILDING_AFFCTD	CAUSE	CAUSE_DETAILS	PREPARER_NAME	PREPARER_TITLE	PREPARER_EMAIL	PREPARER_TELEPHONE	PREPARER_FAX	LOCAL_CONTACT_NAME	LOCAL_CONTACT_EMAIL	LOCAL_CONTACT_TELEPHONE	NARRATIVE
7/20/2023	2023	20230059	38878	SUPPLEMENTAL FINAL	32103	CRIMSON PIPELINE L.P.	1900 MAIN STREET SUITE #600	IRVINE	CA	92614	7/5/2023 15:51	PACIFIC	YES	36.184444	-120.390278	CRUDE OIL			0.5		0.5	NO						0	NO						0	LOCAL OPERATING PERSONNEL, INCLUDING CONTRACTORS		CONTRACTOR WORKING FOR THE OPERATOR	7/5/2023 15:25	ONSHORE	YES	OPERATOR	7/5/2023 15:51	7/5/2023 15:25	7/5/2023 15:51	1372199		NO						YES	YES	7/5/2023 15:25	7/5/2023 16:25	0	CA	COALINGA	FRESNO	NO	PIPELINE RIGHT-OF-WAY	NO																					PIPE	PIPE BODY			6.625	CARBON STEEL		0.01	REPORTING-REGULATED GATHERING	YES	YES			YES	NO	NO						NO									0	39	4313	159968	0	0		164320	0	0	0	0	CORROSION FAILURE	INTERNAL CORROSION	NATHAN CONNELY	REGULATORY COORDINATOR	nconnely@crimsonpl.com	562-991-0116	562-285-4141	NATHAN CONNELY	nconnely@crimsonpl.com	562-991-0116	ON JULY 5TH, 2023, CONTRACTOR IDENTIFIED A POTENTIAL RELEASE AND NOTIFIED CRIMSON CONTROL CENTER. CONTROL CENTER HAD NO INDICATION FROM LEAK DETECTION OF ANY ABNORMAL ACTIVITY ON OUT PIPELINE. OPERATIONS WAS DISPATCHED TO THE LOCATION, UPON ARRIVAL OPERATIONS LOCATED AN OUT OF SERVICE PIPELINE C6-2 WITH EVIDENCE OF A RELEASE OF CRUDE OIL ON THE GROUND. ESTIMATED .5 BBL. QUALIFIED INDIVIDUAL FOR CRIMSON NOTIFIED OES AND NRC AND DISPATCHED CRIMSON OSRO'S. AT THE TIME THERE WAS NO EVIDENCE OF AN ACTIVE RELEASE. CRUDE OIL VISIBLE WAS NOT INCREASING.